t_s,enc_as5600_deg,acc_deg,clar_counts,clar_deg,a_belt,v_belt,axW,ayW,azW,cmd_sps,cmd_dir,cmd_vel,cam_t_s,cam_x_mm,cam_y_mm,cam_dx_mm,cam_dy_mm,cam_vx_mm,cam_vy_mm
0.03169,215.947,0.000,0,0.000,0.006,0.007,0.008,0.006,0.002,2500.0,1,2500.0,0.008,0.00,0.00,0.00,0.00,0.00,0.00
0.04192,215.947,0.000,0,0.000,0.008,0.007,0.007,0.008,0.002,2500.0,1,2500.0,0.014,0.00,0.00,0.00,0.00,0.00,0.00
0.05197,215.947,0.000,0,0.000,0.008,0.007,0.005,0.008,-0.001,2500.0,1,2500.0,0.025,0.00,0.00,0.00,0.00,0.00,0.00
0.06220,215.947,0.000,0,0.000,0.008,0.008,0.007,0.008,-0.005,2500.0,1,2500.0,0.025,0.00,0.00,0.00,0.00,0.00,0.00
0.08161,215.947,0.000,0,0.000,0.006,0.008,0.004,0.006,-0.006,2500.0,1,2500.0,0.063,0.00,0.00,0.00,0.00,0.00,0.00
0.09184,215.859,-0.088,0,0.000,0.007,0.008,0.003,0.007,-0.005,2500.0,1,2500.0,0.074,0.00,0.00,0.00,0.00,0.00,0.00
0.10189,215.947,0.000,0,0.000,0.005,0.008,0.000,0.005,-0.005,2500.0,1,2500.0,0.074,0.00,0.00,0.00,0.00,0.00,0.00
0.13263,215.947,0.000,0,0.000,0.005,0.008,0.002,0.005,-0.001,2500.0,1,2500.0,0.098,0.00,0.00,0.00,0.00,0.00,0.00
0.15163,215.859,-0.088,0,0.000,0.007,0.008,0.004,0.007,0.002,2500.0,1,2500.0,0.137,0.00,0.00,0.00,0.00,0.00,0.00
0.31569,215.947,0.000,0,0.000,0.004,0.009,0.006,0.004,-0.001,2500.0,1,2500.0,0.147,0.00,0.00,0.00,0.00,0.00,0.00
0.33444,215.859,-0.088,0,0.000,0.003,0.009,0.005,0.003,0.000,2500.0,1,2500.0,0.147,0.00,0.00,0.00,0.00,0.00,0.00
0.35153,215.947,0.000,0,0.000,0.000,0.009,0.004,0.000,0.000,2500.0,1,2500.0,0.331,0.00,0.00,0.00,0.00,0.00,0.00
0.37111,215.947,0.000,0,0.000,0.003,0.009,0.002,0.003,0.000,2500.0,1,2500.0,0.345,0.00,0.00,0.00,0.00,0.00,0.00
0.38116,215.859,-0.088,0,0.000,0.004,0.009,0.002,0.004,-0.001,2500.0,1,2500.0,0.345,0.00,0.00,0.00,0.00,0.00,0.00
0.39139,215.859,-0.088,0,0.000,0.005,0.009,0.004,0.005,-0.002,2500.0,1,2500.0,0.367,0.00,0.00,0.00,0.00,0.00,0.00
0.40145,216.035,0.088,0,0.000,0.004,0.009,0.005,0.004,-0.001,2500.0,1,2500.0,0.378,0.00,0.00,0.00,0.00,0.00,0.00
0.42105,215.947,0.000,0,0.000,0.004,0.009,0.005,0.004,0.000,2500.0,1,2500.0,0.401,0.00,0.00,0.00,0.00,0.00,0.00
0.43109,215.947,0.000,0,0.000,0.007,0.009,0.008,0.007,0.000,2500.0,1,2500.0,0.401,0.00,0.00,0.00,0.00,0.00,0.00
0.44131,215.947,0.000,0,0.000,0.007,0.009,0.010,0.007,-0.001,2500.0,1,2500.0,0.413,0.00,0.00,0.00,0.00,0.00,0.00
0.45274,215.859,-0.088,0,0.000,0.007,0.009,0.010,0.007,0.000,2500.0,1,2500.0,0.424,0.00,0.00,0.00,0.00,0.00,0.00
0.47139,215.859,-0.088,0,0.000,0.008,0.009,0.000,0.008,-0.004,2500.0,1,2500.0,0.449,0.00,0.00,0.00,0.00,0.00,0.00
0.49097,215.947,0.000,0,0.000,0.007,0.010,0.003,0.007,-0.001,2500.0,1,2500.0,0.462,0.00,0.00,0.00,0.00,0.00,0.00
0.50103,215.859,-0.088,0,0.000,0.008,0.010,0.004,0.008,0.000,2500.0,1,2500.0,0.479,0.00,0.00,0.00,0.00,0.00,0.00
0.51125,215.947,0.000,0,0.000,0.005,0.010,0.004,0.005,-0.001,2500.0,1,2500.0,0.489,0.00,0.00,0.00,0.00,0.00,0.00
0.52131,215.947,0.000,0,0.000,0.005,0.010,0.004,0.005,-0.001,2500.0,1,2500.0,0.489,0.00,0.00,0.00,0.00,0.00,0.00
0.54089,215.947,0.000,0,0.000,0.004,0.010,0.002,0.004,-0.001,2500.0,1,2500.0,0.517,0.00,0.00,0.00,0.00,0.00,0.00
0.55094,215.859,-0.088,0,0.000,0.004,0.010,0.002,0.004,0.000,2500.0,1,2500.0,0.530,0.00,0.00,0.00,0.00,0.00,0.00
0.56117,215.947,0.000,0,0.000,0.003,0.010,0.004,0.003,-0.001,2500.0,1,2500.0,0.542,0.00,0.00,0.00,0.00,0.00,0.00
0.57123,215.859,-0.088,0,0.000,0.003,0.010,0.005,0.003,-0.002,2500.0,1,2500.0,0.555,0.00,0.00,0.00,0.00,0.00,0.00
0.59084,215.859,-0.088,0,0.000,0.007,0.010,0.006,0.007,0.000,2500.0,1,2500.0,0.566,0.00,0.00,0.00,0.00,0.00,0.00
0.60089,215.947,0.000,0,0.000,0.008,0.010,0.008,0.008,0.000,2500.0,1,2500.0,0.582,0.00,0.00,0.00,0.00,0.00,0.00
0.61112,215.947,0.000,0,0.000,0.007,0.010,0.008,0.007,0.000,2500.0,1,2500.0,0.590,0.00,0.00,0.00,0.00,0.00,0.00
0.62117,215.859,-0.088,0,0.000,0.006,0.010,0.007,0.006,0.001,2500.0,1,2500.0,0.605,0.00,0.00,0.00,0.00,0.00,0.00
0.64076,215.947,0.000,0,0.000,0.005,0.010,0.010,0.005,0.000,2500.0,1,2500.0,0.611,0.00,0.00,0.00,0.00,0.00,0.00
0.65081,215.947,0.000,0,0.000,0.005,0.010,0.010,0.005,0.000,2500.0,1,2500.0,0.622,0.00,0.00,0.00,0.00,0.00,0.00
0.66104,215.947,0.000,0,0.000,0.006,0.010,0.009,0.006,0.004,2500.0,1,2500.0,0.636,0.00,0.00,0.00,0.00,0.00,0.00
0.67109,215.947,0.000,0,0.000,0.004,0.010,0.006,0.004,0.003,2500.0,1,2500.0,0.649,0.00,0.00,0.00,0.00,0.00,0.00
0.69069,215.947,0.000,0,0.000,0.003,0.011,0.005,0.003,0.004,2500.0,1,2500.0,0.673,0.00,0.00,0.00,0.00,0.00,0.00
0.70073,215.947,0.000,0,0.000,0.003,0.011,0.005,0.003,0.003,2500.0,1,2500.0,0.673,0.00,0.00,0.00,0.00,0.00,0.00
0.71106,215.947,0.000,0,0.000,0.004,0.011,0.007,0.004,0.005,2500.0,1,2500.0,0.691,0.00,0.00,0.00,0.00,0.00,0.00
0.73035,215.859,-0.088,0,0.000,0.004,0.011,0.006,0.004,0.002,2500.0,1,2500.0,0.702,0.00,0.00,0.00,0.00,0.00,0.00
0.74057,215.859,-0.088,0,0.000,0.006,0.011,0.007,0.006,0.004,2500.0,1,2500.0,0.718,0.00,0.00,0.00,0.00,0.00,0.00
0.75063,215.859,-0.088,0,0.000,0.008,0.011,0.005,0.008,0.005,2500.0,1,2500.0,0.724,0.00,0.00,0.00,0.00,0.00,0.00
0.76085,215.947,0.000,0,0.000,0.008,0.011,0.006,0.008,0.003,2500.0,1,2500.0,0.738,0.00,0.00,0.00,0.00,0.00,0.00
0.77091,215.947,0.000,0,0.000,0.010,0.011,0.008,0.010,0.005,2500.0,1,2500.0,0.748,0.00,0.00,0.00,0.00,0.00,0.00
0.79049,215.859,-0.088,0,0.000,0.011,0.011,0.008,0.011,0.006,2500.0,1,2500.0,0.759,0.00,0.00,0.00,0.00,0.00,0.00
0.80054,215.947,0.000,0,0.000,0.007,0.011,0.004,0.007,0.010,2500.0,1,2500.0,0.773,0.00,0.00,0.00,0.00,0.00,0.00
0.81077,215.859,-0.088,0,0.000,0.005,0.011,0.001,0.005,0.008,2500.0,1,2500.0,0.788,0.00,0.00,0.00,0.00,0.00,0.00
0.82082,215.859,-0.088,0,0.000,0.005,0.011,0.001,0.005,0.009,2500.0,1,2500.0,0.798,0.00,0.00,0.00,0.00,0.00,0.00
0.84032,215.947,0.000,0,0.000,0.005,0.011,0.004,0.005,0.005,2500.0,1,2500.0,0.810,0.00,0.00,0.00,0.00,0.00,0.00
0.85055,215.947,0.000,0,0.000,0.005,0.012,0.002,0.005,0.004,2500.0,1,2500.0,0.826,0.00,0.00,0.00,0.00,0.00,0.00
0.86061,215.947,0.000,0,0.000,0.005,0.012,0.003,0.005,0.005,2500.0,1,2500.0,0.826,0.00,0.00,0.00,0.00,0.00,0.00
0.87083,215.859,-0.088,0,0.000,0.005,0.012,0.004,0.005,0.004,2500.0,1,2500.0,0.843,0.00,0.00,0.00,0.00,0.00,0.00
0.89025,216.035,0.088,0,0.000,0.007,0.012,0.004,0.007,0.002,2500.0,1,2500.0,0.864,0.00,0.00,0.00,0.00,0.00,0.00
0.90047,215.859,-0.088,0,0.000,0.007,0.012,0.005,0.007,0.004,2500.0,1,2500.0,0.880,0.00,0.00,0.00,0.00,0.00,0.00
0.91054,215.947,0.000,0,0.000,0.009,0.012,0.007,0.009,0.001,2500.0,1,2500.0,0.893,0.00,0.00,0.00,0.00,0.00,0.00
0.93011,215.859,-0.088,0,0.000,0.007,0.012,0.007,0.007,0.000,2500.0,1,2500.0,0.903,0.00,0.00,0.00,0.00,0.00,0.00
0.94016,215.947,0.000,0,0.000,0.007,0.012,0.007,0.007,0.001,2500.0,1,2500.0,0.916,0.00,0.00,0.00,0.00,0.00,0.00
0.95039,215.947,0.000,0,0.000,0.010,0.012,0.004,0.010,0.002,2500.0,1,2500.0,0.929,0.00,0.00,0.00,0.00,0.00,0.00
0.96053,215.947,0.000,0,0.000,0.011,0.012,0.002,0.011,0.002,2500.0,1,2500.0,0.943,0.00,0.00,0.00,0.00,0.00,0.00
0.98004,215.859,-0.088,0,0.000,0.010,0.013,0.004,0.010,0.002,2500.0,1,2500.0,0.952,0.00,0.00,0.00,0.00,0.00,0.00
0.99009,215.859,-0.088,0,0.000,0.008,0.013,0.004,0.008,0.003,2500.0,1,2500.0,0.967,0.00,0.00,0.00,0.00,0.00,0.00
1.00032,215.332,-0.615,0,0.000,0.010,0.013,0.004,0.010,0.003,2500.0,1,2500.0,0.978,0.00,0.00,0.00,0.00,0.00,0.00
1.01037,190.195,-25.752,0,0.000,1.841,0.032,-0.223,1.841,0.160,2500.0,1,2500.0,0.989,0.00,0.00,0.00,0.00,0.00,0.00
1.02996,141.152,-74.795,0,0.000,0.284,0.045,-0.093,0.284,0.067,2500.0,1,2500.0,1.001,0.00,0.00,0.00,0.00,0.00,0.00
1.04001,116.543,-99.404,0,0.000,0.450,0.050,0.134,0.450,0.020,2500.0,1,2500.0,1.013,0.00,0.00,0.00,0.00,0.00,0.00
1.05024,95.537,-120.410,0,0.000,0.281,0.053,-0.017,0.281,-0.010,0.0,1,0.0,1.023,0.00,0.00,0.00,0.00,0.00,0.00
1.06029,96.152,-119.795,0,0.000,-1.507,0.037,0.260,-1.507,-0.023,0.0,1,0.0,1.040,-0.48,-0.26,-0.48,-0.26,-30.43,-16.36
1.07988,95.977,-119.971,0,0.000,-0.916,0.016,-0.089,-0.916,-0.051,0.0,1,0.0,1.060,6.07,-0.41,0.58,-0.74,58.86,-75.63
1.09002,96.064,-119.883,0,0.000,-0.788,0.008,-0.034,-0.788,-0.009,0.0,1,0.0,1.071,9.28,-0.26,3.21,0.15,261.84,12.28
1.11006,96.152,-119.795,0,0.000,-0.427,-0.003,0.063,-0.427,0.002,0.0,1,0.0,1.084,11.20,-0.31,1.92,-0.05,164.60,-4.52
1.12029,96.064,-119.883,0,0.000,-0.415,-0.007,-0.046,-0.415,-0.010,0.0,1,0.0,1.102,11.61,0.09,0.41,0.41,33.47,33.18
1.13034,95.977,-119.971,0,0.000,-0.226,-0.009,0.053,-0.226,-0.035,0.0,1,0.0,1.109,12.51,1.24,0.90,1.15,67.01,85.06
1.14992,96.064,-119.883,0,0.000,-0.110,-0.013,0.004,-0.110,-0.036,0.0,1,0.0,1.120,12.73,0.73,0.22,-0.50,17.95,-42.00
1.15998,96.064,-119.883,0,0.000,-0.199,-0.015,-0.060,-0.199,0.001,0.0,1,0.0,1.139,12.38,0.33,-0.35,-0.41,-19.70,-22.76
1.17020,95.977,-119.971,0,0.000,-0.035,-0.015,-0.045,-0.035,-0.023,0.0,1,0.0,1.150,12.65,0.85,0.28,0.52,24.99,47.27
1.18026,96.064,-119.883,0,0.000,-0.127,-0.017,-0.086,-0.127,-0.009,0.0,1,0.0,1.150,12.65,0.85,0.28,0.52,24.99,47.27
1.19984,96.152,-119.795,0,0.000,-0.042,-0.017,-0.073,-0.042,0.001,0.0,1,0.0,1.174,12.56,0.73,-0.18,-0.23,-18.57,-23.02
1.20990,96.152,-119.795,0,0.000,0.019,-0.017,0.004,0.019,-0.002,0.0,1,0.0,1.187,12.66,0.98,0.10,0.25,8.31,20.72
1.22018,96.152,-119.795,0,0.000,0.014,-0.017,-0.019,0.014,0.017,0.0,1,0.0,1.197,12.66,0.98,0.00,0.00,0.00,0.00
1.23969,96.152,-119.795,0,0.000,0.051,-0.016,0.028,0.051,0.010,0.0,1,0.0,1.209,12.58,0.98,-0.08,0.00,-6.07,0.00
1.24975,96.064,-119.883,0,0.000,0.078,-0.015,0.069,0.078,0.007,0.0,1,0.0,1.226,12.58,1.04,0.00,0.07,0.00,5.43
1.25997,96.064,-119.883,0,0.000,0.072,-0.014,0.059,0.072,0.002,0.0,1,0.0,1.234,12.43,1.04,-0.16,0.00,-13.32,0.00
1.27003,96.064,-119.883,0,0.000,0.077,-0.013,0.072,0.077,0.004,0.0,1,0.0,1.252,12.43,1.04,0.00,0.00,0.00,0.00
1.28961,95.977,-119.971,0,0.000,0.065,-0.012,0.052,0.065,0.001,0.0,1,0.0,1.261,12.43,1.04,0.00,0.00,0.00,0.00
1.29967,96.152,-119.795,0,0.000,0.063,-0.011,0.019,0.063,0.008,0.0,1,0.0,1.276,12.38,1.04,-0.05,0.00,-3.75,0.00
1.30989,96.064,-119.883,0,0.000,0.049,-0.011,0.014,0.049,0.001,0.0,1,0.0,1.291,12.45,1.04,0.08,0.00,5.10,0.00
1.31995,96.064,-119.883,0,0.000,0.042,-0.010,-0.011,0.042,0.002,0.0,1,0.0,1.300,12.45,1.04,0.00,0.00,0.00,0.00
1.33953,96.064,-119.883,0,0.000,0.019,-0.010,-0.037,0.019,0.007,0.0,1,0.0,1.312,12.45,1.04,0.00,0.00,0.00,0.00
1.34995,96.064,-119.883,0,0.000,0.008,-0.010,-0.040,0.008,0.007,0.0,1,0.0,1.312,12.45,1.04,0.00,0.00,0.00,0.00
1.36989,96.064,-119.883,0,0.000,-0.007,-0.010,-0.034,-0.007,0.003,0.0,1,0.0,1.344,12.45,1.04,0.00,0.00,0.00,0.00
1.38948,96.064,-119.883,0,0.000,-0.006,-0.010,0.000,-0.006,0.000,0.0,1,0.0,1.365,12.50,1.04,0.00,0.00,0.00,0.00
1.39953,95.977,-119.971,0,0.000,0.001,-0.010,0.014,0.001,-0.004,0.0,1,0.0,1.380,12.50,1.04,0.00,0.00,0.00,0.00
1.40978,95.977,-119.971,0,0.000,0.014,-0.010,0.025,0.014,-0.002,0.0,1,0.0,1.390,12.50,1.04,0.00,0.00,0.00,0.00
1.41981,96.064,-119.883,0,0.000,0.025,-0.010,0.034,0.025,-0.004,0.0,1,0.0,1.390,12.50,1.04,0.00,0.00,0.00,0.00
1.43940,96.064,-119.883,0,0.000,0.061,-0.009,0.036,0.061,-0.002,0.0,1,0.0,1.415,12.50,1.04,0.00,0.00,0.00,0.00
1.44945,96.064,-119.883,0,0.000,0.072,-0.008,0.030,0.072,0.000,0.0,1,0.0,1.426,12.50,1.04,0.00,0.00,0.00,0.00
1.45968,96.152,-119.795,0,0.000,0.075,-0.007,0.026,0.075,0.000,0.0,1,0.0,1.438,12.50,1.04,0.00,0.00,0.00,0.00
1.46975,96.064,-119.883,0,0.000,0.076,-0.006,0.016,0.076,-0.001,0.0,1,0.0,1.448,12.50,1.04,0.00,0.00,0.00,0.00
1.48403,96.064,-119.883,0,0.000,0.069,-0.005,0.012,0.069,-0.001,0.0,1,0.0,1.463,12.50,1.04,0.00,0.00,0.00,0.00
1.49968,96.064,-119.883,0,0.000,0.048,-0.004,0.001,0.048,0.001,0.0,1,0.0,1.472,12.50,1.04,0.00,0.00,0.00,0.00
1.51909,95.977,-119.971,0,0.000,0.019,-0.004,-0.007,0.019,-0.004,0.0,1,0.0,1.498,12.50,1.04,0.00,0.00,0.00,0.00
1.52933,96.064,-119.883,0,0.000,0.009,-0.004,-0.013,0.009,-0.005,0.0,1,0.0,1.509,12.50,1.04,0.00,0.00,0.00,0.00
1.53937,95.977,-119.971,0,0.000,0.000,-0.004,-0.010,0.000,-0.006,0.0,1,0.0,1.509,12.50,1.04,0.00,0.00,0.00,0.00
1.54960,96.152,-119.795,0,0.000,-0.004,-0.004,-0.007,-0.004,-0.008,0.0,1,0.0,1.520,12.50,1.04,0.00,0.00,0.00,0.00
1.56901,96.064,-119.883,0,0.000,-0.004,-0.004,-0.001,-0.004,-0.004,0.0,1,0.0,1.547,12.50,1.04,0.00,0.00,0.00,0.00
1.57924,96.064,-119.883,0,0.000,0.005,-0.004,0.002,0.005,-0.004,0.0,1,0.0,1.560,12.50,1.04,0.00,0.00,0.00,0.00
1.58929,96.064,-119.883,0,0.000,0.017,-0.004,0.004,0.017,-0.001,0.0,1,0.0,1.560,12.50,1.04,0.00,0.00,0.00,0.00
1.59952,95.977,-119.971,0,0.000,0.026,-0.003,0.008,0.026,0.000,0.0,1,0.0,1.575,12.50,1.04,0.00,0.00,0.00,0.00
1.61938,96.064,-119.883,0,0.000,0.050,-0.003,0.009,0.050,0.006,0.0,1,0.0,1.599,12.50,1.04,0.00,0.00,0.00,0.00
1.62944,96.152,-119.795,0,0.000,0.055,-0.002,0.012,0.055,0.007,0.0,1,0.0,1.599,12.50,1.04,0.00,0.00,0.00,0.00
1.64902,96.064,-119.883,0,0.000,0.060,-0.001,0.016,0.060,0.005,0.0,1,0.0,1.625,12.50,1.04,0.00,0.00,0.00,0.00
1.65907,96.152,-119.795,0,0.000,0.056,-0.000,0.017,0.056,0.005,0.0,1,0.0,1.637,12.50,1.04,0.00,0.00,0.00,0.00
1.66930,96.240,-119.707,0,0.000,0.048,0.000,0.017,0.048,0.007,0.0,1,0.0,1.648,12.50,1.04,0.00,0.00,0.00,0.00
1.67936,96.152,-119.795,0,0.000,0.037,0.001,0.018,0.037,0.004,0.0,1,0.0,1.658,12.50,1.04,0.00,0.00,0.00,0.00
1.69894,95.977,-119.971,0,0.000,0.016,0.001,0.011,0.016,0.000,0.0,1,0.0,1.672,12.50,1.04,0.00,0.00,0.00,0.00
1.70899,96.064,-119.883,0,0.000,0.010,0.001,0.006,0.010,0.003,0.0,1,0.0,1.686,12.50,1.04,0.00,0.00,0.00,0.00
1.71922,96.064,-119.883,0,0.000,0.005,0.001,0.002,0.005,0.002,0.0,1,0.0,1.696,12.50,1.04,0.00,0.00,0.00,0.00
1.72927,96.064,-119.883,0,0.000,0.005,0.001,-0.004,0.005,-0.001,0.0,1,0.0,1.711,12.50,1.04,0.00,0.00,0.00,0.00
1.74886,96.064,-119.883,0,0.000,0.010,0.001,-0.013,0.010,0.000,0.0,1,0.0,1.721,12.50,1.04,0.00,0.00,0.00,0.00
1.75891,96.064,-119.883,0,0.000,0.020,0.002,-0.012,0.020,0.002,0.0,1,0.0,1.730,12.50,1.04,0.00,0.00,0.00,0.00
1.76914,96.064,-119.883,0,0.000,0.027,0.002,-0.010,0.027,0.002,0.0,1,0.0,1.745,12.50,1.04,0.00,0.00,0.00,0.00
1.77919,96.064,-119.883,0,0.000,0.034,0.002,-0.006,0.034,0.006,0.0,1,0.0,1.756,12.50,1.04,0.00,0.00,0.00,0.00
1.79878,96.064,-119.883,0,0.000,0.042,0.003,0.001,0.042,0.003,0.0,1,0.0,1.779,12.50,1.04,0.00,0.00,0.00,0.00
1.80885,96.152,-119.795,0,0.000,0.042,0.003,0.012,0.042,0.005,0.0,1,0.0,1.790,12.50,1.04,0.00,0.00,0.00,0.00
1.81908,96.152,-119.795,0,0.000,0.042,0.004,0.021,0.042,0.004,0.0,1,0.0,1.801,12.50,1.04,0.00,0.00,0.00,0.00
1.82911,96.064,-119.883,0,0.000,0.040,0.004,0.026,0.040,0.000,0.0,1,0.0,1.801,12.50,1.04,0.00,0.00,0.00,0.00
1.84870,96.064,-119.883,0,0.000,0.036,0.005,0.028,0.036,-0.001,0.0,1,0.0,1.821,12.50,1.04,0.00,0.00,0.00,0.00
1.85875,96.064,-119.883,0,0.000,0.031,0.005,0.022,0.031,-0.001,0.0,1,0.0,1.834,12.50,1.04,0.00,0.00,0.00,0.00
1.86896,96.152,-119.795,0,0.000,0.027,0.005,0.013,0.027,0.000,0.0,1,0.0,1.845,12.50,1.04,0.00,0.00,0.00,0.00
1.88889,96.064,-119.883,0,0.000,0.020,0.006,0.004,0.020,0.000,0.0,1,0.0,1.872,12.50,1.04,0.00,0.00,0.00,0.00
1.90848,96.152,-119.795,0,0.000,0.012,0.006,-0.004,0.012,0.001,0.0,1,0.0,1.881,12.50,1.04,0.00,0.00,0.00,0.00
1.91853,96.064,-119.883,0,0.000,0.012,0.006,-0.007,0.012,0.000,0.0,1,0.0,1.894,12.50,1.04,0.00,0.00,0.00,0.00
1.92876,96.064,-119.883,0,0.000,0.011,0.006,-0.011,0.011,0.001,0.0,1,0.0,1.906,12.50,1.04,0.00,0.00,0.00,0.00
1.93881,96.064,-119.883,0,0.000,0.012,0.007,-0.008,0.012,-0.001,0.0,1,0.0,1.915,12.50,1.04,0.00,0.00,0.00,0.00
1.95839,96.064,-119.883,0,0.000,0.014,0.007,0.005,0.014,-0.003,0.0,1,0.0,1.935,12.50,1.04,0.00,0.00,0.00,0.00
1.96846,96.064,-119.883,0,0.000,0.019,0.007,0.011,0.019,0.001,0.0,1,0.0,1.949,12.50,1.04,0.00,0.00,0.00,0.00
1.97868,95.977,-119.971,0,0.000,0.022,0.007,0.017,0.022,0.003,0.0,1,0.0,1.949,12.50,1.04,0.00,0.00,0.00,0.00
1.98873,96.064,-119.883,0,0.000,0.027,0.007,0.019,0.027,0.004,0.0,1,0.0,1.960,12.50,1.04,0.00,0.00,0.00,0.00
2.00831,96.152,-119.795,0,0.000,0.036,0.008,0.019,0.036,-0.001,0.0,1,0.0,1.986,12.50,1.04,0.00,0.00,0.00,0.00
2.01837,95.977,-119.971,0,0.000,0.036,0.009,0.017,0.036,0.000,0.0,1,0.0,2.000,12.50,1.04,0.00,0.00,0.00,0.00
2.02860,96.152,-119.795,0,0.000,0.036,0.009,0.014,0.036,0.003,0.0,1,0.0,2.000,12.50,1.04,0.00,0.00,0.00,0.00
2.03865,96.064,-119.883,0,0.000,0.034,0.009,0.014,0.034,0.002,0.0,1,0.0,2.015,12.50,1.04,0.00,0.00,0.00,0.00
2.05823,96.064,-119.883,0,0.000,0.029,0.010,0.002,0.029,0.002,0.0,1,0.0,2.035,12.50,1.04,0.00,0.00,0.00,0.00
2.06829,96.064,-119.883,0,0.000,0.029,0.010,-0.001,0.029,0.004,0.0,1,0.0,2.046,12.50,1.04,0.00,0.00,0.00,0.00
2.07851,96.064,-119.883,0,0.000,0.023,0.010,-0.003,0.023,-0.001,0.0,1,0.0,2.058,12.50,1.04,0.00,0.00,0.00,0.00
2.08857,96.064,-119.883,0,0.000,0.017,0.011,-0.004,0.017,-0.003,0.0,1,0.0,2.058,12.50,1.04,0.00,0.00,0.00,0.00
2.10815,95.977,-119.971,0,0.000,0.018,0.011,-0.002,0.018,-0.005,0.0,1,0.0,2.088,12.50,1.04,0.00,0.00,0.00,0.00
2.11821,96.064,-119.883,0,0.000,0.017,0.011,0.000,0.017,-0.008,0.0,1,0.0,2.099,12.50,1.04,0.00,0.00,0.00,0.00
2.12852,96.152,-119.795,0,0.000,0.019,0.011,0.004,0.019,-0.004,0.0,1,0.0,2.099,12.50,1.04,0.00,0.00,0.00,0.00
2.14834,96.064,-119.883,0,0.000,0.027,0.012,0.006,0.027,-0.011,0.0,1,0.0,2.126,12.50,1.04,0.00,0.00,0.00,0.00
2.15857,96.152,-119.795,0,0.000,0.027,0.012,0.007,0.027,-0.006,0.0,1,0.0,2.139,12.50,1.04,0.00,0.00,0.00,0.00
2.17798,96.064,-119.883,0,0.000,0.035,0.013,0.011,0.035,0.001,0.0,1,0.0,2.150,12.50,1.04,0.00,0.00,0.00,0.00
2.18821,96.064,-119.883,0,0.000,0.036,0.013,0.010,0.036,0.007,0.0,1,0.0,2.165,12.50,1.04,0.00,0.00,0.00,0.00
2.19826,96.152,-119.795,0,0.000,0.035,0.013,0.010,0.035,0.007,0.0,1,0.0,2.177,12.50,1.04,0.00,0.00,0.00,0.00
2.20849,96.064,-119.883,0,0.000,0.034,0.014,0.008,0.034,0.008,0.0,1,0.0,2.185,12.50,1.04,0.00,0.00,0.00,0.00
2.22790,96.240,-119.707,0,0.000,0.028,0.014,0.003,0.028,0.011,0.0,1,0.0,2.201,12.50,1.04,0.00,0.00,0.00,0.00
2.23813,96.152,-119.795,0,0.000,0.027,0.015,0.004,0.027,0.008,0.0,1,0.0,2.212,12.50,1.04,0.00,0.00,0.00,0.00
2.24818,95.977,-119.971,0,0.000,0.024,0.015,0.004,0.024,0.008,0.0,1,0.0,2.226,12.50,1.04,0.00,0.00,0.00,0.00
2.25841,96.064,-119.883,0,0.000,0.020,0.015,0.006,0.020,0.008,0.0,1,0.0,2.236,12.50,1.04,0.00,0.00,0.00,0.00
2.27782,96.064,-119.883,0,0.000,0.013,0.015,0.005,0.013,0.002,0.0,1,0.0,2.251,12.50,1.04,0.00,0.00,0.00,0.00
2.28805,96.064,-119.883,0,0.000,0.015,0.015,0.006,0.015,0.003,0.0,1,0.0,2.260,12.50,1.04,0.00,0.00,0.00,0.00
2.29810,96.064,-119.883,0,0.000,0.015,0.016,0.005,0.015,0.004,0.0,1,0.0,2.274,12.50,1.04,0.00,0.00,0.00,0.00
2.30833,96.064,-119.883,0,0.000,0.014,0.016,0.007,0.014,0.005,0.0,1,0.0,2.285,12.50,1.04,0.00,0.00,0.00,0.00
2.32774,96.152,-119.795,0,0.000,0.020,0.016,0.011,0.020,0.005,0.0,1,0.0,2.298,12.50,1.04,0.00,0.00,0.00,0.00
2.33797,96.064,-119.883,0,0.000,0.024,0.016,0.010,0.024,0.006,0.0,1,0.0,2.310,12.50,1.04,0.00,0.00,0.00,0.00
2.34802,95.977,-119.971,0,0.000,0.025,0.017,0.010,0.025,0.006,0.0,1,0.0,2.323,12.50,1.04,0.00,0.00,0.00,0.00
2.35825,96.064,-119.883,0,0.000,0.028,0.017,0.011,0.028,0.009,0.0,1,0.0,2.335,12.50,1.04,0.00,0.00,0.00,0.00
2.37768,96.064,-119.883,0,0.000,0.025,0.017,0.013,0.025,0.000,0.0,1,0.0,2.360,12.50,1.04,0.00,0.00,0.00,0.00
2.38813,96.064,-119.883,0,0.000,0.024,0.018,0.015,0.024,0.001,0.0,1,0.0,2.360,12.50,1.04,0.00,0.00,0.00,0.00
2.40789,96.064,-119.883,0,0.000,0.021,0.018,0.014,0.021,-0.006,0.0,1,0.0,2.384,12.50,1.04,0.00,0.00,0.00,0.00
2.41794,96.064,-119.883,0,0.000,0.020,0.018,0.011,0.020,-0.005,0.0,1,0.0,2.397,12.50,1.04,0.00,0.00,0.00,0.00
2.43753,96.064,-119.883,0,0.000,0.016,0.018,0.011,0.016,-0.010,0.0,1,0.0,2.411,12.50,1.04,0.00,0.00,0.00,0.00
2.44758,96.064,-119.883,0,0.000,0.015,0.019,0.011,0.015,-0.012,0.0,1,0.0,2.426,12.50,1.04,0.00,0.00,0.00,0.00
2.45781,96.064,-119.883,0,0.000,0.016,0.019,0.008,0.016,-0.014,0.0,1,0.0,2.426,12.50,1.04,0.00,0.00,0.00,0.00
2.46786,96.064,-119.883,0,0.000,0.018,0.019,0.005,0.018,-0.011,0.0,1,0.0,2.441,12.50,1.04,0.00,0.00,0.00,0.00
2.48745,96.064,-119.883,0,0.000,0.021,0.019,0.008,0.021,-0.001,0.0,1,0.0,2.467,12.50,1.04,0.00,0.00,0.00,0.00
2.49750,96.064,-119.883,0,0.000,0.022,0.020,0.008,0.022,-0.002,0.0,1,0.0,2.479,12.50,1.04,0.00,0.00,0.00,0.00
2.50773,96.152,-119.795,0,0.000,0.025,0.020,0.009,0.025,0.002,0.0,1,0.0,2.491,12.50,1.04,0.00,0.00,0.00,0.00
2.54218,95.977,-119.971,0,0.000,0.026,0.021,0.011,0.026,0.000,0.0,1,0.0,2.502,12.50,1.04,0.00,0.00,0.00,0.00
2.55773,96.064,-119.883,0,0.000,0.023,0.021,0.014,0.023,-0.001,0.0,1,0.0,2.529,12.50,1.04,0.00,0.00,0.00,0.00
2.56778,96.064,-119.883,0,0.000,0.022,0.021,0.014,0.022,0.002,0.0,1,0.0,2.551,12.50,1.04,0.00,0.00,0.00,0.00
2.58737,96.064,-119.883,0,0.000,0.023,0.022,0.007,0.023,0.007,0.0,1,0.0,2.560,12.50,1.04,0.00,0.00,0.00,0.00
2.59742,96.064,-119.883,0,0.000,0.025,0.022,0.004,0.025,0.005,0.0,1,0.0,2.571,12.50,1.04,0.00,0.00,0.00,0.00
2.60765,95.977,-119.971,0,0.000,0.023,0.022,0.003,0.023,0.002,0.0,1,0.0,2.582,12.50,1.04,0.00,0.00,0.00,0.00
2.61770,96.064,-119.883,0,0.000,0.019,0.023,0.001,0.019,0.000,0.0,1,0.0,2.582,12.50,1.04,0.00,0.00,0.00,0.00
2.63729,96.064,-119.883,0,0.000,0.020,0.023,0.000,0.020,0.002,0.0,1,0.0,2.613,12.50,1.04,0.00,0.00,0.00,0.00
2.64734,96.064,-119.883,0,0.000,0.018,0.023,0.001,0.018,0.002,0.0,1,0.0,2.627,12.50,1.04,0.00,0.00,0.00,0.00
2.65757,96.064,-119.883,0,0.000,0.017,0.023,0.005,0.017,-0.003,0.0,1,0.0,2.637,12.50,1.04,0.00,0.00,0.00,0.00
2.75493,96.064,-119.883,0,0.000,0.017,0.025,0.011,0.017,0.000,0.0,1,0.0,2.648,12.50,1.04,0.00,0.00,0.00,0.00
2.76601,96.064,-119.883,0,0.000,0.017,0.025,0.008,0.017,0.001,0.0,1,0.0,2.660,12.50,12.73,12.50,1.04,0.00,0.00
2.77711,96.064,-119.883,0,0.000,0.016,0.025,0.006,0.016,-0.001,0.0,1,0.0,2.745,12.50,1.04,0.00,0.00,0.00,0.00
2.78733,96.064,-119.883,0,0.000,0.018,0.025,0.007,0.018,0.003,0.0,1,0.0,2.766,12.50,1.04,0.00,0.00,0.00,0.00
2.79739,96.064,-119.883,0,0.000,0.019,0.026,0.007,0.019,0.007,0.0,1,0.0,2.777,12.50,1.04,0.00,0.00,0.00,0.00
2.81698,96.152,-119.795,0,0.000,0.018,0.026,0.010,0.018,0.005,0.0,1,0.0,2.798,12.50,1.04,0.00,0.00,0.00,0.00
2.82703,96.064,-119.883,0,0.000,0.022,0.026,0.009,0.022,0.003,0.0,1,0.0,2.798,12.50,1.04,0.00,0.00,0.00,0.00
2.83726,96.152,-119.795,0,0.000,0.022,0.026,0.007,0.022,0.000,0.0,1,0.0,2.809,12.50,1.04,0.00,0.00,0.00,0.00
2.84731,96.064,-119.883,0,0.000,0.020,0.027,0.006,0.020,0.000,0.0,1,0.0,2.823,12.50,1.04,0.00,0.00,0.00,0.00
2.86689,96.064,-119.883,0,0.000,0.020,0.027,0.001,0.020,0.001,0.0,1,0.0,2.846,12.50,1.04,0.00,0.00,0.00,0.00
2.90400,95.977,-119.971,0,0.000,0.020,0.028,0.002,0.020,0.002,0.0,1,0.0,2.859,12.50,1.04,0.00,0.00,0.00,0.00
2.91720,95.977,-119.971,0,0.000,0.018,0.028,0.001,0.018,0.004,0.0,1,0.0,2.873,12.50,12.88,12.50,1.04,0.00,0.00
2.92725,96.064,-119.883,0,0.000,0.017,0.028,-0.002,0.017,0.004,0.0,1,0.0,2.895,12.50,1.04,0.00,0.00,0.00,0.00
2.94684,96.152,-119.795,0,0.000,0.015,0.028,0.000,0.015,0.005,0.0,1,0.0,2.918,12.50,1.04,0.00,0.00,0.00,0.00
2.95689,96.064,-119.883,0,0.000,0.014,0.029,0.004,0.014,0.004,0.0,1,0.0,2.938,12.50,1.04,0.00,0.00,0.00,0.00
2.96712,96.152,-119.795,0,0.000,0.016,0.029,0.002,0.016,0.006,0.0,1,0.0,2.948,12.50,1.04,0.00,0.00,0.00,0.00
2.97717,96.064,-119.883,0,0.000,0.016,0.029,0.005,0.016,0.008,0.0,1,0.0,2.948,12.50,1.04,0.00,0.00,0.00,0.00
2.99676,96.064,-119.883,0,0.000,0.015,0.029,0.007,0.015,0.004,0.0,1,0.0,2.974,12.50,1.04,0.00,0.00,0.00,0.00
3.00681,96.064,-119.883,0,0.000,0.016,0.029,0.008,0.016,0.001,0.0,1,0.0,2.990,12.50,1.04,0.00,0.00,0.00,0.00
3.01704,96.152,-119.795,0,0.000,0.016,0.030,0.009,0.016,0.003,0.0,1,0.0,2.990,12.50,1.04,0.00,0.00,0.00,0.00
3.03654,96.064,-119.883,0,0.000,0.017,0.030,0.006,0.017,0.001,0.0,1,0.0,3.012,12.50,1.04,0.00,0.00,0.00,0.00
3.04659,96.064,-119.883,0,0.000,0.018,0.030,0.005,0.018,-0.001,0.0,1,0.0,3.028,12.50,1.04,0.00,0.00,0.00,0.00
3.05682,96.064,-119.883,0,0.000,0.018,0.030,0.005,0.018,-0.002,0.0,1,0.0,3.036,12.50,1.04,0.00,0.00,0.00,0.00
3.06687,95.977,-119.971,0,0.000,0.020,0.030,0.001,0.020,0.000,0.0,1,0.0,3.036,12.50,1.04,0.00,0.00,0.00,0.00
3.08646,96.064,-119.883,0,0.000,0.020,0.031,0.001,0.020,-0.003,0.0,1,0.0,3.064,12.50,1.04,0.00,0.00,0.00,0.00
3.09651,96.064,-119.883,0,0.000,0.020,0.031,0.004,0.020,-0.003,0.0,1,0.0,3.077,12.50,1.04,0.00,0.00,0.00,0.00
3.10674,96.064,-119.883,0,0.000,0.021,0.031,0.004,0.021,-0.003,0.0,1,0.0,3.077,12.50,1.04,0.00,0.00,0.00,0.00
3.11679,96.064,-119.883,0,0.000,0.017,0.031,0.007,0.017,-0.004,0.0,1,0.0,3.092,12.50,1.04,0.00,0.00,0.00,0.00
3.13638,96.064,-119.883,0,0.000,0.015,0.032,0.008,0.015,-0.005,0.0,1,0.0,3.111,12.50,1.04,0.00,0.00,0.00,0.00
3.14643,96.064,-119.883,0,0.000,0.017,0.032,0.005,0.017,-0.007,0.0,1,0.0,3.124,12.50,1.04,0.00,0.00,0.00,0.00
3.15684,96.064,-119.883,0,0.000,0.016,0.032,0.007,0.016,-0.006,0.0,1,0.0,3.133,12.50,1.04,0.00,0.00,0.00,0.00
3.17598,96.152,-119.795,0,0.000,0.019,0.032,0.007,0.019,0.001,0.0,1,0.0,3.143,12.50,1.04,0.00,0.00,0.00,0.00
3.18621,96.064,-119.883,0,0.000,0.017,0.033,0.005,0.017,0.000,0.0,1,0.0,3.162,12.50,1.04,0.00,0.00,0.00,0.00
3.19626,96.152,-119.795,0,0.000,0.019,0.033,0.003,0.019,0.001,0.0,1,0.0,3.174,12.50,1.04,0.00,0.00,0.00,0.00
3.20649,96.064,-119.883,0,0.000,0.019,0.033,0.004,0.019,0.000,0.0,1,0.0,3.184,12.50,1.04,0.00,0.00,0.00,0.00
3.21655,96.064,-119.883,0,0.000,0.022,0.033,0.003,0.022,0.000,0.0,1,0.0,3.184,12.50,1.04,0.00,0.00,0.00,0.00
3.23613,96.064,-119.883,0,0.000,0.017,0.034,0.004,0.017,0.004,0.0,1,0.0,3.212,12.50,1.04,0.00,0.00,0.00,0.00
3.24618,96.064,-119.883,0,0.000,0.014,0.034,0.005,0.014,0.002,0.0,1,0.0,3.224,12.50,1.04,0.00,0.00,0.00,0.00
3.25641,95.977,-119.971,0,0.000,0.015,0.034,0.005,0.015,0.005,0.0,1,0.0,3.235,12.50,1.04,0.00,0.00,0.00,0.00
3.26646,95.977,-119.971,0,0.000,0.016,0.034,0.007,0.016,0.004,0.0,1,0.0,3.246,12.50,1.04,0.00,0.00,0.00,0.00
3.27660,96.064,-119.883,0,0.000,0.013,0.034,0.007,0.013,0.004,0.0,1,0.0,3.246,12.50,1.04,0.00,0.00,0.00,0.00
3.29619,96.064,-119.883,0,0.000,0.012,0.034,0.006,0.012,0.002,0.0,1,0.0,3.276,12.50,1.04,0.00,0.00,0.00,0.00
3.30624,96.064,-119.883,0,0.000,0.014,0.034,0.007,0.014,0.003,0.0,1,0.0,3.284,12.50,1.04,0.00,0.00,0.00,0.00
3.31647,96.064,-119.883,0,0.000,0.013,0.035,0.008,0.013,0.002,0.0,1,0.0,3.284,12.50,1.04,0.00,0.00,0.00,0.00
3.32652,96.064,-119.883,0,0.000,0.017,0.035,0.005,0.017,0.001,0.0,1,0.0,3.299,12.50,1.04,0.00,0.00,0.00,0.00
3.34611,95.977,-119.971,0,0.000,0.022,0.035,0.004,0.022,0.000,0.0,1,0.0,3.321,12.50,1.04,0.00,0.00,0.00,0.00
3.35616,96.064,-119.883,0,0.000,0.022,0.035,0.004,0.022,0.001,0.0,1,0.0,3.333,12.50,1.04,0.00,0.00,0.00,0.00
3.36639,96.064,-119.883,0,0.000,0.023,0.036,0.002,0.023,0.000,0.0,1,0.0,3.346,12.50,1.04,0.00,0.00,0.00,0.00
3.37645,96.064,-119.883,0,0.000,0.023,0.036,0.001,0.023,0.000,0.0,1,0.0,3.346,12.50,1.04,0.00,0.00,0.00,0.00
3.39603,96.064,-119.883,0,0.000,0.019,0.036,0.007,0.019,-0.007,0.0,1,0.0,3.370,12.50,1.04,0.00,0.00,0.00,0.00
3.40632,96.152,-119.795,0,0.000,0.018,0.036,0.006,0.018,-0.007,0.0,1,0.0,3.385,12.50,1.04,0.00,0.00,0.00,0.00
3.42593,96.064,-119.883,0,0.000,0.017,0.037,0.003,0.017,-0.001,0.0,1,0.0,3.397,12.50,1.04,0.00,0.00,0.00,0.00
3.43616,96.064,-119.883,0,0.000,0.016,0.037,0.004,0.016,-0.002,0.0,1,0.0,3.413,12.50,1.04,0.00,0.00,0.00,0.00
3.44621,96.064,-119.883,0,0.000,0.017,0.037,0.003,0.017,-0.005,0.0,1,0.0,3.419,12.50,1.04,0.00,0.00,0.00,0.00
3.46581,96.064,-119.883,0,0.000,0.017,0.037,0.005,0.017,-0.001,0.0,1,0.0,3.446,12.50,1.04,0.00,0.00,0.00,0.00
3.47585,96.064,-119.883,0,0.000,0.017,0.038,0.007,0.017,-0.001,0.0,1,0.0,3.446,12.50,1.04,0.00,0.00,0.00,0.00
3.48608,96.152,-119.795,0,0.000,0.015,0.038,0.005,0.015,-0.001,0.0,1,0.0,3.458,12.50,1.04,0.00,0.00,0.00,0.00
3.49613,96.064,-119.883,0,0.000,0.017,0.038,0.005,0.017,0.000,0.0,1,0.0,3.469,12.50,1.04,0.00,0.00,0.00,0.00
3.51572,96.064,-119.883,0,0.000,0.014,0.038,0.003,0.014,0.002,0.0,1,0.0,3.496,12.50,1.04,0.00,0.00,0.00,0.00
3.52577,96.064,-119.883,0,0.000,0.013,0.038,0.004,0.013,-0.002,0.0,1,0.0,3.496,12.50,1.04,0.00,0.00,0.00,0.00
3.53600,96.064,-119.883,0,0.000,0.012,0.039,0.005,0.012,0.000,0.0,1,0.0,3.507,12.50,1.04,0.00,0.00,0.00,0.00
3.54605,96.152,-119.795,0,0.000,0.011,0.039,0.004,0.011,0.002,0.0,1,0.0,3.519,12.50,1.04,0.00,0.00,0.00,0.00
3.56564,96.064,-119.883,0,0.000,0.011,0.039,0.002,0.011,-0.001,0.0,1,0.0,3.544,12.50,1.04,0.00,0.00,0.00,0.00
3.57569,96.064,-119.883,0,0.000,0.011,0.039,0.002,0.011,0.001,0.0,1,0.0,3.555,12.50,1.04,0.00,0.00,0.00,0.00
3.58592,96.064,-119.883,0,0.000,0.015,0.039,0.002,0.015,0.004,0.0,1,0.0,3.555,12.50,1.04,0.00,0.00,0.00,0.00
3.59597,95.977,-119.971,0,0.000,0.014,0.039,0.002,0.014,0.006,0.0,1,0.0,3.575,12.50,1.04,0.00,0.00,0.00,0.00
3.61556,96.064,-119.883,0,0.000,0.016,0.040,0.002,0.016,0.002,0.0,1,0.0,3.588,12.50,1.04,0.00,0.00,0.00,0.00
3.62561,95.977,-119.971,0,0.000,0.018,0.040,0.002,0.018,0.001,0.0,1,0.0,3.598,12.50,1.04,0.00,0.00,0.00,0.00
3.63584,96.064,-119.883,0,0.000,0.019,0.040,0.000,0.019,-0.002,0.0,1,0.0,3.606,12.50,1.04,0.00,0.00,0.00,0.00
3.64589,95.977,-119.971,0,0.000,0.022,0.040,0.000,0.022,0.000,0.0,1,0.0,3.619,12.50,1.04,0.00,0.00,0.00,0.00
3.65645,95.977,-119.971,0,0.000,0.020,0.040,0.002,0.020,0.002,0.0,1,0.0,3.633,12.50,1.04,0.00,0.00,0.00,0.00
3.67541,96.064,-119.883,0,0.000,0.019,0.041,0.002,0.019,0.003,0.0,1,0.0,3.646,12.50,1.04,0.00,0.00,0.00,0.00
3.68546,96.064,-119.883,0,0.000,0.017,0.041,0.001,0.017,0.004,0.0,1,0.0,3.661,12.50,1.04,0.00,0.00,0.00,0.00
3.69569,96.064,-119.883,0,0.000,0.016,0.041,0.002,0.016,0.004,0.0,1,0.0,3.670,12.50,1.04,0.00,0.00,0.00,0.00
3.70574,96.064,-119.883,0,0.000,0.015,0.041,0.007,0.015,0.005,0.0,1,0.0,3.680,12.50,1.04,0.00,0.00,0.00,0.00
3.72533,95.977,-119.971,0,0.000,0.019,0.042,0.006,0.019,0.007,0.0,1,0.0,3.707,12.50,1.04,0.00,0.00,0.00,0.00
3.73538,96.064,-119.883,0,0.000,0.019,0.042,0.005,0.019,0.001,0.0,1,0.0,3.707,12.50,1.04,0.00,0.00,0.00,0.00
3.74561,96.064,-119.883,0,0.000,0.017,0.042,0.004,0.017,0.001,0.0,1,0.0,3.718,12.50,1.04,0.00,0.00,0.00,0.00
3.75566,96.152,-119.795,0,0.000,0.014,0.042,0.001,0.014,0.000,0.0,1,0.0,3.732,12.50,1.04,0.00,0.00,0.00,0.00
3.77525,96.064,-119.883,0,0.000,0.017,0.042,0.001,0.017,0.005,0.0,1,0.0,3.756,12.50,1.04,0.00,0.00,0.00,0.00
3.78539,96.064,-119.883,0,0.000,0.020,0.043,0.001,0.020,0.005,0.0,1,0.0,3.756,12.50,1.04,0.00,0.00,0.00,0.00
3.79544,96.064,-119.883,0,0.000,0.021,0.043,0.002,0.021,0.006,0.0,1,0.0,3.768,12.50,1.04,0.00,0.00,0.00,0.00
3.80567,95.977,-119.971,0,0.000,0.023,0.043,0.003,0.023,0.004,0.0,1,0.0,3.785,12.50,1.04,0.00,0.00,0.00,0.00
3.82508,96.064,-119.883,0,0.000,0.015,0.043,0.004,0.015,0.005,0.0,1,0.0,3.800,12.50,1.04,0.00,0.00,0.00,0.00
3.83531,96.064,-119.883,0,0.000,0.015,0.044,0.004,0.015,0.005,0.0,1,0.0,3.806,12.50,1.04,0.00,0.00,0.00,0.00
3.84536,96.152,-119.795,0,0.000,0.013,0.044,0.003,0.013,0.004,0.0,1,0.0,3.822,12.50,1.04,0.00,0.00,0.00,0.00
3.85559,96.064,-119.883,0,0.000,0.014,0.044,0.005,0.014,0.004,0.0,1,0.0,3.835,12.50,1.04,0.00,0.00,0.00,0.00
3.86564,96.064,-119.883,0,0.000,0.013,0.044,0.006,0.013,0.001,0.0,1,0.0,3.847,12.50,1.04,0.00,0.00,0.00,0.00
3.88523,96.064,-119.883,0,0.000,0.014,0.044,0.004,0.014,0.004,0.0,1,0.0,3.856,12.50,1.04,0.00,0.00,0.00,0.00
3.89528,95.977,-119.971,0,0.000,0.013,0.044,0.004,0.013,0.004,0.0,1,0.0,3.869,12.50,1.04,0.00,0.00,0.00,0.00
3.90582,96.064,-119.883,0,0.000,0.013,0.044,0.003,0.013,0.001,0.0,1,0.0,3.879,12.50,1.04,0.00,0.00,0.00,0.00
3.92547,96.064,-119.883,0,0.000,0.014,0.045,0.002,0.014,-0.002,0.0,1,0.0,3.910,12.50,1.04,0.00,0.00,0.00,0.00
3.94505,96.064,-119.883,0,0.000,0.016,0.045,0.000,0.016,-0.005,0.0,1,0.0,3.916,12.50,1.04,0.00,0.00,0.00,0.00
3.95511,96.152,-119.795,0,0.000,0.014,0.045,0.000,0.014,-0.004,0.0,1,0.0,3.931,12.50,1.04,0.00,0.00,0.00,0.00
3.96533,96.064,-119.883,0,0.000,0.015,0.045,0.004,0.015,-0.008,0.0,1,0.0,3.945,12.50,1.04,0.00,0.00,0.00,0.00
3.97539,96.064,-119.883,0,0.000,0.015,0.045,0.006,0.015,-0.004,0.0,1,0.0,3.945,12.50,1.04,0.00,0.00,0.00,0.00
3.99497,96.064,-119.883,0,0.000,0.014,0.046,0.005,0.014,-0.002,0.0,1,0.0,3.972,12.50,1.04,0.00,0.00,0.00,0.00
4.00503,96.064,-119.883,0,0.000,0.016,0.046,0.003,0.016,0.000,0.0,1,0.0,3.972,12.50,1.04,0.00,0.00,0.00,0.00
4.01525,96.064,-119.883,0,0.000,0.017,0.046,0.005,0.017,0.000,0.0,1,0.0,3.987,12.50,1.04,0.00,0.00,0.00,0.00
4.02531,96.064,-119.883,0,0.000,0.016,0.046,0.004,0.016,-0.002,0.0,1,0.0,3.998,12.50,1.04,0.00,0.00,0.00,0.00
4.04481,96.064,-119.883,0,0.000,0.018,0.047,0.005,0.018,-0.002,0.0,1,0.0,4.013,12.50,1.04,0.00,0.00,0.00,0.00
4.05504,96.064,-119.883,0,0.000,0.019,0.047,0.005,0.019,0.000,0.0,1,0.0,4.027,12.50,1.04,0.00,0.00,0.00,0.00
4.06509,96.064,-119.883,0,0.000,0.019,0.047,0.007,0.019,0.004,0.0,1,0.0,4.040,12.50,1.04,0.00,0.00,0.00,0.00
4.08467,96.152,-119.795,0,0.000,0.022,0.047,0.008,0.022,0.003,0.0,1,0.0,4.061,12.50,1.04,0.00,0.00,0.00,0.00
4.09473,96.064,-119.883,0,0.000,0.021,0.048,0.008,0.021,-0.002,0.0,1,0.0,4.072,12.50,1.04,0.00,0.00,0.00,0.00
4.10496,96.064,-119.883,0,0.000,0.019,0.048,0.004,0.019,-0.003,0.0,1,0.0,4.082,12.50,1.04,0.00,0.00,0.00,0.00
4.11501,96.064,-119.883,0,0.000,0.016,0.048,0.004,0.016,-0.004,0.0,1,0.0,4.082,12.50,1.04,0.00,0.00,0.00,0.00
4.13459,96.152,-119.795,0,0.000,0.016,0.048,0.007,0.016,-0.004,0.0,1,0.0,4.110,12.50,1.04,0.00,0.00,0.00,0.00
4.14465,96.064,-119.883,0,0.000,0.014,0.048,0.008,0.014,-0.002,0.0,1,0.0,4.122,12.50,1.04,0.00,0.00,0.00,0.00
4.15487,96.064,-119.883,0,0.000,0.013,0.049,0.005,0.013,0.000,0.0,1,0.0,4.136,12.50,1.04,0.00,0.00,0.00,0.00
4.16519,96.064,-119.883,0,0.000,0.011,0.049,0.001,0.011,0.000,0.0,1,0.0,4.143,12.50,1.04,0.00,0.00,0.00,0.00
4.18477,96.064,-119.883,0,0.000,0.014,0.049,0.004,0.014,0.003,0.0,1,0.0,4.159,12.50,1.04,0.00,0.00,0.00,0.00
4.19499,96.152,-119.795,0,0.000,0.016,0.049,0.004,0.016,0.005,0.0,1,0.0,4.175,12.50,1.04,0.00,0.00,0.00,0.00
4.21441,96.064,-119.883,0,0.000,0.014,0.049,0.004,0.014,0.004,0.0,1,0.0,4.190,12.50,1.04,0.00,0.00,0.00,0.00
4.22463,96.064,-119.883,0,0.000,0.017,0.050,0.005,0.017,0.000,0.0,1,0.0,4.201,12.50,1.04,0.00,0.00,0.00,0.00
4.23469,96.064,-119.883,0,0.000,0.018,0.050,0.005,0.018,-0.001,0.0,1,0.0,4.201,12.50,1.04,0.00,0.00,0.00,0.00
4.24491,96.064,-119.883,0,0.000,0.017,0.050,0.006,0.017,-0.005,0.0,1,0.0,4.218,12.50,1.04,0.00,0.00,0.00,0.00
4.26433,96.152,-119.795,0,0.000,0.019,0.050,0.007,0.019,-0.005,0.0,1,0.0,4.243,12.50,1.04,0.00,0.00,0.00,0.00
4.27455,96.064,-119.883,0,0.000,0.019,0.050,0.010,0.019,-0.004,0.0,1,0.0,4.255,12.50,1.04,0.00,0.00,0.00,0.00
4.28461,96.064,-119.883,0,0.000,0.019,0.051,0.008,0.019,-0.005,0.0,1,0.0,4.255,12.50,1.04,0.00,0.00,0.00,0.00
4.29483,96.064,-119.883,0,0.000,0.019,0.051,0.006,0.019,-0.005,0.0,1,0.0,4.269,12.50,1.04,0.00,0.00,0.00,0.00
4.31425,96.064,-119.883,0,0.000,0.017,0.051,0.005,0.017,-0.005,0.0,1,0.0,4.296,12.50,1.04,0.00,0.00,0.00,0.00
4.32449,96.064,-119.883,0,0.000,0.018,0.051,0.002,0.018,-0.007,0.0,1,0.0,4.306,12.50,1.04,0.00,0.00,0.00,0.00
4.33453,96.064,-119.883,0,0.000,0.022,0.052,0.003,0.022,-0.006,0.0,1,0.0,4.306,12.50,1.04,0.00,0.00,0.00,0.00
4.34475,95.977,-119.971,0,0.000,0.020,0.052,0.002,0.020,-0.005,0.0,1,0.0,4.319,12.50,1.04,0.00,0.00,0.00,0.00
4.36417,96.064,-119.883,0,0.000,0.020,0.052,0.004,0.020,-0.001,0.0,1,0.0,4.343,12.50,1.04,0.00,0.00,0.00,0.00
4.37439,96.152,-119.795,0,0.000,0.019,0.052,0.005,0.019,0.001,0.0,1,0.0,4.353,12.50,1.04,0.00,0.00,0.00,0.00
4.38446,96.064,-119.883,0,0.000,0.021,0.053,0.007,0.021,0.001,0.0,1,0.0,4.366,12.50,1.04,0.00,0.00,0.00,0.00
4.39467,96.152,-119.795,0,0.000,0.018,0.053,0.004,0.018,0.002,0.0,1,0.0,4.366,12.50,1.04,0.00,0.00,0.00,0.00
4.41409,96.064,-119.883,0,0.000,0.018,0.053,0.003,0.018,0.000,0.0,1,0.0,4.376,12.50,1.04,0.00,0.00,0.00,0.00
4.42461,96.064,-119.883,0,0.000,0.016,0.053,0.007,0.016,-0.001,0.0,1,0.0,4.398,12.50,1.04,0.00,0.00,0.00,0.00
4.44418,96.064,-119.883,0,0.000,0.013,0.054,0.010,0.013,0.002,0.0,1,0.0,4.420,12.50,1.04,0.00,0.00,0.00,0.00
4.45440,96.064,-119.883,0,0.000,0.012,0.054,0.008,0.012,-0.001,0.0,1,0.0,4.433,12.50,1.04,0.00,0.00,0.00,0.00
4.46446,95.977,-119.971,0,0.000,0.010,0.054,0.007,0.010,-0.002,0.0,1,0.0,4.433,12.50,1.04,0.00,0.00,0.00,0.00
4.48404,96.064,-119.883,0,0.000,0.010,0.054,0.010,0.010,0.007,0.0,1,0.0,4.461,12.50,1.04,0.00,0.00,0.00,0.00
4.49410,96.064,-119.883,0,0.000,0.011,0.054,0.012,0.011,0.006,0.0,1,0.0,4.471,12.50,1.04,0.00,0.00,0.00,0.00
4.50432,95.977,-119.971,0,0.000,0.011,0.054,0.011,0.011,0.005,0.0,1,0.0,4.485,12.50,1.04,0.00,0.00,0.00,0.00
4.51438,96.152,-119.795,0,0.000,0.013,0.054,0.008,0.013,0.004,0.0,1,0.0,4.485,12.50,1.04,0.00,0.00,0.00,0.00
4.53396,96.064,-119.883,0,0.000,0.013,0.055,0.006,0.013,0.002,0.0,1,0.0,4.508,12.50,1.04,0.00,0.00,0.00,0.00
4.54402,95.977,-119.971,0,0.000,0.014,0.055,0.007,0.014,0.005,0.0,1,0.0,4.523,12.50,1.04,0.00,0.00,0.00,0.00
4.55540,96.064,-119.883,0,0.000,0.014,0.055,0.007,0.014,0.001,0.0,1,0.0,4.535,12.50,1.04,0.00,0.00,0.00,0.00
4.57421,96.064,-119.883,0,0.000,0.016,0.055,0.008,0.016,0.001,0.0,1,0.0,4.546,12.50,1.04,0.00,0.00,0.00,0.00
4.58426,96.064,-119.883,0,0.000,0.018,0.055,0.008,0.018,0.002,0.0,1,0.0,4.562,12.50,1.04,0.00,0.00,0.00,0.00
4.60385,96.064,-119.883,0,0.000,0.020,0.056,0.003,0.020,0.003,0.0,1,0.0,4.587,12.50,1.04,0.00,0.00,0.00,0.00
4.61391,96.064,-119.883,0,0.000,0.019,0.056,0.004,0.019,0.004,0.0,1,0.0,4.596,12.50,1.04,0.00,0.00,0.00,0.00
4.62413,96.064,-119.883,0,0.000,0.018,0.056,0.005,0.018,0.006,0.0,1,0.0,4.596,12.50,1.04,0.00,0.00,0.00,0.00
4.63419,96.064,-119.883,0,0.000,0.015,0.056,0.003,0.015,0.002,0.0,1,0.0,4.608,12.50,1.04,0.00,0.00,0.00,0.00
4.65377,96.064,-119.883,0,0.000,0.013,0.057,0.002,0.013,0.002,0.0,1,0.0,4.633,12.50,1.04,0.00,0.00,0.00,0.00
4.66383,96.064,-119.883,0,0.000,0.013,0.057,0.005,0.013,0.000,0.0,1,0.0,4.644,12.50,1.04,0.00,0.00,0.00,0.00
4.67405,96.064,-119.883,0,0.000,0.011,0.057,0.004,0.011,0.001,0.0,1,0.0,4.644,12.50,1.04,0.00,0.00,0.00,0.00
4.68411,96.064,-119.883,0,0.000,0.012,0.057,0.002,0.012,0.006,0.0,1,0.0,4.656,12.50,1.04,0.00,0.00,0.00,0.00
4.70369,95.977,-119.971,0,0.000,0.013,0.057,0.002,0.013,0.007,0.0,1,0.0,4.685,12.50,1.04,0.00,0.00,0.00,0.00
4.71375,96.064,-119.883,0,0.000,0.014,0.057,0.004,0.014,0.010,0.0,1,0.0,4.691,12.50,1.04,0.00,0.00,0.00,0.00
4.72397,96.064,-119.883,0,0.000,0.016,0.057,0.004,0.016,0.007,0.0,1,0.0,4.702,12.50,1.04,0.00,0.00,0.00,0.00
4.73403,96.064,-119.883,0,0.000,0.017,0.058,0.005,0.017,0.006,0.0,1,0.0,4.712,12.50,1.04,0.00,0.00,0.00,0.00
4.75361,96.064,-119.883,0,0.000,0.016,0.058,0.004,0.016,0.004,0.0,1,0.0,4.728,12.50,1.04,0.00,0.00,0.00,0.00
4.76367,96.064,-119.883,0,0.000,0.016,0.058,0.007,0.016,0.002,0.0,1,0.0,4.739,12.50,1.04,0.00,0.00,0.00,0.00
4.77389,95.977,-119.971,0,0.000,0.017,0.058,0.006,0.017,0.002,0.0,1,0.0,4.751,12.50,1.04,0.00,0.00,0.00,0.00
4.78395,96.064,-119.883,0,0.000,0.014,0.058,0.007,0.014,-0.001,0.0,1,0.0,4.761,12.50,1.04,0.00,0.00,0.00,0.00
4.80353,96.064,-119.883,0,0.000,0.017,0.059,0.007,0.017,0.003,0.0,1,0.0,4.779,12.50,1.04,0.00,0.00,0.00,0.00
4.81396,96.064,-119.883,0,0.000,0.015,0.059,0.006,0.015,0.001,0.0,1,0.0,4.790,12.50,1.04,0.00,0.00,0.00,0.00
4.83354,96.064,-119.883,0,0.000,0.013,0.059,0.005,0.013,-0.002,0.0,1,0.0,4.819,12.50,1.04,0.00,0.00,0.00,0.00
4.84376,96.064,-119.883,0,0.000,0.014,0.059,0.004,0.014,-0.004,0.0,1,0.0,4.819,12.50,1.04,0.00,0.00,0.00,0.00
4.85382,96.064,-119.883,0,0.000,0.013,0.059,0.004,0.013,-0.001,0.0,1,0.0,4.828,12.50,1.04,0.00,0.00,0.00,0.00
4.87340,96.064,-119.883,0,0.000,0.015,0.060,0.004,0.015,-0.004,0.0,1,0.0,4.851,12.50,1.04,0.00,0.00,0.00,0.00
4.88345,96.064,-119.883,0,0.000,0.015,0.060,0.004,0.015,-0.001,0.0,1,0.0,4.860,12.50,1.04,0.00,0.00,0.00,0.00
4.89368,96.152,-119.795,0,0.000,0.016,0.060,0.002,0.016,-0.003,0.0,1,0.0,4.874,12.50,1.04,0.00,0.00,0.00,0.00
4.90374,96.064,-119.883,0,0.000,0.017,0.060,0.002,0.017,-0.002,0.0,1,0.0,4.882,12.50,1.04,0.00,0.00,0.00,0.00
4.92332,96.064,-119.883,0,0.000,0.013,0.060,0.003,0.013,-0.004,0.0,1,0.0,4.898,12.50,1.04,0.00,0.00,0.00,0.00
4.93337,96.064,-119.883,0,0.000,0.014,0.061,0.004,0.014,-0.006,0.0,1,0.0,4.908,12.50,1.04,0.00,0.00,0.00,0.00
4.94351,96.064,-119.883,0,0.000,0.014,0.061,0.005,0.014,-0.005,0.0,1,0.0,4.920,12.50,1.04,0.00,0.00,0.00,0.00
4.95374,96.064,-119.883,0,0.000,0.016,0.061,0.004,0.016,-0.007,0.0,1,0.0,4.920,12.50,1.04,0.00,0.00,0.00,0.00
4.97316,96.064,-119.883,0,0.000,0.019,0.061,0.005,0.019,-0.001,0.0,1,0.0,4.950,12.50,1.04,0.00,0.00,0.00,0.00
4.98338,96.064,-119.883,0,0.000,0.016,0.061,0.004,0.016,-0.004,0.0,1,0.0,4.959,12.50,1.04,0.00,0.00,0.00,0.00
4.99343,96.064,-119.883,0,0.000,0.015,0.062,0.002,0.015,-0.010,0.0,1,0.0,4.972,12.50,1.04,0.00,0.00,0.00,0.00
5.00366,96.064,-119.883,0,0.000,0.017,0.062,0.002,0.017,-0.008,0.0,1,0.0,4.983,12.50,1.04,0.00,0.00,0.00,0.00
5.02308,95.977,-119.971,0,0.000,0.016,0.062,0.006,0.016,-0.002,0.0,1,0.0,4.996,12.50,1.04,0.00,0.00,0.00,0.00
5.03330,95.977,-119.971,0,0.000,0.015,0.062,0.007,0.015,-0.002,0.0,1,0.0,5.008,12.50,1.04,0.00,0.00,0.00,0.00
5.04335,96.064,-119.883,0,0.000,0.014,0.062,0.005,0.014,0.000,0.0,1,0.0,5.020,12.50,1.04,0.00,0.00,0.00,0.00
5.05358,96.064,-119.883,0,0.000,0.012,0.062,0.005,0.012,-0.001,0.0,1,0.0,5.032,12.50,1.04,0.00,0.00,0.00,0.00
5.06390,96.064,-119.883,0,0.000,0.013,0.063,0.004,0.013,-0.004,0.0,1,0.0,5.032,12.50,1.04,0.00,0.00,0.00,0.00
5.08347,96.064,-119.883,0,0.000,0.010,0.063,0.001,0.010,-0.002,0.0,1,0.0,5.059,12.50,1.04,0.00,0.00,0.00,0.00
5.10308,96.064,-119.883,0,0.000,0.009,0.063,0.007,0.009,0.000,0.0,1,0.0,5.082,12.50,1.04,0.00,0.00,0.00,0.00
5.11311,96.152,-119.795,0,0.000,0.011,0.063,0.007,0.011,-0.002,0.0,1,0.0,5.082,12.50,1.04,0.00,0.00,0.00,0.00
5.12334,96.064,-119.883,0,0.000,0.011,0.063,0.007,0.011,-0.002,0.0,1,0.0,5.099,12.50,1.04,0.00,0.00,0.00,0.00
5.13339,96.064,-119.883,0,0.000,0.011,0.063,0.008,0.011,0.000,0.0,1,0.0,5.109,12.50,1.04,0.00,0.00,0.00,0.00
5.15298,96.064,-119.883,0,0.000,0.013,0.064,0.014,0.013,0.000,0.0,1,0.0,5.132,12.50,1.04,0.00,0.00,0.00,0.00
5.16303,96.064,-119.883,0,0.000,0.015,0.064,0.010,0.015,-0.002,0.0,1,0.0,5.143,12.50,1.04,0.00,0.00,0.00,0.00
5.17326,96.064,-119.883,0,0.000,0.014,0.064,0.010,0.014,-0.001,0.0,1,0.0,5.143,12.50,1.04,0.00,0.00,0.00,0.00
5.18331,96.064,-119.883,0,0.000,0.014,0.064,0.008,0.014,0.000,0.0,1,0.0,5.156,12.50,1.04,0.00,0.00,0.00,0.00
5.20290,96.064,-119.883,0,0.000,0.010,0.064,0.005,0.010,0.000,0.0,1,0.0,5.182,12.50,1.04,0.00,0.00,0.00,0.00
5.21295,96.152,-119.795,0,0.000,0.008,0.064,0.005,0.008,0.002,0.0,1,0.0,5.195,12.50,1.04,0.00,0.00,0.00,0.00
5.22318,96.240,-119.707,0,0.000,0.007,0.064,0.006,0.007,0.004,0.0,1,0.0,5.195,12.50,1.04,0.00,0.00,0.00,0.00
5.23323,96.064,-119.883,0,0.000,0.010,0.065,0.005,0.010,0.003,0.0,1,0.0,5.208,12.50,1.04,0.00,0.00,0.00,0.00
5.25282,95.977,-119.971,0,0.000,0.012,0.065,0.009,0.012,0.001,0.0,1,0.0,5.218,12.50,1.04,0.00,0.00,0.00,0.00
5.26287,96.152,-119.795,0,0.000,0.010,0.065,0.007,0.010,0.007,0.0,1,0.0,5.238,12.50,1.04,0.00,0.00,0.00,0.00
5.27310,96.152,-119.795,0,0.000,0.009,0.065,0.010,0.009,0.002,0.0,1,0.0,5.250,12.50,1.04,0.00,0.00,0.00,0.00
5.28315,96.064,-119.883,0,0.000,0.008,0.065,0.009,0.008,-0.001,0.0,1,0.0,5.259,12.50,1.04,0.00,0.00,0.00,0.00
5.30274,96.064,-119.883,0,0.000,0.011,0.065,0.005,0.011,-0.005,0.0,1,0.0,5.270,12.50,1.04,0.00,0.00,0.00,0.00
5.31279,96.152,-119.795,0,0.000,0.012,0.065,0.004,0.012,-0.002,0.0,1,0.0,5.288,12.50,1.04,0.00,0.00,0.00,0.00
5.32330,96.064,-119.883,0,0.000,0.010,0.065,0.004,0.010,-0.002,0.0,1,0.0,5.300,12.50,1.04,0.00,0.00,0.00,0.00
5.34293,96.064,-119.883,0,0.000,0.010,0.066,0.005,0.010,-0.007,0.0,1,0.0,5.328,12.50,1.04,0.00,0.00,0.00,0.00
5.36251,96.064,-119.883,0,0.000,0.010,0.066,0.008,0.010,-0.004,0.0,1,0.0,5.345,12.50,1.04,0.00,0.00,0.00,0.00
5.37257,96.064,-119.883,0,0.000,0.011,0.066,0.009,0.011,-0.002,0.0,1,0.0,5.345,12.50,1.04,0.00,0.00,0.00,0.00
5.38279,96.064,-119.883,0,0.000,0.013,0.066,0.010,0.013,-0.001,0.0,1,0.0,5.357,12.50,1.04,0.00,0.00,0.00,0.00
5.39285,96.064,-119.883,0,0.000,0.013,0.066,0.008,0.013,-0.001,0.0,1,0.0,5.368,12.50,1.04,0.00,0.00,0.00,0.00
5.41244,96.064,-119.883,0,0.000,0.013,0.066,0.005,0.013,0.002,0.0,1,0.0,5.395,12.50,1.04,0.00,0.00,0.00,0.00
5.42249,96.152,-119.795,0,0.000,0.011,0.067,0.007,0.011,0.000,0.0,1,0.0,5.395,12.50,1.04,0.00,0.00,0.00,0.00
5.43271,95.977,-119.971,0,0.000,0.011,0.067,0.007,0.011,-0.002,0.0,1,0.0,5.406,12.50,1.04,0.00,0.00,0.00,0.00
5.44277,96.064,-119.883,0,0.000,0.010,0.067,0.008,0.010,-0.003,0.0,1,0.0,5.419,12.50,1.04,0.00,0.00,0.00,0.00
5.46227,96.064,-119.883,0,0.000,0.005,0.067,0.009,0.005,0.000,0.0,1,0.0,5.442,12.50,1.04,0.00,0.00,0.00,0.00
5.47250,96.064,-119.883,0,0.000,0.007,0.067,0.010,0.007,-0.004,0.0,1,0.0,5.442,12.50,1.04,0.00,0.00,0.00,0.00
5.48255,96.064,-119.883,0,0.000,0.009,0.067,0.010,0.009,-0.004,0.0,1,0.0,5.456,12.50,1.04,0.00,0.00,0.00,0.00
5.49277,96.064,-119.883,0,0.000,0.011,0.067,0.007,0.011,-0.002,0.0,1,0.0,5.469,12.50,1.04,0.00,0.00,0.00,0.00
5.51219,96.152,-119.795,0,0.000,0.009,0.067,0.004,0.009,-0.003,0.0,1,0.0,5.493,12.50,1.04,0.00,0.00,0.00,0.00
5.52242,96.064,-119.883,0,0.000,0.010,0.067,0.005,0.010,-0.004,0.0,1,0.0,5.502,12.50,1.04,0.00,0.00,0.00,0.00
5.53247,96.064,-119.883,0,0.000,0.010,0.068,0.007,0.010,0.000,0.0,1,0.0,5.502,12.50,1.04,0.00,0.00,0.00,0.00
5.54269,95.977,-119.971,0,0.000,0.011,0.068,0.005,0.011,-0.002,0.0,1,0.0,5.517,12.50,1.04,0.00,0.00,0.00,0.00
5.56211,96.064,-119.883,0,0.000,0.013,0.068,0.007,0.013,0.003,0.0,1,0.0,5.544,12.50,1.04,0.00,0.00,0.00,0.00
5.57233,96.064,-119.883,0,0.000,0.012,0.068,0.007,0.012,0.008,0.0,1,0.0,5.544,12.50,1.04,0.00,0.00,0.00,0.00
5.58270,96.064,-119.883,0,0.000,0.011,0.068,0.008,0.011,0.010,0.0,1,0.0,5.559,12.50,1.04,0.00,0.00,0.00,0.00
5.60236,96.064,-119.883,0,0.000,0.010,0.068,0.008,0.010,0.007,0.0,1,0.0,5.570,12.50,1.04,0.00,0.00,0.00,0.00
5.61258,96.152,-119.795,0,0.000,0.013,0.068,0.009,0.013,0.006,0.0,1,0.0,5.591,12.50,1.04,0.00,0.00,0.00,0.00
5.63200,95.977,-119.971,0,0.000,0.015,0.069,0.011,0.015,0.006,0.0,1,0.0,5.610,12.50,1.04,0.00,0.00,0.00,0.00
5.64222,96.152,-119.795,0,0.000,0.016,0.069,0.011,0.016,0.005,0.0,1,0.0,5.624,12.50,1.04,0.00,0.00,0.00,0.00
5.65229,95.977,-119.971,0,0.000,0.014,0.069,0.011,0.014,0.001,0.0,1,0.0,5.633,12.50,1.04,0.00,0.00,0.00,0.00
5.66250,96.064,-119.883,0,0.000,0.014,0.069,0.010,0.014,0.000,0.0,1,0.0,5.633,12.50,1.04,0.00,0.00,0.00,0.00
5.68191,96.064,-119.883,0,0.000,0.011,0.069,0.008,0.011,0.002,0.0,1,0.0,5.657,12.50,1.04,0.00,0.00,0.00,0.00
5.69214,96.064,-119.883,0,0.000,0.011,0.070,0.011,0.011,0.002,0.0,1,0.0,5.657,12.50,1.04,0.00,0.00,0.00,0.00
5.70220,95.977,-119.971,0,0.000,0.011,0.070,0.008,0.011,0.001,0.0,1,0.0,5.678,12.50,1.04,0.00,0.00,0.00,0.00
5.71234,96.064,-119.883,0,0.000,0.013,0.070,0.007,0.013,0.004,0.0,1,0.0,5.692,12.50,1.04,0.00,0.00,0.00,0.00
5.73192,96.152,-119.795,0,0.000,0.014,0.070,0.004,0.014,0.003,0.0,1,0.0,5.714,12.50,1.04,0.00,0.00,0.00,0.00
5.74198,95.977,-119.971,0,0.000,0.013,0.070,0.001,0.013,0.002,0.0,1,0.0,5.714,12.50,1.04,0.00,0.00,0.00,0.00
5.75220,95.977,-119.971,0,0.000,0.012,0.070,0.000,0.012,0.001,0.0,1,0.0,5.723,12.50,1.04,0.00,0.00,0.00,0.00
5.76226,96.064,-119.883,0,0.000,0.011,0.070,0.002,0.011,0.001,0.0,1,0.0,5.736,12.50,1.04,0.00,0.00,0.00,0.00
5.78184,96.064,-119.883,0,0.000,0.011,0.071,0.008,0.011,0.000,0.0,1,0.0,5.761,12.50,1.04,0.00,0.00,0.00,0.00
5.79189,96.064,-119.883,0,0.000,0.012,0.071,0.010,0.012,0.001,0.0,1,0.0,5.773,12.50,1.04,0.00,0.00,0.00,0.00
5.80212,96.064,-119.883,0,0.000,0.013,0.071,0.007,0.013,-0.001,0.0,1,0.0,5.773,12.50,1.04,0.00,0.00,0.00,0.00
5.81217,96.064,-119.883,0,0.000,0.015,0.071,0.005,0.015,-0.002,0.0,1,0.0,5.790,12.50,1.04,0.00,0.00,0.00,0.00
5.83176,96.152,-119.795,0,0.000,0.012,0.071,0.005,0.012,-0.006,0.0,1,0.0,5.814,12.50,1.04,0.00,0.00,0.00,0.00
5.84214,96.064,-119.883,0,0.000,0.014,0.071,0.005,0.014,-0.003,0.0,1,0.0,5.814,12.50,1.04,0.00,0.00,0.00,0.00
5.86187,96.064,-119.883,0,0.000,0.013,0.072,0.006,0.013,-0.002,0.0,1,0.0,5.835,12.50,1.04,0.00,0.00,0.00,0.00
5.87192,96.064,-119.883,0,0.000,0.013,0.072,0.007,0.013,-0.002,0.0,1,0.0,5.848,12.50,1.04,0.00,0.00,0.00,0.00
5.89151,96.064,-119.883,0,0.000,0.008,0.072,0.007,0.008,0.002,0.0,1,0.0,5.860,12.50,1.04,0.00,0.00,0.00,0.00
5.90156,96.064,-119.883,0,0.000,0.010,0.072,0.008,0.010,0.000,0.0,1,0.0,5.872,12.50,1.04,0.00,0.00,0.00,0.00
5.91179,96.064,-119.883,0,0.000,0.011,0.072,0.008,0.011,-0.001,0.0,1,0.0,5.884,12.50,1.04,0.00,0.00,0.00,0.00
5.92184,96.064,-119.883,0,0.000,0.013,0.072,0.011,0.013,-0.004,0.0,1,0.0,5.884,12.50,1.04,0.00,0.00,0.00,0.00
5.94143,95.977,-119.971,0,0.000,0.011,0.073,0.005,0.011,-0.003,0.0,1,0.0,5.918,12.50,1.04,0.00,0.00,0.00,0.00
5.95148,96.064,-119.883,0,0.000,0.010,0.073,0.003,0.010,0.001,0.0,1,0.0,5.929,12.50,1.04,0.00,0.00,0.00,0.00
5.96171,96.064,-119.883,0,0.000,0.010,0.073,0.002,0.010,0.000,0.0,1,0.0,5.940,12.50,1.04,0.00,0.00,0.00,0.00
5.97186,96.064,-119.883,0,0.000,0.011,0.073,0.006,0.011,-0.004,0.0,1,0.0,5.950,12.50,1.04,0.00,0.00,0.00,0.00
5.98190,96.064,-119.883,0,0.000,0.013,0.073,0.007,0.013,-0.001,0.0,1,0.0,5.950,12.50,1.04,0.00,0.00,0.00,0.00
6.00149,96.064,-119.883,0,0.000,0.008,0.073,0.005,0.008,0.005,0.0,1,0.0,5.978,12.50,1.04,0.00,0.00,0.00,0.00
6.01154,96.064,-119.883,0,0.000,0.007,0.073,0.007,0.007,0.003,0.0,1,0.0,5.987,12.50,1.04,0.00,0.00,0.00,0.00
6.02177,96.064,-119.883,0,0.000,0.007,0.073,0.008,0.007,0.002,0.0,1,0.0,6.001,12.50,1.04,0.00,0.00,0.00,0.00
6.03183,96.064,-119.883,0,0.000,0.006,0.073,0.008,0.006,0.001,0.0,1,0.0,6.001,12.50,1.04,0.00,0.00,0.00,0.00
6.05141,95.977,-119.971,0,0.000,0.009,0.074,0.009,0.009,-0.002,0.0,1,0.0,6.026,12.50,1.04,0.00,0.00,0.00,0.00
6.06146,96.152,-119.795,0,0.000,0.012,0.074,0.010,0.012,0.001,0.0,1,0.0,6.040,12.50,1.04,0.00,0.00,0.00,0.00
6.07169,96.064,-119.883,0,0.000,0.014,0.074,0.011,0.014,0.000,0.0,1,0.0,6.050,12.50,1.04,0.00,0.00,0.00,0.00
6.08175,96.064,-119.883,0,0.000,0.013,0.074,0.009,0.013,-0.001,0.0,1,0.0,6.050,12.50,1.04,0.00,0.00,0.00,0.00
6.09226,96.064,-119.883,0,0.000,0.014,0.074,0.007,0.014,0.001,0.0,1,0.0,6.066,12.50,1.04,0.00,0.00,0.00,0.00
6.11114,96.064,-119.883,0,0.000,0.013,0.074,0.003,0.013,0.002,0.0,1,0.0,6.088,12.50,1.04,0.00,0.00,0.00,0.00
6.12119,95.977,-119.971,0,0.000,0.012,0.074,0.002,0.012,0.000,0.0,1,0.0,6.101,12.50,1.04,0.00,0.00,0.00,0.00
6.13143,96.064,-119.883,0,0.000,0.010,0.075,0.002,0.010,0.000,0.0,1,0.0,6.110,12.50,1.04,0.00,0.00,0.00,0.00
6.14148,96.064,-119.883,0,0.000,0.013,0.075,0.002,0.013,0.000,0.0,1,0.0,6.110,12.50,1.04,0.00,0.00,0.00,0.00
6.16106,96.064,-119.883,0,0.000,0.014,0.075,0.002,0.014,0.005,0.0,1,0.0,6.134,12.50,1.04,0.00,0.00,0.00,0.00
6.17111,96.152,-119.795,0,0.000,0.016,0.075,0.003,0.016,0.002,0.0,1,0.0,6.146,12.50,1.04,0.00,0.00,0.00,0.00
6.18134,96.064,-119.883,0,0.000,0.013,0.075,0.002,0.013,0.002,0.0,1,0.0,6.165,12.50,1.04,0.00,0.00,0.00,0.00
6.19139,95.977,-119.971,0,0.000,0.010,0.075,0.001,0.010,0.001,0.0,1,0.0,6.165,12.50,1.04,0.00,0.00,0.00,0.00
6.21098,96.064,-119.883,0,0.000,0.014,0.076,0.004,0.014,0.001,0.0,1,0.0,6.184,12.50,1.04,0.00,0.00,0.00,0.00
6.22152,95.977,-119.971,0,0.000,0.017,0.076,0.002,0.017,-0.001,0.0,1,0.0,6.195,12.50,1.04,0.00,0.00,0.00,0.00
6.24118,96.064,-119.883,0,0.000,0.014,0.076,0.005,0.014,0.002,0.0,1,0.0,6.213,12.50,1.04,0.00,0.00,0.00,0.00
6.25140,96.064,-119.883,0,0.000,0.014,0.076,0.007,0.014,-0.001,0.0,1,0.0,6.213,12.50,1.04,0.00,0.00,0.00,0.00
6.26146,96.064,-119.883,0,0.000,0.015,0.076,0.009,0.015,-0.001,0.0,1,0.0,6.236,12.50,1.04,0.00,0.00,0.00,0.00
6.28104,96.064,-119.883,0,0.000,0.016,0.077,0.010,0.016,0.002,0.0,1,0.0,6.262,12.50,1.04,0.00,0.00,0.00,0.00
6.29109,96.064,-119.883,0,0.000,0.018,0.077,0.008,0.018,0.000,0.0,1,0.0,6.272,12.50,1.04,0.00,0.00,0.00,0.00
6.30134,96.064,-119.883,0,0.000,0.015,0.077,0.005,0.015,-0.002,0.0,1,0.0,6.280,12.50,1.04,0.00,0.00,0.00,0.00
6.31138,96.064,-119.883,0,0.000,0.016,0.077,0.003,0.016,-0.002,0.0,1,0.0,6.280,12.50,1.04,0.00,0.00,0.00,0.00
6.33096,95.977,-119.971,0,0.000,0.019,0.078,0.005,0.019,-0.005,0.0,1,0.0,6.307,12.50,1.04,0.00,0.00,0.00,0.00
6.34101,96.064,-119.883,0,0.000,0.019,0.078,0.006,0.019,-0.001,0.0,1,0.0,6.317,12.50,1.04,0.00,0.00,0.00,0.00
6.35116,96.064,-119.883,0,0.000,0.015,0.078,0.005,0.015,0.000,0.0,1,0.0,6.317,12.50,1.04,0.00,0.00,0.00,0.00
6.37074,96.064,-119.883,0,0.000,0.013,0.078,0.006,0.013,0.000,0.0,1,0.0,6.351,12.50,1.04,0.00,0.00,0.00,0.00
6.38081,96.064,-119.883,0,0.000,0.013,0.078,0.005,0.013,-0.001,0.0,1,0.0,6.362,12.50,1.04,0.00,0.00,0.00,0.00
6.39102,96.152,-119.795,0,0.000,0.013,0.078,0.003,0.013,0.000,0.0,1,0.0,6.362,12.50,1.04,0.00,0.00,0.00,0.00
6.40107,96.064,-119.883,0,0.000,0.010,0.079,0.001,0.010,0.001,0.0,1,0.0,6.374,12.50,1.04,0.00,0.00,0.00,0.00
6.42066,96.152,-119.795,0,0.000,0.013,0.079,0.003,0.013,0.003,0.0,1,0.0,6.399,12.50,1.04,0.00,0.00,0.00,0.00
6.43072,95.977,-119.971,0,0.000,0.013,0.079,0.004,0.013,0.001,0.0,1,0.0,6.399,12.50,1.04,0.00,0.00,0.00,0.00
6.44094,96.064,-119.883,0,0.000,0.014,0.079,0.004,0.014,0.000,0.0,1,0.0,6.413,12.50,1.04,0.00,0.00,0.00,0.00
6.45100,96.064,-119.883,0,0.000,0.015,0.079,0.003,0.015,0.003,0.0,1,0.0,6.424,12.50,1.04,0.00,0.00,0.00,0.00
6.47058,96.064,-119.883,0,0.000,0.011,0.079,0.002,0.011,-0.002,0.0,1,0.0,6.451,12.50,1.04,0.00,0.00,0.00,0.00
6.48179,96.064,-119.883,0,0.000,0.010,0.080,0.002,0.010,-0.002,0.0,1,0.0,6.460,12.50,1.04,0.00,0.00,0.00,0.00
6.50061,96.064,-119.883,0,0.000,0.011,0.080,0.001,0.011,0.000,0.0,1,0.0,6.471,12.50,1.04,0.00,0.00,0.00,0.00
6.51066,96.064,-119.883,0,0.000,0.011,0.080,0.000,0.011,0.001,0.0,1,0.0,6.480,12.50,1.04,0.00,0.00,0.00,0.00
6.52088,96.152,-119.795,0,0.000,0.011,0.080,0.000,0.011,0.002,0.0,1,0.0,6.498,12.50,1.04,0.00,0.00,0.00,0.00
6.53095,96.152,-119.795,0,0.000,0.013,0.080,0.001,0.013,0.004,0.0,1,0.0,6.509,12.50,1.04,0.00,0.00,0.00,0.00
6.55052,95.977,-119.971,0,0.000,0.013,0.080,0.007,0.013,0.002,0.0,1,0.0,6.530,12.50,1.04,0.00,0.00,0.00,0.00
6.56058,95.977,-119.971,0,0.000,0.016,0.081,0.004,0.016,0.003,0.0,1,0.0,6.541,12.50,1.04,0.00,0.00,0.00,0.00
6.57081,95.977,-119.971,0,0.000,0.016,0.081,0.004,0.016,0.002,0.0,1,0.0,6.541,12.50,1.04,0.00,0.00,0.00,0.00
6.58086,96.064,-119.883,0,0.000,0.016,0.081,0.004,0.016,0.000,0.0,1,0.0,6.551,12.50,1.04,0.00,0.00,0.00,0.00
6.60044,96.064,-119.883,0,0.000,0.016,0.081,0.005,0.016,0.000,0.0,1,0.0,6.574,12.50,1.04,0.00,0.00,0.00,0.00
6.61050,96.064,-119.883,0,0.000,0.014,0.081,0.005,0.014,-0.003,0.0,1,0.0,6.574,12.50,1.04,0.00,0.00,0.00,0.00
6.62073,96.064,-119.883,0,0.000,0.013,0.081,0.005,0.013,-0.005,0.0,1,0.0,6.594,12.50,1.04,0.00,0.00,0.00,0.00
6.63078,96.064,-119.883,0,0.000,0.013,0.082,0.007,0.013,-0.005,0.0,1,0.0,6.604,12.50,1.04,0.00,0.00,0.00,0.00
6.65036,96.064,-119.883,0,0.000,0.013,0.082,0.008,0.013,-0.002,0.0,1,0.0,6.627,12.50,1.04,0.00,0.00,0.00,0.00
6.66042,96.064,-119.883,0,0.000,0.013,0.082,0.008,0.013,0.000,0.0,1,0.0,6.639,12.50,1.04,0.00,0.00,0.00,0.00
6.67064,96.152,-119.795,0,0.000,0.015,0.082,0.008,0.015,0.000,0.0,1,0.0,6.639,12.50,1.04,0.00,0.00,0.00,0.00
6.68070,96.064,-119.883,0,0.000,0.016,0.082,0.010,0.016,0.001,0.0,1,0.0,6.657,12.50,1.04,0.00,0.00,0.00,0.00
6.70028,96.064,-119.883,0,0.000,0.016,0.083,0.007,0.016,-0.001,0.0,1,0.0,6.682,12.50,1.04,0.00,0.00,0.00,0.00
6.71034,96.152,-119.795,0,0.000,0.014,0.083,0.006,0.014,0.000,0.0,1,0.0,6.682,12.50,1.04,0.00,0.00,0.00,0.00
6.72056,96.064,-119.883,0,0.000,0.016,0.083,0.004,0.016,-0.002,0.0,1,0.0,6.691,12.50,1.04,0.00,0.00,0.00,0.00
6.73083,96.064,-119.883,0,0.000,0.014,0.083,0.000,0.014,0.001,0.0,1,0.0,6.706,12.50,1.04,0.00,0.00,0.00,0.00
6.75054,96.064,-119.883,0,0.000,0.014,0.083,0.001,0.014,0.003,0.0,1,0.0,6.724,12.50,1.04,0.00,0.00,0.00,0.00
6.76059,96.064,-119.883,0,0.000,0.014,0.083,0.003,0.014,0.001,0.0,1,0.0,6.737,12.50,1.04,0.00,0.00,0.00,0.00
6.78017,96.064,-119.883,0,0.000,0.012,0.084,0.003,0.012,0.001,0.0,1,0.0,6.758,12.50,1.04,0.00,0.00,0.00,0.00
6.79023,96.064,-119.883,0,0.000,0.010,0.084,0.004,0.010,0.003,0.0,1,0.0,6.772,12.50,1.04,0.00,0.00,0.00,0.00
6.80045,96.064,-119.883,0,0.000,0.011,0.084,0.008,0.011,0.004,0.0,1,0.0,6.772,12.50,1.04,0.00,0.00,0.00,0.00
6.81051,96.152,-119.795,0,0.000,0.013,0.084,0.007,0.013,0.003,0.0,1,0.0,6.786,12.50,1.04,0.00,0.00,0.00,0.00
6.83009,96.152,-119.795,0,0.000,0.016,0.084,0.009,0.016,0.000,0.0,1,0.0,6.799,12.50,1.04,0.00,0.00,0.00,0.00
6.84015,96.064,-119.883,0,0.000,0.017,0.084,0.008,0.017,-0.005,0.0,1,0.0,6.813,12.50,1.04,0.00,0.00,0.00,0.00
6.85037,96.064,-119.883,0,0.000,0.018,0.085,0.006,0.018,-0.005,0.0,1,0.0,6.828,12.50,1.04,0.00,0.00,0.00,0.00
6.86043,95.977,-119.971,0,0.000,0.017,0.085,0.005,0.017,-0.002,0.0,1,0.0,6.839,12.50,1.04,0.00,0.00,0.00,0.00
6.88001,96.064,-119.883,0,0.000,0.013,0.085,0.004,0.013,-0.005,0.0,1,0.0,6.860,12.50,1.04,0.00,0.00,0.00,0.00
6.89007,96.064,-119.883,0,0.000,0.010,0.085,0.005,0.010,-0.005,0.0,1,0.0,6.872,12.50,1.04,0.00,0.00,0.00,0.00
6.90031,96.152,-119.795,0,0.000,0.010,0.085,0.004,0.010,-0.005,0.0,1,0.0,6.882,12.50,1.04,0.00,0.00,0.00,0.00
6.91035,96.064,-119.883,0,0.000,0.010,0.085,0.004,0.010,-0.004,0.0,1,0.0,6.892,12.50,1.04,0.00,0.00,0.00,0.00
6.92993,96.064,-119.883,0,0.000,0.012,0.086,0.002,0.012,-0.003,0.0,1,0.0,6.903,12.50,1.04,0.00,0.00,0.00,0.00
6.93999,96.064,-119.883,0,0.000,0.011,0.086,0.004,0.011,-0.001,0.0,1,0.0,6.915,12.50,1.04,0.00,0.00,0.00,0.00
6.95021,96.064,-119.883,0,0.000,0.013,0.086,0.002,0.013,0.001,0.0,1,0.0,6.926,12.50,1.04,0.00,0.00,0.00,0.00
6.96027,96.064,-119.883,0,0.000,0.016,0.086,0.003,0.016,0.001,0.0,1,0.0,6.937,12.50,1.04,0.00,0.00,0.00,0.00
6.97985,96.064,-119.883,0,0.000,0.020,0.086,0.005,0.020,0.007,0.0,1,0.0,6.958,12.50,1.04,0.00,0.00,0.00,0.00
6.99019,95.977,-119.971,0,0.000,0.020,0.087,0.005,0.020,0.008,0.0,1,0.0,6.968,12.50,1.04,0.00,0.00,0.00,0.00
7.00982,96.152,-119.795,0,0.000,0.016,0.087,0.004,0.016,0.001,0.0,1,0.0,6.978,12.50,1.04,0.00,0.00,0.00,0.00
7.02005,96.064,-119.883,0,0.000,0.015,0.087,0.001,0.015,0.001,0.0,1,0.0,6.995,12.50,1.04,0.00,0.00,0.00,0.00
7.03010,96.064,-119.883,0,0.000,0.014,0.087,0.000,0.014,-0.001,0.0,1,0.0,7.010,12.50,1.04,0.00,0.00,0.00,0.00
7.04970,95.977,-119.971,0,0.000,0.010,0.087,0.004,0.010,-0.003,0.0,1,0.0,7.031,12.50,1.04,0.00,0.00,0.00,0.00
7.05974,96.064,-119.883,0,0.000,0.010,0.088,0.004,0.010,-0.001,0.0,1,0.0,7.031,12.50,1.04,0.00,0.00,0.00,0.00
7.06997,96.152,-119.795,0,0.000,0.012,0.088,0.006,0.012,0.000,0.0,1,0.0,7.043,12.50,1.04,0.00,0.00,0.00,0.00
7.08002,96.152,-119.795,0,0.000,0.013,0.088,0.004,0.013,-0.001,0.0,1,0.0,7.055,12.50,1.04,0.00,0.00,0.00,0.00
7.09961,96.064,-119.883,0,0.000,0.014,0.088,0.002,0.014,0.000,0.0,1,0.0,7.077,12.50,1.04,0.00,0.00,0.00,0.00
7.10966,96.064,-119.883,0,0.000,0.015,0.088,0.001,0.015,-0.001,0.0,1,0.0,7.077,12.50,1.04,0.00,0.00,0.00,0.00
7.11980,96.064,-119.883,0,0.000,0.017,0.088,0.005,0.017,-0.002,0.0,1,0.0,7.095,12.50,1.04,0.00,0.00,0.00,0.00
7.13939,96.064,-119.883,0,0.000,0.023,0.089,0.011,0.023,0.003,0.0,1,0.0,7.121,12.50,1.04,0.00,0.00,0.00,0.00
7.14944,96.152,-119.795,0,0.000,0.017,0.089,0.010,0.017,0.007,0.0,1,0.0,7.121,12.50,1.04,0.00,0.00,0.00,0.00
7.15967,95.977,-119.971,0,0.000,0.014,0.089,0.011,0.014,-0.001,0.0,1,0.0,7.132,12.50,1.04,0.00,0.00,0.00,0.00
7.16972,96.064,-119.883,0,0.000,0.010,0.089,0.007,0.010,-0.002,0.0,1,0.0,7.143,12.50,1.04,0.00,0.00,0.00,0.00
7.18931,96.064,-119.883,0,0.000,0.006,0.089,0.001,0.006,-0.001,0.0,1,0.0,7.158,12.50,1.04,0.00,0.00,0.00,0.00
7.19936,96.064,-119.883,0,0.000,0.008,0.089,0.008,0.008,-0.002,0.0,1,0.0,7.172,12.50,1.04,0.00,0.00,0.00,0.00
7.20959,96.064,-119.883,0,0.000,0.007,0.090,0.009,0.007,-0.001,0.0,1,0.0,7.183,12.50,1.04,0.00,0.00,0.00,0.00
7.21964,96.064,-119.883,0,0.000,0.010,0.090,0.008,0.010,-0.005,0.0,1,0.0,7.195,12.50,1.04,0.00,0.00,0.00,0.00
7.23923,96.064,-119.883,0,0.000,0.010,0.090,-0.004,0.010,0.000,0.0,1,0.0,7.216,12.50,1.04,0.00,0.00,0.00,0.00
7.24971,96.064,-119.883,0,0.000,0.013,0.090,0.000,0.013,0.000,0.0,1,0.0,7.228,12.50,1.04,0.00,0.00,0.00,0.00
7.26931,96.064,-119.883,0,0.000,0.020,0.090,0.001,0.020,0.007,0.0,1,0.0,7.254,12.50,1.04,0.00,0.00,0.00,0.00
7.27954,96.064,-119.883,0,0.000,0.023,0.091,0.000,0.023,0.005,0.0,1,0.0,7.262,12.50,1.04,0.00,0.00,0.00,0.00
7.28959,96.064,-119.883,0,0.000,0.019,0.091,0.003,0.019,0.003,0.0,1,0.0,7.262,12.50,1.04,0.00,0.00,0.00,0.00
7.30918,96.064,-119.883,0,0.000,0.014,0.091,0.011,0.014,0.006,0.0,1,0.0,7.282,12.50,1.04,0.00,0.00,0.00,0.00
7.31923,96.064,-119.883,0,0.000,0.011,0.091,0.016,0.011,0.000,0.0,1,0.0,7.295,12.50,1.04,0.00,0.00,0.00,0.00
7.32946,96.064,-119.883,0,0.000,0.010,0.091,0.016,0.010,-0.006,0.0,1,0.0,7.310,12.50,1.04,0.00,0.00,0.00,0.00
7.33951,96.152,-119.795,0,0.000,0.005,0.091,0.010,0.005,-0.006,0.0,1,0.0,7.310,12.50,1.04,0.00,0.00,0.00,0.00
7.35910,96.064,-119.883,0,0.000,0.006,0.091,0.005,0.006,-0.001,0.0,1,0.0,7.336,12.50,1.04,0.00,0.00,0.00,0.00
7.36915,96.064,-119.883,0,0.000,0.010,0.091,0.004,0.010,0.001,0.0,1,0.0,7.348,12.50,1.04,0.00,0.00,0.00,0.00
7.37929,96.064,-119.883,0,0.000,0.011,0.092,0.001,0.011,0.001,0.0,1,0.0,7.360,12.50,1.04,0.00,0.00,0.00,0.00
7.38952,95.977,-119.971,0,0.000,0.013,0.092,0.005,0.013,0.005,0.0,1,0.0,7.360,12.50,1.04,0.00,0.00,0.00,0.00
7.40893,96.064,-119.883,0,0.000,0.017,0.092,0.004,0.017,-0.003,0.0,1,0.0,7.386,12.50,1.04,0.00,0.00,0.00,0.00
7.41916,96.064,-119.883,0,0.000,0.019,0.092,0.004,0.019,-0.005,0.0,1,0.0,7.396,12.50,1.04,0.00,0.00,0.00,0.00
7.42921,96.064,-119.883,0,0.000,0.014,0.092,0.003,0.014,-0.006,0.0,1,0.0,7.408,12.50,1.04,0.00,0.00,0.00,0.00
7.43944,96.064,-119.883,0,0.000,0.010,0.092,0.001,0.010,-0.006,0.0,1,0.0,7.421,12.50,1.04,0.00,0.00,0.00,0.00
7.45885,96.152,-119.795,0,0.000,0.006,0.093,0.008,0.006,-0.010,0.0,1,0.0,7.421,12.50,1.04,0.00,0.00,0.00,0.00
7.46908,96.064,-119.883,0,0.000,0.005,0.093,0.010,0.005,-0.008,0.0,1,0.0,7.445,12.50,1.04,0.00,0.00,0.00,0.00
7.47913,96.064,-119.883,0,0.000,0.004,0.093,0.009,0.004,-0.008,0.0,1,0.0,7.456,12.50,1.04,0.00,0.00,0.00,0.00
7.48936,96.064,-119.883,0,0.000,0.002,0.093,0.007,0.002,-0.008,0.0,1,0.0,7.469,12.50,1.04,0.00,0.00,0.00,0.00
7.49973,96.064,-119.883,0,0.000,0.002,0.093,0.002,0.002,-0.007,0.0,1,0.0,7.479,12.50,1.04,0.00,0.00,0.00,0.00
7.51870,96.064,-119.883,0,0.000,0.009,0.093,-0.004,0.009,-0.004,0.0,1,0.0,7.491,12.50,1.04,0.00,0.00,0.00,0.00
7.52876,96.064,-119.883,0,0.000,0.014,0.093,-0.006,0.014,0.000,0.0,1,0.0,7.506,12.50,1.04,0.00,0.00,0.00,0.00
7.53898,96.064,-119.883,0,0.000,0.020,0.093,-0.007,0.020,-0.001,0.0,1,0.0,7.521,12.50,1.04,0.00,0.00,0.00,0.00
7.54904,96.152,-119.795,0,0.000,0.020,0.093,-0.008,0.020,0.001,0.0,1,0.0,7.521,12.50,1.04,0.00,0.00,0.00,0.00
7.56862,96.064,-119.883,0,0.000,0.018,0.094,0.001,0.018,-0.002,0.0,1,0.0,7.546,12.50,1.04,0.00,0.00,0.00,0.00
7.57868,96.064,-119.883,0,0.000,0.014,0.094,0.007,0.014,-0.004,0.0,1,0.0,7.556,12.50,1.04,0.00,0.00,0.00,0.00
7.58890,93.252,-122.695,0,0.000,1.292,0.107,0.151,1.292,-0.008,0.0,1,0.0,7.568,12.50,1.04,0.00,0.00,0.00,0.00
7.59896,93.779,-122.168,0,0.000,-0.207,0.105,0.102,-0.207,0.067,0.0,1,0.0,7.579,12.50,1.04,0.00,0.00,0.00,0.00
7.60918,93.691,-122.256,0,0.000,0.008,0.105,0.080,0.008,0.076,0.0,1,0.0,7.591,12.50,1.04,0.00,0.00,0.00,0.00
