t_s,enc_as5600_deg,acc_deg,clar_counts,clar_deg,a_belt,a_rod,v_belt,axW,ayW,azW,cmd_sps,cmd_dir,cmd_vel,cam_t_s,cam_x_mm,cam_y_mm,cam_dx_mm,cam_dy_mm,cam_vx_mm,cam_vy_mm
0.01063,41.660,0.000,0,0.000,0.001,-0.001,0.006,0.003,0.001,-0.001,2500.0,-1,-2500.0,nan,nan,nan,nan,nan,nan,nan
0.03021,41.660,0.000,0,0.000,0.004,0.000,0.006,0.006,0.004,0.000,2500.0,-1,-2500.0,0.009,0.00,0.00,0.00,0.00,0.00,0.00
0.04027,41.660,0.000,0,0.000,0.002,0.001,0.006,0.007,0.002,0.001,2500.0,-1,-2500.0,0.009,0.00,0.00,0.00,0.00,0.00,0.00
0.05049,41.660,0.000,0,0.000,0.002,0.000,0.006,0.007,0.002,0.000,2500.0,-1,-2500.0,0.025,0.00,0.00,0.00,0.00,0.00,0.00
0.06055,41.660,0.000,0,0.000,0.002,0.001,0.006,0.004,0.002,0.001,2500.0,-1,-2500.0,0.037,0.00,0.00,0.00,0.00,0.00,0.00
0.08013,41.660,0.000,0,0.000,0.003,0.004,0.006,0.004,0.003,0.004,2500.0,-1,-2500.0,0.057,0.00,0.00,0.00,0.00,0.00,0.00
0.09019,41.660,0.000,0,0.000,0.003,0.002,0.006,0.003,0.003,0.002,2500.0,-1,-2500.0,0.068,0.00,0.00,0.00,0.00,0.00,0.00
0.10041,41.572,-0.088,0,0.000,0.001,0.002,0.006,0.004,0.001,0.002,2500.0,-1,-2500.0,0.081,0.00,0.00,0.00,0.00,0.00,0.00
0.11047,41.660,0.000,0,0.000,0.002,0.004,0.006,0.002,0.002,0.004,2500.0,-1,-2500.0,0.081,0.00,0.00,0.00,0.00,0.00,0.00
0.13005,41.660,0.000,0,0.000,0.001,0.002,0.006,0.002,0.001,0.002,2500.0,-1,-2500.0,0.105,0.00,0.00,0.00,0.00,0.00,0.00
0.14011,41.660,0.000,0,0.000,0.004,-0.001,0.006,0.004,0.004,-0.001,2500.0,-1,-2500.0,0.119,0.00,0.00,0.00,0.00,0.00,0.00
0.15033,41.660,0.000,0,0.000,0.005,0.000,0.006,0.000,0.005,0.000,2500.0,-1,-2500.0,0.130,0.00,0.00,0.00,0.00,0.00,0.00
0.16039,41.660,0.000,0,0.000,0.007,0.000,0.006,0.000,0.007,0.000,2500.0,-1,-2500.0,0.130,0.00,0.00,0.00,0.00,0.00,0.00
0.17997,41.660,0.000,0,0.000,0.001,-0.001,0.006,0.002,0.001,-0.001,2500.0,-1,-2500.0,0.154,0.00,0.00,0.00,0.00,0.00,0.00
0.19003,41.660,0.000,0,0.000,0.004,0.000,0.007,0.001,0.004,0.000,2500.0,-1,-2500.0,0.171,0.00,0.00,0.00,0.00,0.00,0.00
0.20025,41.660,0.000,0,0.000,0.006,0.003,0.007,0.003,0.006,0.003,2500.0,-1,-2500.0,0.182,0.00,0.00,0.00,0.00,0.00,0.00
0.21032,41.660,0.000,0,0.000,0.007,0.005,0.007,0.003,0.007,0.005,2500.0,-1,-2500.0,0.192,0.00,0.00,0.00,0.00,0.00,0.00
0.22989,41.748,0.088,0,0.000,0.007,0.006,0.007,0.004,0.007,0.006,2500.0,-1,-2500.0,0.203,0.00,0.00,0.00,0.00,0.00,0.00
0.23995,41.660,0.000,0,0.000,0.007,0.003,0.007,0.004,0.007,0.003,2500.0,-1,-2500.0,0.217,0.00,0.00,0.00,0.00,0.00,0.00
0.25017,41.660,0.000,0,0.000,0.008,0.003,0.007,0.004,0.008,0.003,2500.0,-1,-2500.0,0.229,0.00,0.00,0.00,0.00,0.00,0.00
0.31800,41.660,0.000,0,0.000,0.011,0.001,0.008,0.002,0.011,0.001,2500.0,-1,-2500.0,0.242,0.00,0.00,0.00,0.00,0.00,0.00
0.32990,41.660,0.000,0,0.000,0.008,0.000,0.008,0.002,0.008,0.000,2500.0,-1,-2500.0,0.242,0.00,0.00,0.00,0.00,0.00,0.00
0.33995,41.660,0.000,0,0.000,0.010,0.002,0.008,0.005,0.010,0.002,2500.0,-1,-2500.0,0.242,0.00,0.00,0.00,0.00,0.00,0.00
0.35018,41.660,0.000,0,0.000,0.009,0.004,0.008,0.001,0.009,0.004,2500.0,-1,-2500.0,0.329,0.00,0.00,0.00,0.00,0.00,0.00
0.36023,41.660,0.000,0,0.000,0.008,0.005,0.008,0.007,0.008,0.005,2500.0,-1,-2500.0,0.337,0.00,0.00,0.00,0.00,0.00,0.00
0.37982,41.660,0.000,0,0.000,0.006,0.004,0.008,0.011,0.006,0.004,2500.0,-1,-2500.0,0.357,0.00,0.00,0.00,0.00,0.00,0.00
0.38987,41.660,0.000,0,0.000,0.005,0.001,0.008,0.008,0.005,0.001,2500.0,-1,-2500.0,0.357,0.00,0.00,0.00,0.00,0.00,0.00
0.40010,41.660,0.000,0,0.000,0.005,0.000,0.008,0.011,0.005,0.000,2500.0,-1,-2500.0,0.373,0.00,0.00,0.00,0.00,0.00,0.00
0.41951,41.660,0.000,0,0.000,0.002,0.002,0.008,0.011,0.002,0.002,2500.0,-1,-2500.0,0.397,0.00,0.00,0.00,0.00,0.00,0.00
0.42974,41.660,0.000,0,0.000,0.004,0.004,0.008,0.007,0.004,0.004,2500.0,-1,-2500.0,0.407,0.00,0.00,0.00,0.00,0.00,0.00
0.46342,41.660,0.000,0,0.000,0.005,0.000,0.009,0.007,0.005,0.000,2500.0,-1,-2500.0,0.420,0.00,0.00,0.00,0.00,0.00,0.00
0.47986,41.660,0.000,0,0.000,0.003,-0.004,0.009,0.007,0.003,-0.004,2500.0,-1,-2500.0,0.452,0.00,0.00,0.00,0.00,0.00,0.00
0.48992,41.660,0.000,0,0.000,0.004,-0.001,0.009,0.006,0.004,-0.001,2500.0,-1,-2500.0,0.471,0.00,0.00,0.00,0.00,0.00,0.00
0.50951,41.660,0.000,0,0.000,0.002,0.005,0.009,0.007,0.002,0.005,2500.0,-1,-2500.0,0.481,0.00,0.00,0.00,0.00,0.00,0.00
0.51956,41.660,0.000,0,0.000,0.002,0.006,0.009,0.010,0.002,0.006,2500.0,-1,-2500.0,0.493,0.00,0.00,0.00,0.00,0.00,0.00
0.52978,41.660,0.000,0,0.000,0.006,0.009,0.009,0.010,0.006,0.009,2500.0,-1,-2500.0,0.504,0.00,0.00,0.00,0.00,0.00,0.00
0.53984,41.660,0.000,0,0.000,0.002,0.006,0.009,0.011,0.002,0.006,2500.0,-1,-2500.0,0.504,0.00,0.00,0.00,0.00,0.00,0.00
0.55942,41.660,0.000,0,0.000,0.000,0.006,0.009,0.014,0.000,0.006,2500.0,-1,-2500.0,0.535,0.00,0.00,0.00,0.00,0.00,0.00
0.56948,41.660,0.000,0,0.000,0.001,0.008,0.009,0.010,0.001,0.008,2500.0,-1,-2500.0,0.549,0.00,0.00,0.00,0.00,0.00,0.00
0.57970,41.660,0.000,0,0.000,0.003,0.008,0.009,0.008,0.003,0.008,2500.0,-1,-2500.0,0.558,0.00,0.00,0.00,0.00,0.00,0.00
0.58979,41.660,0.000,0,0.000,0.005,0.008,0.009,0.007,0.005,0.008,2500.0,-1,-2500.0,0.570,0.00,0.00,0.00,0.00,0.00,0.00
0.60981,41.660,0.000,0,0.000,0.005,0.008,0.009,0.004,0.005,0.008,2500.0,-1,-2500.0,0.584,0.00,0.00,0.00,0.00,0.00,0.00
0.62922,41.660,0.000,0,0.000,0.004,0.009,0.009,0.004,0.004,0.009,2500.0,-1,-2500.0,0.605,0.00,0.00,0.00,0.00,0.00,0.00
0.63945,41.660,0.000,0,0.000,0.001,0.011,0.009,0.004,0.001,0.011,2500.0,-1,-2500.0,0.605,0.00,0.00,0.00,0.00,0.00,0.00
0.64950,41.660,0.000,0,0.000,0.000,0.013,0.009,0.002,0.000,0.013,2500.0,-1,-2500.0,0.624,0.00,0.00,0.00,0.00,0.00,0.00
0.65972,41.660,0.000,0,0.000,0.002,0.011,0.009,0.004,0.002,0.011,2500.0,-1,-2500.0,0.635,0.00,0.00,0.00,0.00,0.00,0.00
0.67914,41.660,0.000,0,0.000,0.005,0.006,0.009,0.007,0.005,0.006,2500.0,-1,-2500.0,0.649,0.00,0.00,0.00,0.00,0.00,0.00
0.68937,41.660,0.000,0,0.000,0.009,0.007,0.009,0.005,0.009,0.007,2500.0,-1,-2500.0,0.662,0.00,0.00,0.00,0.00,0.00,0.00
0.69942,41.660,0.000,0,0.000,0.008,0.007,0.009,0.003,0.008,0.007,2500.0,-1,-2500.0,0.673,0.00,0.00,0.00,0.00,0.00,0.00
0.70964,41.660,0.000,0,0.000,0.008,0.007,0.009,0.003,0.008,0.007,2500.0,-1,-2500.0,0.687,0.00,0.00,0.00,0.00,0.00,0.00
0.71994,41.660,0.000,0,0.000,0.008,0.008,0.010,0.003,0.008,0.008,2500.0,-1,-2500.0,0.698,0.00,0.00,0.00,0.00,0.00,0.00
0.73952,41.748,0.088,0,0.000,0.008,0.003,0.010,0.006,0.008,0.003,2500.0,-1,-2500.0,0.715,0.00,0.00,0.00,0.00,0.00,0.00
0.75911,41.660,0.000,0,0.000,0.007,0.003,0.010,0.007,0.007,0.003,2500.0,-1,-2500.0,0.739,0.00,0.00,0.00,0.00,0.00,0.00
0.76916,41.660,0.000,0,0.000,0.009,0.003,0.010,0.008,0.009,0.003,2500.0,-1,-2500.0,0.750,0.00,0.00,0.00,0.00,0.00,0.00
0.77940,41.660,0.000,0,0.000,0.009,0.005,0.010,0.007,0.009,0.005,2500.0,-1,-2500.0,0.759,0.00,0.00,0.00,0.00,0.00,0.00
0.78944,41.660,0.000,0,0.000,0.011,0.008,0.010,0.008,0.011,0.008,2500.0,-1,-2500.0,0.759,0.00,0.00,0.00,0.00,0.00,0.00
0.80902,41.660,0.000,0,0.000,0.013,0.003,0.010,0.003,0.013,0.003,2500.0,-1,-2500.0,0.785,0.00,0.00,0.00,0.00,0.00,0.00
0.81908,41.660,0.000,0,0.000,0.009,0.002,0.010,0.003,0.009,0.002,2500.0,-1,-2500.0,0.798,0.00,0.00,0.00,0.00,0.00,0.00
0.82931,41.660,0.000,0,0.000,0.010,0.002,0.011,0.006,0.010,0.002,2500.0,-1,-2500.0,0.798,0.00,0.00,0.00,0.00,0.00,0.00
0.83936,41.660,0.000,0,0.000,0.010,0.004,0.011,0.005,0.010,0.004,2500.0,-1,-2500.0,0.810,0.00,0.00,0.00,0.00,0.00,0.00
0.85895,41.660,0.000,0,0.000,0.009,0.007,0.011,0.004,0.009,0.007,2500.0,-1,-2500.0,0.839,0.00,0.00,0.00,0.00,0.00,0.00
0.86900,41.660,0.000,0,0.000,0.010,0.006,0.011,0.004,0.010,0.006,2500.0,-1,-2500.0,0.853,0.00,0.00,0.00,0.00,0.00,0.00
0.87923,41.660,0.000,0,0.000,0.010,0.007,0.011,0.003,0.010,0.007,2500.0,-1,-2500.0,0.862,0.00,0.00,0.00,0.00,0.00,0.00
0.88928,41.660,0.000,0,0.000,0.010,0.004,0.011,0.008,0.010,0.004,2500.0,-1,-2500.0,0.862,0.00,0.00,0.00,0.00,0.00,0.00
0.90886,41.660,0.000,0,0.000,0.007,0.001,0.011,0.006,0.007,0.001,2500.0,-1,-2500.0,0.887,0.00,0.00,0.00,0.00,0.00,0.00
0.91892,41.660,0.000,0,0.000,0.005,0.002,0.011,0.002,0.005,0.002,2500.0,-1,-2500.0,0.899,0.00,0.00,0.00,0.00,0.00,0.00
0.92915,41.660,0.000,0,0.000,0.004,0.000,0.011,0.004,0.004,0.000,2500.0,-1,-2500.0,0.899,0.00,0.00,0.00,0.00,0.00,0.00
0.93920,41.660,0.000,0,0.000,0.005,0.000,0.011,0.001,0.005,0.000,2500.0,-1,-2500.0,0.910,0.00,0.00,0.00,0.00,0.00,0.00
0.95878,41.660,0.000,0,0.000,0.007,-0.002,0.012,0.002,0.007,-0.002,2500.0,-1,-2500.0,0.935,0.00,0.00,0.00,0.00,0.00,0.00
0.96884,41.660,0.000,0,0.000,0.008,-0.004,0.012,0.001,0.008,-0.004,2500.0,-1,-2500.0,0.950,0.00,0.00,0.00,0.00,0.00,0.00
0.98020,41.660,0.000,0,0.000,0.007,-0.001,0.012,0.000,0.007,-0.001,2500.0,-1,-2500.0,0.950,0.00,0.00,0.00,0.00,0.00,0.00
0.99903,41.660,0.000,0,0.000,0.005,0.001,0.012,-0.002,0.005,0.001,2500.0,-1,-2500.0,0.975,0.00,0.00,0.00,0.00,0.00,0.00
1.00909,29.443,-12.217,0,0.000,-0.064,0.562,0.011,0.125,-0.064,0.562,2500.0,-1,-2500.0,0.989,0.00,0.00,0.00,0.00,0.00,0.00
1.02867,3.955,-37.705,0,0.000,0.003,0.306,0.011,0.072,0.003,0.306,2500.0,-1,-2500.0,1.002,0.00,0.00,0.00,0.00,0.00,0.00
1.03873,350.420,-51.240,0,0.000,-0.003,0.143,0.011,0.051,-0.003,0.143,2500.0,-1,-2500.0,1.011,0.00,0.00,0.00,0.00,0.00,0.00
1.04895,337.061,-64.600,0,0.000,0.043,0.185,0.011,0.048,0.043,0.185,0.0,1,0.0,1.023,0.00,0.00,0.00,0.00,0.00,0.00
1.05901,335.918,-65.742,0,0.000,0.083,-0.291,0.012,0.001,0.083,-0.291,0.0,1,0.0,1.039,0.00,-0.12,0.00,-0.12,0.00,-9.34
1.07859,335.303,-66.357,0,0.000,0.136,-0.219,0.014,0.124,0.136,-0.219,0.0,1,0.0,1.051,0.00,0.45,0.00,0.57,0.00,43.53
1.08865,335.391,-66.270,0,0.000,0.113,-0.036,0.016,0.103,0.113,-0.036,0.0,1,0.0,1.063,-0.14,0.74,-0.14,0.29,-10.41,21.67
1.09887,335.391,-66.270,0,0.000,0.077,-0.152,0.016,0.116,0.077,-0.152,0.0,1,0.0,1.074,-0.14,0.74,0.00,0.00,0.00,0.00
1.10893,335.391,-66.270,0,0.000,0.050,-0.125,0.017,0.062,0.050,-0.125,0.0,1,0.0,1.088,-0.02,1.30,0.12,0.56,9.72,44.57
1.12851,335.303,-66.357,0,0.000,0.023,-0.048,0.018,0.016,0.023,-0.048,0.0,1,0.0,1.101,-0.10,1.17,-0.08,-0.13,-5.56,-8.90
1.13857,335.391,-66.270,0,0.000,0.023,-0.084,0.018,0.035,0.023,-0.084,0.0,1,0.0,1.116,0.04,1.17,0.13,0.00,8.95,0.00
1.14879,335.391,-66.270,0,0.000,0.019,0.011,0.018,-0.005,0.019,0.011,0.0,1,0.0,1.116,0.04,1.17,0.13,0.00,8.95,0.00
1.15885,335.391,-66.270,0,0.000,0.017,-0.005,0.018,0.016,0.017,-0.005,0.0,1,0.0,1.130,-0.02,1.29,-0.06,0.12,-4.06,8.75
1.17843,335.391,-66.270,0,0.000,0.013,0.004,0.018,0.004,0.013,0.004,0.0,1,0.0,1.156,0.13,1.30,0.00,0.08,0.00,5.37
1.18849,335.391,-66.270,0,0.000,0.017,0.014,0.019,0.012,0.017,0.014,0.0,1,0.0,1.171,0.04,1.30,-0.08,0.00,-6.16,0.00
1.19871,335.391,-66.270,0,0.000,0.019,-0.042,0.019,0.023,0.019,-0.042,0.0,1,0.0,1.182,0.04,1.24,0.00,-0.06,0.00,-5.89
1.20877,335.391,-66.270,0,0.000,0.016,-0.004,0.019,0.019,0.016,-0.004,0.0,1,0.0,1.182,0.04,1.24,0.00,-0.06,0.00,-5.89
1.22835,335.391,-66.270,0,0.000,0.019,-0.016,0.019,0.011,0.019,-0.016,0.0,1,0.0,1.204,0.04,1.31,0.00,0.00,0.00,0.00
1.23873,335.391,-66.270,0,0.000,0.018,0.002,0.020,0.004,0.018,0.002,0.0,1,0.0,1.216,0.04,1.31,0.00,0.00,0.00,0.00
1.25831,335.391,-66.270,0,0.000,0.017,-0.003,0.020,-0.016,0.017,-0.003,0.0,1,0.0,1.242,0.04,1.26,0.00,-0.05,0.00,-5.68
1.26854,335.391,-66.270,0,0.000,0.010,0.000,0.020,-0.016,0.010,0.000,0.0,1,0.0,1.247,0.04,1.26,0.00,0.00,0.00,0.00
1.27859,335.391,-66.270,0,0.000,0.009,0.020,0.020,-0.015,0.009,0.020,0.0,1,0.0,1.247,0.04,1.26,0.00,0.00,0.00,0.00
1.29818,335.391,-66.270,0,0.000,-0.002,0.000,0.020,-0.014,-0.002,0.000,0.0,1,0.0,1.276,0.04,1.21,0.00,0.00,0.00,0.00
1.30824,335.391,-66.270,0,0.000,-0.005,0.014,0.020,-0.010,-0.005,0.014,0.0,1,0.0,1.276,0.04,1.21,0.00,0.00,0.00,0.00
1.31846,335.391,-66.270,0,0.000,-0.007,0.000,0.020,-0.005,-0.007,0.000,0.0,1,0.0,1.293,0.04,1.21,0.00,0.00,0.00,0.00
1.32851,335.391,-66.270,0,0.000,-0.004,-0.003,0.020,0.005,-0.004,-0.003,0.0,1,0.0,1.304,0.04,1.21,0.00,0.00,0.00,0.00
1.34810,335.391,-66.270,0,0.000,0.001,-0.001,0.020,0.008,0.001,-0.001,0.0,1,0.0,1.327,0.04,1.21,0.00,0.00,0.00,0.00
1.35816,335.391,-66.270,0,0.000,0.006,-0.007,0.020,0.004,0.006,-0.007,0.0,1,0.0,1.342,0.04,1.21,0.00,0.00,0.00,0.00
1.36829,335.391,-66.270,0,0.000,0.012,0.006,0.020,0.001,0.012,0.006,0.0,1,0.0,1.351,0.04,1.21,0.00,0.00,0.00,0.00
1.38788,335.391,-66.270,0,0.000,0.017,0.000,0.020,-0.014,0.017,0.000,0.0,1,0.0,1.369,0.04,1.21,0.00,0.00,0.00,0.00
1.39793,335.391,-66.270,0,0.000,0.019,0.007,0.021,-0.019,0.019,0.007,0.0,1,0.0,1.376,0.04,1.21,0.00,0.00,0.00,0.00
1.40818,335.391,-66.270,0,0.000,0.017,0.005,0.021,-0.014,0.017,0.005,0.0,1,0.0,1.388,0.04,1.21,0.00,0.00,0.00,0.00
1.41822,335.391,-66.270,0,0.000,0.016,0.001,0.021,-0.011,0.016,0.001,0.0,1,0.0,1.388,0.04,1.21,0.00,0.00,0.00,0.00
1.43780,335.391,-66.270,0,0.000,0.007,0.005,0.021,-0.002,0.007,0.005,0.0,1,0.0,1.409,0.04,1.21,0.00,0.00,0.00,0.00
1.44785,335.391,-66.270,0,0.000,0.001,0.000,0.021,0.000,0.001,0.000,0.0,1,0.0,1.423,0.04,1.21,0.00,0.00,0.00,0.00
1.45808,335.391,-66.270,0,0.000,-0.003,-0.001,0.021,0.002,-0.003,-0.001,0.0,1,0.0,1.439,0.04,1.21,0.00,0.00,0.00,0.00
1.46814,335.391,-66.270,0,0.000,-0.008,0.001,0.021,0.007,-0.008,0.001,0.0,1,0.0,1.439,0.04,1.21,0.00,0.00,0.00,0.00
1.48772,335.391,-66.270,0,0.000,-0.002,0.004,0.021,0.002,-0.002,0.004,0.0,1,0.0,1.468,0.04,1.21,0.00,0.00,0.00,0.00
1.49828,335.391,-66.270,0,0.000,0.000,0.004,0.021,0.000,0.000,0.004,0.0,1,0.0,1.479,0.04,1.21,0.00,0.00,0.00,0.00
1.51798,335.391,-66.270,0,0.000,0.010,-0.001,0.021,-0.011,0.010,-0.001,0.0,1,0.0,1.491,0.04,1.21,0.00,0.00,0.00,0.00
1.52820,335.391,-66.270,0,0.000,0.012,-0.001,0.021,-0.013,0.012,-0.001,0.0,1,0.0,1.505,0.04,1.21,0.00,0.00,0.00,0.00
1.54763,335.391,-66.270,0,0.000,0.018,0.001,0.022,-0.007,0.018,0.001,0.0,1,0.0,1.529,0.04,1.21,0.00,0.00,0.00,0.00
1.55784,335.391,-66.270,0,0.000,0.019,0.002,0.022,-0.002,0.019,0.002,0.0,1,0.0,1.529,0.04,1.21,0.00,0.00,0.00,0.00
1.56790,335.479,-66.182,0,0.000,0.017,0.004,0.022,-0.001,0.017,0.004,0.0,1,0.0,1.541,0.04,1.21,0.00,0.00,0.00,0.00
1.57812,335.479,-66.182,0,0.000,0.013,0.004,0.022,0.003,0.013,0.004,0.0,1,0.0,1.556,0.04,1.21,0.00,0.00,0.00,0.00
1.59754,335.391,-66.270,0,0.000,0.005,-0.001,0.022,0.005,0.005,-0.001,0.0,1,0.0,1.577,0.04,1.21,0.00,0.00,0.00,0.00
1.60776,335.391,-66.270,0,0.000,0.002,-0.001,0.022,0.002,0.002,-0.001,0.0,1,0.0,1.577,0.04,1.21,0.00,0.00,0.00,0.00
1.61782,335.391,-66.270,0,0.000,0.003,0.000,0.022,0.004,0.003,0.000,0.0,1,0.0,1.590,0.04,1.21,0.00,0.00,0.00,0.00
1.62826,335.391,-66.270,0,0.000,0.000,-0.001,0.022,0.000,0.000,-0.001,0.0,1,0.0,1.603,0.04,1.21,0.00,0.00,0.00,0.00
1.64798,335.391,-66.270,0,0.000,0.001,0.003,0.022,-0.006,0.001,0.003,0.0,1,0.0,1.634,0.04,1.21,0.00,0.00,0.00,0.00
1.66739,335.391,-66.270,0,0.000,0.007,0.009,0.022,-0.007,0.007,0.009,0.0,1,0.0,1.640,0.04,1.21,0.00,0.00,0.00,0.00
1.67762,335.391,-66.270,0,0.000,0.009,0.011,0.022,-0.005,0.009,0.011,0.0,1,0.0,1.657,0.04,1.21,0.00,0.00,0.00,0.00
1.68767,335.391,-66.270,0,0.000,0.011,0.008,0.023,-0.004,0.011,0.008,0.0,1,0.0,1.669,0.04,1.21,0.00,0.00,0.00,0.00
1.69790,335.391,-66.270,0,0.000,0.009,0.007,0.023,0.001,0.009,0.007,0.0,1,0.0,1.669,0.04,1.21,0.00,0.00,0.00,0.00
1.71731,335.391,-66.270,0,0.000,0.010,0.001,0.023,0.006,0.010,0.001,0.0,1,0.0,1.695,0.04,1.21,0.00,0.00,0.00,0.00
1.72754,335.391,-66.270,0,0.000,0.009,-0.003,0.023,0.004,0.009,-0.003,0.0,1,0.0,1.707,0.04,1.21,0.00,0.00,0.00,0.00
1.73759,335.391,-66.270,0,0.000,0.007,-0.001,0.023,0.006,0.007,-0.001,0.0,1,0.0,1.717,0.04,1.21,0.00,0.00,0.00,0.00
1.74782,335.391,-66.270,0,0.000,0.010,0.001,0.023,0.001,0.010,0.001,0.0,1,0.0,1.728,0.04,1.21,0.00,0.00,0.00,0.00
1.76732,335.391,-66.270,0,0.000,0.010,-0.001,0.023,-0.003,0.010,-0.001,0.0,1,0.0,1.750,0.04,1.21,0.00,0.00,0.00,0.00
1.77737,335.391,-66.270,0,0.000,0.008,-0.001,0.023,-0.003,0.008,-0.001,0.0,1,0.0,1.750,0.04,1.21,0.00,0.00,0.00,0.00
1.78760,335.391,-66.270,0,0.000,0.008,0.001,0.023,-0.008,0.008,0.001,0.0,1,0.0,1.764,0.04,1.21,0.00,0.00,0.00,0.00
1.79765,335.479,-66.182,0,0.000,0.005,0.007,0.024,-0.008,0.005,0.007,0.0,1,0.0,1.775,0.04,1.21,0.00,0.00,0.00,0.00
1.81724,335.391,-66.270,0,0.000,0.004,0.007,0.024,-0.004,0.004,0.007,0.0,1,0.0,1.797,0.04,1.21,0.00,0.00,0.00,0.00
1.82729,335.391,-66.270,0,0.000,0.006,0.007,0.024,-0.001,0.006,0.007,0.0,1,0.0,1.809,0.04,1.21,0.00,0.00,0.00,0.00
1.83752,335.391,-66.270,0,0.000,0.007,0.006,0.024,0.001,0.007,0.006,0.0,1,0.0,1.809,0.04,1.21,0.00,0.00,0.00,0.00
1.84757,335.303,-66.357,0,0.000,0.011,0.008,0.024,0.001,0.011,0.008,0.0,1,0.0,1.821,0.04,1.21,0.00,0.00,0.00,0.00
1.86716,335.391,-66.270,0,0.000,0.014,0.003,0.024,0.001,0.014,0.003,0.0,1,0.0,1.843,0.04,1.21,0.00,0.00,0.00,0.00
1.87721,335.391,-66.270,0,0.000,0.015,0.002,0.024,0.000,0.015,0.002,0.0,1,0.0,1.856,0.04,1.21,0.00,0.00,0.00,0.00
1.88770,335.391,-66.270,0,0.000,0.014,0.003,0.024,-0.003,0.014,0.003,0.0,1,0.0,1.869,0.04,1.21,0.00,0.00,0.00,0.00
1.90735,335.391,-66.270,0,0.000,0.016,0.002,0.025,-0.005,0.016,0.002,0.0,1,0.0,1.879,0.04,1.21,0.00,0.00,0.00,0.00
1.91758,335.391,-66.270,0,0.000,0.016,0.005,0.025,-0.007,0.016,0.005,0.0,1,0.0,1.895,0.04,1.21,0.00,0.00,0.00,0.00
1.93699,335.391,-66.270,0,0.000,0.012,0.001,0.025,-0.002,0.012,0.001,0.0,1,0.0,1.914,0.04,1.21,0.00,0.00,0.00,0.00
1.94722,335.391,-66.270,0,0.000,0.011,0.003,0.025,-0.003,0.011,0.003,0.0,1,0.0,1.927,0.04,1.21,0.00,0.00,0.00,0.00
1.95727,335.479,-66.182,0,0.000,0.010,0.003,0.025,-0.001,0.010,0.003,0.0,1,0.0,1.927,0.04,1.21,0.00,0.00,0.00,0.00
1.96750,335.391,-66.270,0,0.000,0.009,0.003,0.025,0.000,0.009,0.003,0.0,1,0.0,1.940,0.04,1.21,0.00,0.00,0.00,0.00
1.98691,335.391,-66.270,0,0.000,0.010,0.007,0.026,0.002,0.010,0.007,0.0,1,0.0,1.956,0.04,1.21,0.00,0.00,0.00,0.00
1.99714,335.391,-66.270,0,0.000,0.011,0.005,0.026,0.002,0.011,0.005,0.0,1,0.0,1.968,0.04,1.21,0.00,0.00,0.00,0.00
2.00719,335.391,-66.270,0,0.000,0.011,0.002,0.026,0.000,0.011,0.002,0.0,1,0.0,1.982,0.04,1.21,0.00,0.00,0.00,0.00
2.01742,335.303,-66.357,0,0.000,0.010,0.007,0.026,0.000,0.010,0.007,0.0,1,0.0,1.995,0.04,1.21,0.00,0.00,0.00,0.00
2.03683,335.391,-66.270,0,0.000,0.013,0.003,0.026,-0.004,0.013,0.003,0.0,1,0.0,2.018,0.04,1.21,0.00,0.00,0.00,0.00
2.04707,335.479,-66.182,0,0.000,0.014,0.001,0.026,-0.004,0.014,0.001,0.0,1,0.0,2.028,0.04,1.21,0.00,0.00,0.00,0.00
2.05711,335.391,-66.270,0,0.000,0.010,-0.003,0.026,-0.003,0.010,-0.003,0.0,1,0.0,2.028,0.04,1.21,0.00,0.00,0.00,0.00
2.07670,335.391,-66.270,0,0.000,0.008,-0.007,0.027,-0.002,0.008,-0.007,0.0,1,0.0,2.051,0.04,1.21,0.00,0.00,0.00,0.00
2.08675,335.391,-66.270,0,0.000,0.008,-0.008,0.027,-0.001,0.008,-0.008,0.0,1,0.0,2.068,0.04,1.21,0.00,0.00,0.00,0.00
2.09698,335.391,-66.270,0,0.000,0.005,-0.005,0.027,0.000,0.005,-0.005,0.0,1,0.0,2.068,0.04,1.21,0.00,0.00,0.00,0.00
2.10703,335.391,-66.270,0,0.000,0.005,-0.004,0.027,0.001,0.005,-0.004,0.0,1,0.0,2.080,0.04,1.21,0.00,0.00,0.00,0.00
2.11726,335.391,-66.270,0,0.000,0.005,-0.003,0.027,0.000,0.005,-0.003,0.0,1,0.0,2.095,0.04,1.21,0.00,0.00,0.00,0.00
2.13667,335.391,-66.270,0,0.000,0.005,-0.004,0.027,-0.001,0.005,-0.004,0.0,1,0.0,2.118,0.04,1.21,0.00,0.00,0.00,0.00
2.14718,335.391,-66.270,0,0.000,0.007,0.000,0.027,0.000,0.007,0.000,0.0,1,0.0,2.118,0.04,1.21,0.00,0.00,0.00,0.00
2.16681,335.303,-66.357,0,0.000,0.009,0.000,0.027,0.000,0.009,0.000,0.0,1,0.0,2.142,0.04,1.21,0.00,0.00,0.00,0.00
2.17704,335.391,-66.270,0,0.000,0.011,0.002,0.027,-0.001,0.011,0.002,0.0,1,0.0,2.155,0.04,1.21,0.00,0.00,0.00,0.00
2.18709,335.391,-66.270,0,0.000,0.013,0.000,0.027,-0.001,0.013,0.000,0.0,1,0.0,2.166,0.04,1.21,0.00,0.00,0.00,0.00
2.20668,335.391,-66.270,0,0.000,0.011,-0.001,0.028,0.004,0.011,-0.001,0.0,1,0.0,2.178,0.04,1.21,0.00,0.00,0.00,0.00
2.21673,335.391,-66.270,0,0.000,0.010,-0.002,0.028,0.003,0.010,-0.002,0.0,1,0.0,2.189,0.04,1.21,0.00,0.00,0.00,0.00
2.22696,335.391,-66.270,0,0.000,0.009,-0.004,0.028,0.002,0.009,-0.004,0.0,1,0.0,2.202,0.04,1.21,0.00,0.00,0.00,0.00
2.23701,335.391,-66.270,0,0.000,0.008,-0.002,0.028,0.000,0.008,-0.002,0.0,1,0.0,2.217,0.04,1.21,0.00,0.00,0.00,0.00
2.25660,335.391,-66.270,0,0.000,0.011,0.001,0.028,-0.001,0.011,0.001,0.0,1,0.0,2.228,0.04,1.21,0.00,0.00,0.00,0.00
2.26666,335.391,-66.270,0,0.000,0.012,0.001,0.028,0.000,0.012,0.001,0.0,1,0.0,2.238,0.04,1.21,0.00,0.00,0.00,0.00
2.27680,335.391,-66.270,0,0.000,0.011,0.000,0.028,-0.001,0.011,0.000,0.0,1,0.0,2.250,0.04,1.21,0.00,0.00,0.00,0.00
2.29638,335.391,-66.270,0,0.000,0.012,0.002,0.029,-0.004,0.012,0.002,0.0,1,0.0,2.277,0.04,1.21,0.00,0.00,0.00,0.00
2.30644,335.391,-66.270,0,0.000,0.012,0.004,0.029,-0.002,0.012,0.004,0.0,1,0.0,2.284,0.04,1.21,0.00,0.00,0.00,0.00
2.31666,335.391,-66.270,0,0.000,0.013,0.000,0.029,-0.004,0.013,0.000,0.0,1,0.0,2.294,0.04,1.21,0.00,0.00,0.00,0.00
2.32672,335.391,-66.270,0,0.000,0.013,0.001,0.029,0.000,0.013,0.001,0.0,1,0.0,2.294,0.04,1.21,0.00,0.00,0.00,0.00
2.34630,335.479,-66.182,0,0.000,0.014,0.003,0.029,0.001,0.014,0.003,0.0,1,0.0,2.323,0.04,1.21,0.00,0.00,0.00,0.00
2.35635,335.391,-66.270,0,0.000,0.013,0.004,0.029,0.000,0.013,0.004,0.0,1,0.0,2.333,0.04,1.21,0.00,0.00,0.00,0.00
2.36658,335.391,-66.270,0,0.000,0.012,0.001,0.029,0.001,0.012,0.001,0.0,1,0.0,2.343,0.04,1.21,0.00,0.00,0.00,0.00
2.37665,335.391,-66.270,0,0.000,0.012,-0.003,0.030,0.000,0.012,-0.003,0.0,1,0.0,2.356,0.04,1.21,0.00,0.00,0.00,0.00
2.39622,335.391,-66.270,0,0.000,0.009,-0.003,0.030,0.001,0.009,-0.003,0.0,1,0.0,2.367,0.04,1.21,0.00,0.00,0.00,0.00
2.40665,335.391,-66.270,0,0.000,0.007,-0.002,0.030,0.002,0.007,-0.002,0.0,1,0.0,2.382,0.04,1.21,0.00,0.00,0.00,0.00
2.42623,335.391,-66.270,0,0.000,0.007,0.001,0.030,0.001,0.007,0.001,0.0,1,0.0,2.393,0.04,1.21,0.00,0.00,0.00,0.00
2.43645,335.391,-66.270,0,0.000,0.007,0.002,0.030,0.001,0.007,0.002,0.0,1,0.0,2.414,0.04,1.21,0.00,0.00,0.00,0.00
2.44651,335.391,-66.270,0,0.000,0.006,0.002,0.030,0.005,0.006,0.002,0.0,1,0.0,2.421,0.04,1.21,0.00,0.00,0.00,0.00
2.46609,335.391,-66.270,0,0.000,0.008,0.001,0.030,0.007,0.008,0.001,0.0,1,0.0,2.446,0.04,1.21,0.00,0.00,0.00,0.00
2.47615,335.391,-66.270,0,0.000,0.010,0.002,0.030,0.007,0.010,0.002,0.0,1,0.0,2.446,0.04,1.21,0.00,0.00,0.00,0.00
2.48637,335.479,-66.182,0,0.000,0.010,0.004,0.030,0.008,0.010,0.004,0.0,1,0.0,2.462,0.04,1.21,0.00,0.00,0.00,0.00
2.49642,335.391,-66.270,0,0.000,0.010,0.002,0.031,0.003,0.010,0.002,0.0,1,0.0,2.470,0.04,1.21,0.00,0.00,0.00,0.00
2.51601,335.391,-66.270,0,0.000,0.010,0.007,0.031,0.002,0.010,0.007,0.0,1,0.0,2.495,0.04,1.21,0.00,0.00,0.00,0.00
2.52607,335.391,-66.270,0,0.000,0.008,0.005,0.031,0.000,0.008,0.005,0.0,1,0.0,2.505,0.04,1.21,0.00,0.00,0.00,0.00
2.53648,335.391,-66.270,0,0.000,0.009,0.003,0.031,-0.001,0.009,0.003,0.0,1,0.0,2.505,0.04,1.21,0.00,0.00,0.00,0.00
2.55642,335.391,-66.270,0,0.000,0.008,0.002,0.031,-0.002,0.008,0.002,0.0,1,0.0,2.541,0.04,1.21,0.00,0.00,0.00,0.00
2.57601,335.391,-66.270,0,0.000,0.008,0.000,0.031,-0.001,0.008,0.000,0.0,1,0.0,2.559,0.04,1.21,0.00,0.00,0.00,0.00
2.58606,335.391,-66.270,0,0.000,0.009,0.003,0.031,0.003,0.009,0.003,0.0,1,0.0,2.559,0.04,1.21,0.00,0.00,0.00,0.00
2.59629,335.479,-66.182,0,0.000,0.009,0.002,0.031,0.002,0.009,0.002,0.0,1,0.0,2.573,0.04,1.21,0.00,0.00,0.00,0.00
2.60634,335.391,-66.270,0,0.000,0.010,0.002,0.032,0.004,0.010,0.002,0.0,1,0.0,2.584,0.04,1.21,0.00,0.00,0.00,0.00
2.62593,335.479,-66.182,0,0.000,0.007,0.005,0.032,0.005,0.007,0.005,0.0,1,0.0,2.597,0.04,1.21,0.00,0.00,0.00,0.00
2.63598,335.391,-66.270,0,0.000,0.008,0.008,0.032,0.003,0.008,0.008,0.0,1,0.0,2.608,0.04,1.21,0.00,0.00,0.00,0.00
2.64621,335.391,-66.270,0,0.000,0.007,0.008,0.032,0.005,0.007,0.008,0.0,1,0.0,2.626,0.04,1.21,0.00,0.00,0.00,0.00
2.65626,335.391,-66.270,0,0.000,0.007,0.007,0.032,0.003,0.007,0.007,0.0,1,0.0,2.635,0.04,1.21,0.00,0.00,0.00,0.00
2.67585,335.391,-66.270,0,0.000,0.008,0.002,0.032,0.001,0.008,0.002,0.0,1,0.0,2.645,0.04,1.21,0.00,0.00,0.00,0.00
2.68590,335.391,-66.270,0,0.000,0.011,0.003,0.032,0.002,0.011,0.003,0.0,1,0.0,2.658,0.04,1.21,0.00,0.00,0.00,0.00
2.69613,335.391,-66.270,0,0.000,0.011,-0.002,0.032,0.004,0.011,-0.002,0.0,1,0.0,2.673,0.04,1.21,0.00,0.00,0.00,0.00
2.70618,335.391,-66.270,0,0.000,0.011,-0.005,0.032,0.004,0.011,-0.005,0.0,1,0.0,2.683,0.04,1.21,0.00,0.00,0.00,0.00
2.72577,335.391,-66.270,0,0.000,0.010,0.000,0.033,0.004,0.010,0.000,0.0,1,0.0,2.704,0.04,1.21,0.00,0.00,0.00,0.00
2.73584,335.391,-66.270,0,0.000,0.011,-0.002,0.033,0.004,0.011,-0.002,0.0,1,0.0,2.716,0.04,1.21,0.00,0.00,0.00,0.00
2.74605,335.391,-66.270,0,0.000,0.011,-0.002,0.033,0.004,0.011,-0.002,0.0,1,0.0,2.716,0.04,1.21,0.00,0.00,0.00,0.00
2.75610,335.391,-66.270,0,0.000,0.010,0.000,0.033,0.007,0.010,0.000,0.0,1,0.0,2.729,0.04,1.21,0.00,0.00,0.00,0.00
2.77569,335.391,-66.270,0,0.000,0.016,-0.002,0.033,0.007,0.016,-0.002,0.0,1,0.0,2.744,0.04,1.21,0.00,0.00,0.00,0.00
2.78575,335.391,-66.270,0,0.000,0.017,-0.005,0.033,0.002,0.017,-0.005,0.0,1,0.0,2.758,0.04,1.21,0.00,0.00,0.00,0.00
2.79708,335.391,-66.270,0,0.000,0.011,-0.003,0.034,0.002,0.011,-0.003,0.0,1,0.0,2.769,0.04,1.21,0.00,0.00,0.00,0.00
2.81590,335.391,-66.270,0,0.000,0.016,0.000,0.034,0.003,0.016,0.000,0.0,1,0.0,2.793,0.04,1.21,0.00,0.00,0.00,0.00
2.82595,335.391,-66.270,0,0.000,0.014,0.000,0.034,0.002,0.014,0.000,0.0,1,0.0,2.806,0.04,1.21,0.00,0.00,0.00,0.00
2.84554,335.391,-66.270,0,0.000,0.014,0.001,0.034,0.004,0.014,0.001,0.0,1,0.0,2.821,0.04,1.21,0.00,0.00,0.00,0.00
2.85559,335.391,-66.270,0,0.000,0.013,0.001,0.034,0.004,0.013,0.001,0.0,1,0.0,2.831,0.04,1.21,0.00,0.00,0.00,0.00
2.86581,335.391,-66.270,0,0.000,0.013,0.007,0.034,0.005,0.013,0.007,0.0,1,0.0,2.842,0.04,1.21,0.00,0.00,0.00,0.00
2.87587,335.391,-66.270,0,0.000,0.013,0.002,0.035,0.008,0.013,0.002,0.0,1,0.0,2.855,0.04,1.21,0.00,0.00,0.00,0.00
2.89546,335.391,-66.270,0,0.000,0.013,0.007,0.035,0.005,0.013,0.007,0.0,1,0.0,2.870,0.04,1.21,0.00,0.00,0.00,0.00
2.90551,335.391,-66.270,0,0.000,0.016,0.010,0.035,0.002,0.016,0.010,0.0,1,0.0,2.886,0.04,1.21,0.00,0.00,0.00,0.00
2.91575,335.391,-66.270,0,0.000,0.017,0.011,0.035,0.003,0.017,0.011,0.0,1,0.0,2.899,0.04,1.21,0.00,0.00,0.00,0.00
2.92579,335.391,-66.270,0,0.000,0.018,0.010,0.035,0.002,0.018,0.010,0.0,1,0.0,2.899,0.04,1.21,0.00,0.00,0.00,0.00
2.94538,335.391,-66.270,0,0.000,0.019,0.001,0.036,0.000,0.019,0.001,0.0,1,0.0,2.926,0.04,1.21,0.00,0.00,0.00,0.00
2.95543,335.391,-66.270,0,0.000,0.014,0.000,0.036,0.001,0.014,0.000,0.0,1,0.0,2.938,0.04,1.21,0.00,0.00,0.00,0.00
2.96567,335.391,-66.270,0,0.000,0.014,0.000,0.036,0.001,0.014,0.000,0.0,1,0.0,2.948,0.04,1.21,0.00,0.00,0.00,0.00
2.97571,335.391,-66.270,0,0.000,0.012,0.001,0.036,0.005,0.012,0.001,0.0,1,0.0,2.948,0.04,1.21,0.00,0.00,0.00,0.00
2.99530,335.391,-66.270,0,0.000,0.013,0.004,0.036,0.006,0.013,0.004,0.0,1,0.0,2.958,0.04,1.21,0.00,0.00,0.00,0.00
3.00535,335.391,-66.270,0,0.000,0.009,0.004,0.036,0.003,0.009,0.004,0.0,1,0.0,2.979,0.04,1.21,0.00,0.00,0.00,0.00
3.01558,335.479,-66.182,0,0.000,0.008,0.000,0.037,0.006,0.008,0.000,0.0,1,0.0,2.991,0.04,1.21,0.00,0.00,0.00,0.00
3.02563,335.391,-66.270,0,0.000,0.008,0.001,0.037,0.004,0.008,0.001,0.0,1,0.0,2.991,0.04,1.21,0.00,0.00,0.00,0.00
3.04521,335.391,-66.270,0,0.000,0.008,0.001,0.037,0.000,0.008,0.001,0.0,1,0.0,3.021,0.04,1.21,0.00,0.00,0.00,0.00
3.05562,335.391,-66.270,0,0.000,0.008,0.000,0.037,-0.001,0.008,0.000,0.0,1,0.0,3.034,0.04,1.21,0.00,0.00,0.00,0.00
3.07522,335.391,-66.270,0,0.000,0.009,0.000,0.037,0.000,0.009,0.000,0.0,1,0.0,3.061,0.04,1.21,0.00,0.00,0.00,0.00
3.08543,335.391,-66.270,0,0.000,0.010,0.000,0.037,-0.001,0.010,0.000,0.0,1,0.0,3.061,0.04,1.21,0.00,0.00,0.00,0.00
3.09548,335.479,-66.182,0,0.000,0.008,0.002,0.037,0.001,0.008,0.002,0.0,1,0.0,3.069,0.04,1.21,0.00,0.00,0.00,0.00
3.11507,335.391,-66.270,0,0.000,0.010,0.004,0.037,0.000,0.010,0.004,0.0,1,0.0,3.095,0.04,1.21,0.00,0.00,0.00,0.00
3.12512,335.479,-66.182,0,0.000,0.013,0.003,0.038,-0.004,0.013,0.003,0.0,1,0.0,3.107,0.04,1.21,0.00,0.00,0.00,0.00
3.13535,335.391,-66.270,0,0.000,0.014,0.000,0.038,-0.001,0.014,0.000,0.0,1,0.0,3.107,0.04,1.21,0.00,0.00,0.00,0.00
3.14540,335.303,-66.357,0,0.000,0.015,0.002,0.038,-0.005,0.015,0.002,0.0,1,0.0,3.122,0.04,1.21,0.00,0.00,0.00,0.00
3.16499,335.391,-66.270,0,0.000,0.017,0.005,0.038,-0.003,0.017,0.005,0.0,1,0.0,3.144,0.04,1.21,0.00,0.00,0.00,0.00
3.17504,335.391,-66.270,0,0.000,0.019,0.004,0.038,-0.001,0.019,0.004,0.0,1,0.0,3.153,0.04,1.21,0.00,0.00,0.00,0.00
3.18518,335.391,-66.270,0,0.000,0.017,0.000,0.039,-0.001,0.017,0.000,0.0,1,0.0,3.153,0.04,1.21,0.00,0.00,0.00,0.00
3.19541,335.391,-66.270,0,0.000,0.014,-0.002,0.039,0.001,0.014,-0.002,0.0,1,0.0,3.168,0.04,1.21,0.00,0.00,0.00,0.00
3.21482,335.391,-66.270,0,0.000,0.011,-0.001,0.039,0.002,0.011,-0.001,0.0,1,0.0,3.192,0.04,1.21,0.00,0.00,0.00,0.00
3.22505,335.391,-66.270,0,0.000,0.013,-0.002,0.039,0.002,0.013,-0.002,0.0,1,0.0,3.205,0.04,1.21,0.00,0.00,0.00,0.00
3.23510,335.391,-66.270,0,0.000,0.011,-0.004,0.039,0.004,0.011,-0.004,0.0,1,0.0,3.205,0.04,1.21,0.00,0.00,0.00,0.00
3.25469,335.391,-66.270,0,0.000,0.011,-0.003,0.039,0.001,0.011,-0.003,0.0,1,0.0,3.231,0.04,1.21,0.00,0.00,0.00,0.00
3.26474,335.391,-66.270,0,0.000,0.010,-0.002,0.039,0.000,0.010,-0.002,0.0,1,0.0,3.243,0.04,1.21,0.00,0.00,0.00,0.00
3.27497,335.479,-66.182,0,0.000,0.013,0.000,0.040,0.003,0.013,0.000,0.0,1,0.0,3.252,0.04,1.21,0.00,0.00,0.00,0.00
3.28502,335.391,-66.270,0,0.000,0.011,0.002,0.040,0.002,0.011,0.002,0.0,1,0.0,3.252,0.04,1.21,0.00,0.00,0.00,0.00
3.29525,335.391,-66.270,0,0.000,0.012,0.001,0.040,0.004,0.012,0.001,0.0,1,0.0,3.265,0.04,1.21,0.00,0.00,0.00,0.00
3.30552,335.391,-66.270,0,0.000,0.010,0.000,0.040,0.002,0.010,0.000,0.0,1,0.0,3.280,0.04,1.21,0.00,0.00,0.00,0.00
3.32515,335.391,-66.270,0,0.000,0.008,0.005,0.040,0.001,0.008,0.005,0.0,1,0.0,3.302,0.04,1.21,0.00,0.00,0.00,0.00
3.34474,335.479,-66.182,0,0.000,0.008,0.000,0.040,0.001,0.008,0.000,0.0,1,0.0,3.315,0.04,1.21,0.00,0.00,0.00,0.00
3.35479,335.391,-66.270,0,0.000,0.009,0.001,0.040,0.002,0.009,0.001,0.0,1,0.0,3.331,0.04,1.21,0.00,0.00,0.00,0.00
3.36502,335.391,-66.270,0,0.000,0.008,-0.001,0.040,0.000,0.008,-0.001,0.0,1,0.0,3.340,0.04,1.21,0.00,0.00,0.00,0.00
3.37507,335.391,-66.270,0,0.000,0.008,-0.001,0.040,0.000,0.008,-0.001,0.0,1,0.0,3.352,0.04,1.21,0.00,0.00,0.00,0.00
3.39466,335.391,-66.270,0,0.000,0.011,-0.006,0.041,0.000,0.011,-0.006,0.0,1,0.0,3.375,0.04,1.21,0.00,0.00,0.00,0.00
3.40471,335.391,-66.270,0,0.000,0.012,-0.002,0.041,0.000,0.012,-0.002,0.0,1,0.0,3.375,0.04,1.21,0.00,0.00,0.00,0.00
3.41494,335.391,-66.270,0,0.000,0.010,-0.001,0.041,0.003,0.010,-0.001,0.0,1,0.0,3.391,0.04,1.21,0.00,0.00,0.00,0.00
3.42499,335.391,-66.270,0,0.000,0.011,-0.001,0.041,0.003,0.011,-0.001,0.0,1,0.0,3.402,0.04,1.21,0.00,0.00,0.00,0.00
3.44449,335.303,-66.357,0,0.000,0.012,0.001,0.041,0.004,0.012,0.001,0.0,1,0.0,3.425,0.04,1.21,0.00,0.00,0.00,0.00
3.45472,335.391,-66.270,0,0.000,0.015,0.002,0.041,0.002,0.015,0.002,0.0,1,0.0,3.425,0.04,1.21,0.00,0.00,0.00,0.00
3.46477,335.391,-66.270,0,0.000,0.017,0.006,0.042,0.004,0.017,0.006,0.0,1,0.0,3.440,0.04,1.21,0.00,0.00,0.00,0.00
3.48436,335.391,-66.270,0,0.000,0.017,0.005,0.042,0.007,0.017,0.005,0.0,1,0.0,3.462,0.04,1.21,0.00,0.00,0.00,0.00
3.49441,335.391,-66.270,0,0.000,0.014,0.005,0.042,0.008,0.014,0.005,0.0,1,0.0,3.473,0.04,1.21,0.00,0.00,0.00,0.00
3.50464,335.479,-66.182,0,0.000,0.015,0.002,0.042,0.007,0.015,0.002,0.0,1,0.0,3.473,0.04,1.21,0.00,0.00,0.00,0.00
3.51469,335.391,-66.270,0,0.000,0.016,0.000,0.042,0.002,0.016,0.000,0.0,1,0.0,3.486,0.04,1.21,0.00,0.00,0.00,0.00
3.53428,335.391,-66.270,0,0.000,0.016,0.002,0.043,0.002,0.016,0.002,0.0,1,0.0,3.510,0.04,1.21,0.00,0.00,0.00,0.00
3.54433,335.391,-66.270,0,0.000,0.015,0.002,0.043,0.005,0.015,0.002,0.0,1,0.0,3.523,0.04,1.21,0.00,0.00,0.00,0.00
3.55457,335.391,-66.270,0,0.000,0.013,0.003,0.043,0.005,0.013,0.003,0.0,1,0.0,3.537,0.04,1.21,0.00,0.00,0.00,0.00
3.56484,335.391,-66.270,0,0.000,0.013,0.005,0.043,0.007,0.013,0.005,0.0,1,0.0,3.547,0.04,1.21,0.00,0.00,0.00,0.00
3.58447,335.391,-66.270,0,0.000,0.015,0.006,0.043,0.005,0.015,0.006,0.0,1,0.0,3.557,0.04,1.21,0.00,0.00,0.00,0.00
3.59470,335.391,-66.270,0,0.000,0.013,0.006,0.043,0.001,0.013,0.006,0.0,1,0.0,3.572,0.04,1.21,0.00,0.00,0.00,0.00
3.61411,335.391,-66.270,0,0.000,0.013,0.001,0.044,0.004,0.013,0.001,0.0,1,0.0,3.584,0.04,1.21,0.00,0.00,0.00,0.00
3.62434,335.391,-66.270,0,0.000,0.012,0.001,0.044,0.007,0.012,0.001,0.0,1,0.0,3.599,0.04,1.21,0.00,0.00,0.00,0.00
3.63439,335.391,-66.270,0,0.000,0.013,0.000,0.044,0.000,0.013,0.000,0.0,1,0.0,3.611,0.04,1.21,0.00,0.00,0.00,0.00
3.64462,335.391,-66.270,0,0.000,0.014,-0.001,0.044,0.003,0.014,-0.001,0.0,1,0.0,3.621,0.04,1.21,0.00,0.00,0.00,0.00
3.66403,335.391,-66.270,0,0.000,0.014,0.002,0.044,0.005,0.014,0.002,0.0,1,0.0,3.640,0.04,1.21,0.00,0.00,0.00,0.00
3.67426,335.391,-66.270,0,0.000,0.015,0.005,0.045,0.002,0.015,0.005,0.0,1,0.0,3.650,0.04,1.21,0.00,0.00,0.00,0.00
3.68431,335.391,-66.270,0,0.000,0.014,0.005,0.045,0.002,0.014,0.005,0.0,1,0.0,3.662,0.04,1.21,0.00,0.00,0.00,0.00
3.69446,335.391,-66.270,0,0.000,0.016,0.007,0.045,0.000,0.016,0.007,0.0,1,0.0,3.673,0.04,1.21,0.00,0.00,0.00,0.00
3.70452,335.391,-66.270,0,0.000,0.016,0.009,0.045,0.004,0.016,0.009,0.0,1,0.0,3.673,0.04,1.21,0.00,0.00,0.00,0.00
3.72410,335.391,-66.270,0,0.000,0.014,0.007,0.045,0.007,0.014,0.007,0.0,1,0.0,3.703,0.04,1.21,0.00,0.00,0.00,0.00
3.73415,335.391,-66.270,0,0.000,0.014,0.006,0.045,0.004,0.014,0.006,0.0,1,0.0,3.712,0.04,1.21,0.00,0.00,0.00,0.00
3.74440,335.391,-66.270,0,0.000,0.013,0.004,0.046,0.004,0.013,0.004,0.0,1,0.0,3.722,0.04,1.21,0.00,0.00,0.00,0.00
3.75444,335.391,-66.270,0,0.000,0.013,0.000,0.046,0.000,0.013,0.000,0.0,1,0.0,3.722,0.04,1.21,0.00,0.00,0.00,0.00
3.77402,335.391,-66.270,0,0.000,0.011,-0.004,0.046,-0.001,0.011,-0.004,0.0,1,0.0,3.737,0.04,1.21,0.00,0.00,0.00,0.00
3.78408,335.479,-66.182,0,0.000,0.010,-0.001,0.046,0.000,0.010,-0.001,0.0,1,0.0,3.760,0.04,1.21,0.00,0.00,0.00,0.00
3.79430,335.391,-66.270,0,0.000,0.009,0.000,0.046,0.000,0.009,0.000,0.0,1,0.0,3.769,0.04,1.21,0.00,0.00,0.00,0.00
3.80435,335.391,-66.270,0,0.000,0.010,0.003,0.046,0.004,0.010,0.003,0.0,1,0.0,3.782,0.04,1.21,0.00,0.00,0.00,0.00
3.82385,335.391,-66.270,0,0.000,0.014,0.007,0.047,0.004,0.014,0.007,0.0,1,0.0,3.800,0.04,1.21,0.00,0.00,0.00,0.00
3.83408,335.391,-66.270,0,0.000,0.014,0.006,0.047,0.000,0.014,0.006,0.0,1,0.0,3.815,0.04,1.21,0.00,0.00,0.00,0.00
3.84414,335.391,-66.270,0,0.000,0.012,0.005,0.047,0.000,0.012,0.005,0.0,1,0.0,3.824,0.04,1.21,0.00,0.00,0.00,0.00
3.86372,335.391,-66.270,0,0.000,0.013,0.004,0.047,0.000,0.013,0.004,0.0,1,0.0,3.842,0.04,1.21,0.00,0.00,0.00,0.00
3.87378,335.391,-66.270,0,0.000,0.014,0.002,0.047,0.000,0.014,0.002,0.0,1,0.0,3.852,0.04,1.21,0.00,0.00,0.00,0.00
3.88400,335.391,-66.270,0,0.000,0.011,0.002,0.047,-0.003,0.011,0.002,0.0,1,0.0,3.865,0.04,1.21,0.00,0.00,0.00,0.00
3.89406,335.391,-66.270,0,0.000,0.010,0.001,0.047,-0.004,0.010,0.001,0.0,1,0.0,3.865,0.04,1.21,0.00,0.00,0.00,0.00
3.91364,335.391,-66.270,0,0.000,0.014,-0.001,0.048,-0.002,0.014,-0.001,0.0,1,0.0,3.888,0.04,1.21,0.00,0.00,0.00,0.00
3.92370,335.391,-66.270,0,0.000,0.014,-0.004,0.048,-0.001,0.014,-0.004,0.0,1,0.0,3.899,0.04,1.21,0.00,0.00,0.00,0.00
3.93392,335.391,-66.270,0,0.000,0.013,-0.002,0.048,-0.002,0.013,-0.002,0.0,1,0.0,3.913,0.04,1.21,0.00,0.00,0.00,0.00
3.94422,335.391,-66.270,0,0.000,0.012,-0.001,0.048,0.001,0.012,-0.001,0.0,1,0.0,3.913,0.04,1.21,0.00,0.00,0.00,0.00
3.96385,335.391,-66.270,0,0.000,0.017,0.005,0.048,0.002,0.017,0.005,0.0,1,0.0,3.944,0.04,1.21,0.00,0.00,0.00,0.00
3.97408,335.391,-66.270,0,0.000,0.014,0.000,0.048,0.003,0.014,0.000,0.0,1,0.0,3.955,0.04,1.21,0.00,0.00,0.00,0.00
3.99349,335.391,-66.270,0,0.000,0.016,-0.002,0.049,0.002,0.016,-0.002,0.0,1,0.0,3.969,0.04,1.21,0.00,0.00,0.00,0.00
4.00371,335.391,-66.270,0,0.000,0.017,0.000,0.049,0.001,0.017,0.000,0.0,1,0.0,3.979,0.04,1.21,0.00,0.00,0.00,0.00
4.01377,335.391,-66.270,0,0.000,0.017,0.000,0.049,0.002,0.017,0.000,0.0,1,0.0,3.992,0.04,1.21,0.00,0.00,0.00,0.00
4.02399,335.391,-66.270,0,0.000,0.014,0.000,0.049,0.003,0.014,0.000,0.0,1,0.0,4.004,0.04,1.21,0.00,0.00,0.00,0.00
4.04341,335.391,-66.270,0,0.000,0.011,-0.003,0.050,0.000,0.011,-0.003,0.0,1,0.0,4.016,0.04,1.21,0.00,0.00,0.00,0.00
4.05364,335.391,-66.270,0,0.000,0.011,-0.003,0.050,0.000,0.011,-0.003,0.0,1,0.0,4.029,0.04,1.21,0.00,0.00,0.00,0.00
4.06369,335.391,-66.270,0,0.000,0.011,-0.002,0.050,-0.001,0.011,-0.002,0.0,1,0.0,4.047,0.04,1.21,0.00,0.00,0.00,0.00
4.07392,335.391,-66.270,0,0.000,0.013,0.002,0.050,0.000,0.013,0.002,0.0,1,0.0,4.047,0.04,1.21,0.00,0.00,0.00,0.00
4.09333,335.391,-66.270,0,0.000,0.015,0.000,0.050,0.002,0.015,0.000,0.0,1,0.0,4.073,0.04,1.21,0.00,0.00,0.00,0.00
4.10355,335.391,-66.270,0,0.000,0.015,0.004,0.050,0.004,0.015,0.004,0.0,1,0.0,4.081,0.04,1.21,0.00,0.00,0.00,0.00
4.11361,335.391,-66.270,0,0.000,0.014,0.001,0.050,0.007,0.014,0.001,0.0,1,0.0,4.092,0.04,1.21,0.00,0.00,0.00,0.00
4.12384,335.391,-66.270,0,0.000,0.016,0.000,0.051,0.005,0.016,0.000,0.0,1,0.0,4.104,0.04,1.21,0.00,0.00,0.00,0.00
4.14325,335.391,-66.270,0,0.000,0.011,-0.003,0.051,0.005,0.011,-0.003,0.0,1,0.0,4.115,0.04,1.21,0.00,0.00,0.00,0.00
4.15347,335.391,-66.270,0,0.000,0.012,-0.004,0.051,0.004,0.012,-0.004,0.0,1,0.0,4.128,0.04,1.21,0.00,0.00,0.00,0.00
4.16353,335.391,-66.270,0,0.000,0.014,-0.001,0.051,0.005,0.014,-0.001,0.0,1,0.0,4.141,0.04,1.21,0.00,0.00,0.00,0.00
4.17375,335.391,-66.270,0,0.000,0.013,0.001,0.051,0.004,0.013,0.001,0.0,1,0.0,4.152,0.04,1.21,0.00,0.00,0.00,0.00
4.19317,335.391,-66.270,0,0.000,0.013,-0.001,0.051,0.003,0.013,-0.001,0.0,1,0.0,4.165,0.04,1.21,0.00,0.00,0.00,0.00
4.20362,335.391,-66.270,0,0.000,0.015,-0.006,0.052,0.001,0.015,-0.006,0.0,1,0.0,4.179,0.04,1.21,0.00,0.00,0.00,0.00
4.22321,335.391,-66.270,0,0.000,0.019,-0.009,0.052,-0.001,0.019,-0.009,0.0,1,0.0,4.198,0.04,1.21,0.00,0.00,0.00,0.00
4.23344,335.391,-66.270,0,0.000,0.019,-0.006,0.052,0.002,0.019,-0.006,0.0,1,0.0,4.198,0.04,1.21,0.00,0.00,0.00,0.00
4.24349,335.391,-66.270,0,0.000,0.019,-0.001,0.052,0.000,0.019,-0.001,0.0,1,0.0,4.219,0.04,1.21,0.00,0.00,0.00,0.00
4.26307,335.391,-66.270,0,0.000,0.017,0.000,0.053,-0.003,0.017,0.000,0.0,1,0.0,4.240,0.04,1.21,0.00,0.00,0.00,0.00
4.27313,335.303,-66.357,0,0.000,0.014,0.001,0.053,0.002,0.014,0.001,0.0,1,0.0,4.253,0.04,1.21,0.00,0.00,0.00,0.00
4.28335,335.391,-66.270,0,0.000,0.014,0.004,0.053,0.001,0.014,0.004,0.0,1,0.0,4.253,0.04,1.21,0.00,0.00,0.00,0.00
4.29341,335.391,-66.270,0,0.000,0.016,0.003,0.053,0.003,0.016,0.003,0.0,1,0.0,4.265,0.04,1.21,0.00,0.00,0.00,0.00
4.31299,335.391,-66.270,0,0.000,0.012,0.001,0.053,0.002,0.012,0.001,0.0,1,0.0,4.290,0.04,1.21,0.00,0.00,0.00,0.00
4.32305,335.391,-66.270,0,0.000,0.013,-0.001,0.054,0.000,0.013,-0.001,0.0,1,0.0,4.303,0.04,1.21,0.00,0.00,0.00,0.00
4.33329,335.479,-66.182,0,0.000,0.013,0.000,0.054,0.003,0.013,0.000,0.0,1,0.0,4.313,0.04,1.21,0.00,0.00,0.00,0.00
4.34333,335.391,-66.270,0,0.000,0.013,0.001,0.054,0.001,0.013,0.001,0.0,1,0.0,4.313,0.04,1.21,0.00,0.00,0.00,0.00
4.36291,335.303,-66.357,0,0.000,0.013,0.002,0.054,0.003,0.013,0.002,0.0,1,0.0,4.339,0.04,1.21,0.00,0.00,0.00,0.00
4.37297,335.391,-66.270,0,0.000,0.011,0.004,0.054,0.002,0.011,0.004,0.0,1,0.0,4.351,0.04,1.21,0.00,0.00,0.00,0.00
4.38319,335.391,-66.270,0,0.000,0.010,0.002,0.054,-0.001,0.010,0.002,0.0,1,0.0,4.351,0.04,1.21,0.00,0.00,0.00,0.00
4.39325,335.479,-66.182,0,0.000,0.010,0.001,0.054,0.002,0.010,0.001,0.0,1,0.0,4.364,0.04,1.21,0.00,0.00,0.00,0.00
4.41283,335.391,-66.270,0,0.000,0.012,0.001,0.055,0.002,0.012,0.001,0.0,1,0.0,4.389,0.04,1.21,0.00,0.00,0.00,0.00
4.42289,335.391,-66.270,0,0.000,0.011,0.003,0.055,0.003,0.011,0.003,0.0,1,0.0,4.389,0.04,1.21,0.00,0.00,0.00,0.00
4.43312,335.391,-66.270,0,0.000,0.013,0.004,0.055,0.006,0.013,0.004,0.0,1,0.0,4.408,0.04,1.21,0.00,0.00,0.00,0.00
4.44317,335.391,-66.270,0,0.000,0.012,0.001,0.055,0.007,0.012,0.001,0.0,1,0.0,4.419,0.04,1.21,0.00,0.00,0.00,0.00
4.45366,335.391,-66.270,0,0.000,0.009,0.001,0.055,0.008,0.009,0.001,0.0,1,0.0,4.428,0.04,1.21,0.00,0.00,0.00,0.00
4.47245,335.391,-66.270,0,0.000,0.012,-0.001,0.055,0.008,0.012,-0.001,0.0,1,0.0,4.438,0.04,1.21,0.00,0.00,0.00,0.00
4.48268,335.391,-66.270,0,0.000,0.014,0.000,0.055,0.004,0.014,0.000,0.0,1,0.0,4.454,0.04,1.21,0.00,0.00,0.00,0.00
4.49273,335.391,-66.270,0,0.000,0.014,0.000,0.056,0.005,0.014,0.000,0.0,1,0.0,4.467,0.04,1.21,0.00,0.00,0.00,0.00
4.50296,335.391,-66.270,0,0.000,0.017,-0.001,0.056,0.003,0.017,-0.001,0.0,1,0.0,4.478,0.04,1.21,0.00,0.00,0.00,0.00
4.51301,335.391,-66.270,0,0.000,0.018,-0.001,0.056,0.004,0.018,-0.001,0.0,1,0.0,4.490,0.04,1.21,0.00,0.00,0.00,0.00
4.53260,335.391,-66.270,0,0.000,0.014,0.002,0.056,0.008,0.014,0.002,0.0,1,0.0,4.504,0.04,1.21,0.00,0.00,0.00,0.00
4.54265,335.391,-66.270,0,0.000,0.017,0.002,0.056,0.006,0.017,0.002,0.0,1,0.0,4.519,0.04,1.21,0.00,0.00,0.00,0.00
4.55288,335.391,-66.270,0,0.000,0.017,0.003,0.057,0.007,0.017,0.003,0.0,1,0.0,4.534,0.04,1.21,0.00,0.00,0.00,0.00
4.56293,335.391,-66.270,0,0.000,0.017,0.001,0.057,0.003,0.017,0.001,0.0,1,0.0,4.534,0.04,1.21,0.00,0.00,0.00,0.00
4.57427,335.391,-66.270,0,0.000,0.016,0.001,0.057,0.004,0.016,0.001,0.0,1,0.0,4.546,0.04,1.21,0.00,0.00,0.00,0.00
4.59300,335.391,-66.270,0,0.000,0.014,0.004,0.057,0.004,0.014,0.004,0.0,1,0.0,4.567,0.04,1.21,0.00,0.00,0.00,0.00
4.61258,335.391,-66.270,0,0.000,0.011,0.000,0.057,0.005,0.011,0.000,0.0,1,0.0,4.582,0.04,1.21,0.00,0.00,0.00,0.00
4.62264,335.391,-66.270,0,0.000,0.010,0.001,0.057,0.001,0.010,0.001,0.0,1,0.0,4.593,0.04,1.21,0.00,0.00,0.00,0.00
4.63286,335.391,-66.270,0,0.000,0.011,0.004,0.058,0.001,0.011,0.004,0.0,1,0.0,4.609,0.04,1.21,0.00,0.00,0.00,0.00
4.64291,335.391,-66.270,0,0.000,0.014,0.002,0.058,0.001,0.014,0.002,0.0,1,0.0,4.619,0.04,1.21,0.00,0.00,0.00,0.00
4.66250,335.391,-66.270,0,0.000,0.013,0.003,0.058,0.004,0.013,0.003,0.0,1,0.0,4.640,0.04,1.21,0.00,0.00,0.00,0.00
4.67256,335.391,-66.270,0,0.000,0.013,0.005,0.058,0.006,0.013,0.005,0.0,1,0.0,4.651,0.04,1.21,0.00,0.00,0.00,0.00
4.68278,335.391,-66.270,0,0.000,0.011,0.003,0.058,0.005,0.011,0.003,0.0,1,0.0,4.662,0.04,1.21,0.00,0.00,0.00,0.00
4.69284,335.391,-66.270,0,0.000,0.010,0.000,0.058,0.004,0.010,0.000,0.0,1,0.0,4.672,0.04,1.21,0.00,0.00,0.00,0.00
4.71242,335.391,-66.270,0,0.000,0.011,0.001,0.059,0.001,0.011,0.001,0.0,1,0.0,4.690,0.04,1.21,0.00,0.00,0.00,0.00
4.72248,335.391,-66.270,0,0.000,0.013,0.003,0.059,0.001,0.013,0.003,0.0,1,0.0,4.705,0.04,1.21,0.00,0.00,0.00,0.00
4.73270,335.391,-66.270,0,0.000,0.014,0.001,0.059,0.001,0.014,0.001,0.0,1,0.0,4.712,0.04,1.21,0.00,0.00,0.00,0.00
4.74276,335.391,-66.270,0,0.000,0.015,0.004,0.059,0.001,0.015,0.004,0.0,1,0.0,4.712,0.04,1.21,0.00,0.00,0.00,0.00
4.76234,335.391,-66.270,0,0.000,0.011,0.001,0.059,0.004,0.011,0.001,0.0,1,0.0,4.735,0.04,1.21,0.00,0.00,0.00,0.00
4.77240,335.391,-66.270,0,0.000,0.010,0.001,0.059,0.004,0.010,0.001,0.0,1,0.0,4.745,0.04,1.21,0.00,0.00,0.00,0.00
4.78262,335.391,-66.270,0,0.000,0.014,0.003,0.059,0.000,0.014,0.003,0.0,1,0.0,4.759,0.04,1.21,0.00,0.00,0.00,0.00
4.79268,335.391,-66.270,0,0.000,0.015,0.004,0.060,-0.001,0.015,0.004,0.0,1,0.0,4.769,0.04,1.21,0.00,0.00,0.00,0.00
4.81226,335.391,-66.270,0,0.000,0.015,-0.001,0.060,-0.002,0.015,-0.001,0.0,1,0.0,4.781,0.04,1.21,0.00,0.00,0.00,0.00
4.82232,335.391,-66.270,0,0.000,0.014,0.002,0.060,-0.001,0.014,0.002,0.0,1,0.0,4.795,0.04,1.21,0.00,0.00,0.00,0.00
4.83272,335.391,-66.270,0,0.000,0.016,0.003,0.060,-0.004,0.016,0.003,0.0,1,0.0,4.808,0.04,1.21,0.00,0.00,0.00,0.00
4.85232,335.303,-66.357,0,0.000,0.016,0.002,0.060,0.000,0.016,0.002,0.0,1,0.0,4.828,0.04,1.21,0.00,0.00,0.00,0.00
4.86255,335.479,-66.182,0,0.000,0.016,0.000,0.061,0.001,0.016,0.000,0.0,1,0.0,4.841,0.04,1.21,0.00,0.00,0.00,0.00
4.88196,335.391,-66.270,0,0.000,0.014,0.004,0.061,0.003,0.014,0.004,0.0,1,0.0,4.854,0.04,1.21,0.00,0.00,0.00,0.00
4.89219,335.391,-66.270,0,0.000,0.013,0.004,0.061,0.000,0.013,0.004,0.0,1,0.0,4.869,0.04,1.21,0.00,0.00,0.00,0.00
4.90224,335.391,-66.270,0,0.000,0.011,0.001,0.061,0.004,0.011,0.001,0.0,1,0.0,4.880,0.04,1.21,0.00,0.00,0.00,0.00
4.91247,335.391,-66.270,0,0.000,0.011,0.001,0.061,0.002,0.011,0.001,0.0,1,0.0,4.893,0.04,1.21,0.00,0.00,0.00,0.00
4.93188,335.391,-66.270,0,0.000,0.011,-0.004,0.062,0.001,0.011,-0.004,0.0,1,0.0,4.905,0.04,1.21,0.00,0.00,0.00,0.00
4.94211,335.391,-66.270,0,0.000,0.013,-0.005,0.062,0.002,0.013,-0.005,0.0,1,0.0,4.918,0.04,1.21,0.00,0.00,0.00,0.00
4.95216,335.391,-66.270,0,0.000,0.013,-0.005,0.062,0.001,0.013,-0.005,0.0,1,0.0,4.928,0.04,1.21,0.00,0.00,0.00,0.00
4.96239,335.303,-66.357,0,0.000,0.010,-0.003,0.062,0.004,0.010,-0.003,0.0,1,0.0,4.940,0.04,1.21,0.00,0.00,0.00,0.00
4.98180,335.391,-66.270,0,0.000,0.012,-0.001,0.062,0.001,0.012,-0.001,0.0,1,0.0,4.954,0.04,1.21,0.00,0.00,0.00,0.00
4.99203,335.391,-66.270,0,0.000,0.012,0.000,0.062,0.002,0.012,0.000,0.0,1,0.0,4.968,0.04,1.21,0.00,0.00,0.00,0.00
5.00208,335.391,-66.270,0,0.000,0.013,0.000,0.062,0.009,0.013,0.000,0.0,1,0.0,4.979,0.04,1.21,0.00,0.00,0.00,0.00
5.01231,335.391,-66.270,0,0.000,0.011,0.003,0.062,0.004,0.011,0.003,0.0,1,0.0,4.991,0.04,1.21,0.00,0.00,0.00,0.00
5.03172,335.479,-66.182,0,0.000,0.010,-0.005,0.063,0.000,0.010,-0.005,0.0,1,0.0,5.004,0.04,1.21,0.00,0.00,0.00,0.00
5.04195,335.391,-66.270,0,0.000,0.013,-0.008,0.063,0.005,0.013,-0.008,0.0,1,0.0,5.018,0.04,1.21,0.00,0.00,0.00,0.00
5.05200,335.391,-66.270,0,0.000,0.014,-0.006,0.063,0.005,0.014,-0.006,0.0,1,0.0,5.028,0.04,1.21,0.00,0.00,0.00,0.00
5.06223,335.391,-66.270,0,0.000,0.015,-0.004,0.063,0.005,0.015,-0.004,0.0,1,0.0,5.040,0.04,1.21,0.00,0.00,0.00,0.00
5.08164,335.391,-66.270,0,0.000,0.013,-0.001,0.063,0.005,0.013,-0.001,0.0,1,0.0,5.051,0.04,1.21,0.00,0.00,0.00,0.00
5.09209,335.479,-66.182,0,0.000,0.013,-0.002,0.063,0.001,0.013,-0.002,0.0,1,0.0,5.064,0.04,1.21,0.00,0.00,0.00,0.00
5.11172,335.391,-66.270,0,0.000,0.011,-0.009,0.064,0.004,0.011,-0.009,0.0,1,0.0,5.096,0.04,1.21,0.00,0.00,0.00,0.00
5.12195,335.391,-66.270,0,0.000,0.011,-0.007,0.064,0.006,0.011,-0.007,0.0,1,0.0,5.102,0.04,1.21,0.00,0.00,0.00,0.00
5.13200,335.391,-66.270,0,0.000,0.012,-0.006,0.064,0.003,0.012,-0.006,0.0,1,0.0,5.113,0.04,1.21,0.00,0.00,0.00,0.00
5.15159,335.391,-66.270,0,0.000,0.015,0.001,0.064,0.001,0.015,0.001,0.0,1,0.0,5.132,0.04,1.21,0.00,0.00,0.00,0.00
5.16164,335.391,-66.270,0,0.000,0.015,0.002,0.064,0.001,0.015,0.002,0.0,1,0.0,5.143,0.04,1.21,0.00,0.00,0.00,0.00
5.17187,335.391,-66.270,0,0.000,0.014,0.005,0.064,-0.002,0.014,0.005,0.0,1,0.0,5.143,0.04,1.21,0.00,0.00,0.00,0.00
5.18192,335.391,-66.270,0,0.000,0.013,0.001,0.065,0.001,0.013,0.001,0.0,1,0.0,5.154,0.04,1.21,0.00,0.00,0.00,0.00
5.20151,335.479,-66.182,0,0.000,0.011,0.004,0.065,0.002,0.011,0.004,0.0,1,0.0,5.179,0.04,1.21,0.00,0.00,0.00,0.00
5.21156,335.391,-66.270,0,0.000,0.013,0.004,0.065,0.000,0.013,0.004,0.0,1,0.0,5.189,0.04,1.21,0.00,0.00,0.00,0.00
5.22170,335.391,-66.270,0,0.000,0.014,0.001,0.065,0.000,0.014,0.001,0.0,1,0.0,5.201,0.04,1.21,0.00,0.00,0.00,0.00
5.23193,335.391,-66.270,0,0.000,0.015,0.003,0.065,-0.001,0.015,0.003,0.0,1,0.0,5.201,0.04,1.21,0.00,0.00,0.00,0.00
5.25134,335.391,-66.270,0,0.000,0.018,0.002,0.066,-0.001,0.018,0.002,0.0,1,0.0,5.229,0.04,1.21,0.00,0.00,0.00,0.00
5.26157,335.391,-66.270,0,0.000,0.018,0.004,0.066,0.002,0.018,0.004,0.0,1,0.0,5.229,0.04,1.21,0.00,0.00,0.00,0.00
5.27162,335.391,-66.270,0,0.000,0.017,0.004,0.066,0.000,0.017,0.004,0.0,1,0.0,5.249,0.04,1.21,0.00,0.00,0.00,0.00
5.28185,335.391,-66.270,0,0.000,0.017,0.002,0.066,0.003,0.017,0.002,0.0,1,0.0,5.260,0.04,1.21,0.00,0.00,0.00,0.00
5.30126,335.391,-66.270,0,0.000,0.014,0.005,0.066,0.000,0.014,0.005,0.0,1,0.0,5.276,0.04,1.21,0.00,0.00,0.00,0.00
5.31149,335.391,-66.270,0,0.000,0.016,0.004,0.067,-0.003,0.016,0.004,0.0,1,0.0,5.283,0.04,1.21,0.00,0.00,0.00,0.00
5.32154,335.391,-66.270,0,0.000,0.015,0.006,0.067,0.000,0.015,0.006,0.0,1,0.0,5.296,0.04,1.21,0.00,0.00,0.00,0.00
5.33177,335.391,-66.270,0,0.000,0.016,0.003,0.067,0.000,0.016,0.003,0.0,1,0.0,5.306,0.04,1.21,0.00,0.00,0.00,0.00
5.34205,335.391,-66.270,0,0.000,0.015,0.001,0.067,0.000,0.015,0.001,0.0,1,0.0,5.321,0.04,1.21,0.00,0.00,0.00,0.00
5.36091,335.391,-66.270,0,0.000,0.017,-0.001,0.067,0.004,0.017,-0.001,0.0,1,0.0,5.336,0.04,1.21,0.00,0.00,0.00,0.00
5.37113,335.303,-66.357,0,0.000,0.017,0.001,0.067,0.004,0.017,0.001,0.0,1,0.0,5.351,0.04,1.21,0.00,0.00,0.00,0.00
5.38119,335.391,-66.270,0,0.000,0.017,0.003,0.068,0.006,0.017,0.003,0.0,1,0.0,5.356,0.04,1.21,0.00,0.00,0.00,0.00
5.39141,335.391,-66.270,0,0.000,0.016,0.000,0.068,0.007,0.016,0.000,0.0,1,0.0,5.369,0.04,1.21,0.00,0.00,0.00,0.00
5.40147,335.391,-66.270,0,0.000,0.014,-0.001,0.068,0.008,0.014,-0.001,0.0,1,0.0,5.382,0.04,1.21,0.00,0.00,0.00,0.00
5.42105,335.391,-66.270,0,0.000,0.010,-0.004,0.068,0.004,0.010,-0.004,0.0,1,0.0,5.394,0.04,1.21,0.00,0.00,0.00,0.00
5.43111,335.391,-66.270,0,0.000,0.008,0.001,0.068,0.002,0.008,0.001,0.0,1,0.0,5.407,0.04,1.21,0.00,0.00,0.00,0.00
5.44133,335.391,-66.270,0,0.000,0.009,0.002,0.068,0.001,0.009,0.002,0.0,1,0.0,5.421,0.04,1.21,0.00,0.00,0.00,0.00
5.45139,335.479,-66.182,0,0.000,0.010,0.003,0.068,0.002,0.010,0.003,0.0,1,0.0,5.432,0.04,1.21,0.00,0.00,0.00,0.00
5.46155,335.391,-66.270,0,0.000,0.011,0.003,0.069,0.002,0.011,0.003,0.0,1,0.0,5.432,0.04,1.21,0.00,0.00,0.00,0.00
5.48109,335.479,-66.182,0,0.000,0.012,0.001,0.069,0.004,0.012,0.001,0.0,1,0.0,5.459,0.04,1.21,0.00,0.00,0.00,0.00
5.49114,335.391,-66.270,0,0.000,0.011,0.000,0.069,0.004,0.011,0.000,0.0,1,0.0,5.469,0.04,1.21,0.00,0.00,0.00,0.00
5.50138,335.391,-66.270,0,0.000,0.013,0.000,0.069,0.003,0.013,0.000,0.0,1,0.0,5.481,0.04,1.21,0.00,0.00,0.00,0.00
5.51142,335.391,-66.270,0,0.000,0.014,0.000,0.069,0.002,0.014,0.000,0.0,1,0.0,5.481,0.04,1.21,0.00,0.00,0.00,0.00
5.53101,335.391,-66.270,0,0.000,0.016,-0.004,0.070,0.004,0.016,-0.004,0.0,1,0.0,5.510,0.04,1.21,0.00,0.00,0.00,0.00
5.54106,335.391,-66.270,0,0.000,0.017,-0.001,0.070,0.002,0.017,-0.001,0.0,1,0.0,5.510,0.04,1.21,0.00,0.00,0.00,0.00
5.55129,335.391,-66.270,0,0.000,0.012,0.000,0.070,0.001,0.012,0.000,0.0,1,0.0,5.520,0.04,1.21,0.00,0.00,0.00,0.00
5.56134,335.391,-66.270,0,0.000,0.015,-0.001,0.070,-0.001,0.015,-0.001,0.0,1,0.0,5.537,0.04,1.21,0.00,0.00,0.00,0.00
5.58093,335.391,-66.270,0,0.000,0.015,-0.001,0.070,-0.002,0.015,-0.001,0.0,1,0.0,5.551,0.04,1.21,0.00,0.00,0.00,0.00
5.59107,335.391,-66.270,0,0.000,0.013,0.000,0.070,0.000,0.013,0.000,0.0,1,0.0,5.563,0.04,1.21,0.00,0.00,0.00,0.00
5.60112,335.391,-66.270,0,0.000,0.014,0.001,0.071,0.002,0.014,0.001,0.0,1,0.0,5.576,0.04,1.21,0.00,0.00,0.00,0.00
5.62072,335.391,-66.270,0,0.000,0.011,0.006,0.071,0.003,0.011,0.006,0.0,1,0.0,5.601,0.04,1.21,0.00,0.00,0.00,0.00
5.63076,335.391,-66.270,0,0.000,0.012,0.003,0.071,0.005,0.012,0.003,0.0,1,0.0,5.601,0.04,1.21,0.00,0.00,0.00,0.00
5.64099,335.391,-66.270,0,0.000,0.011,0.003,0.071,0.003,0.011,0.003,0.0,1,0.0,5.613,0.04,1.21,0.00,0.00,0.00,0.00
5.65104,335.391,-66.270,0,0.000,0.009,0.001,0.071,0.004,0.009,0.001,0.0,1,0.0,5.626,0.04,1.21,0.00,0.00,0.00,0.00
5.67063,335.391,-66.270,0,0.000,0.011,0.002,0.071,0.001,0.011,0.002,0.0,1,0.0,5.639,0.04,1.21,0.00,0.00,0.00,0.00
5.68068,335.391,-66.270,0,0.000,0.012,0.003,0.071,-0.001,0.012,0.003,0.0,1,0.0,5.652,0.04,1.21,0.00,0.00,0.00,0.00
5.69091,335.391,-66.270,0,0.000,0.012,0.003,0.071,0.000,0.012,0.003,0.0,1,0.0,5.674,0.04,1.21,0.00,0.00,0.00,0.00
5.70096,335.391,-66.270,0,0.000,0.013,0.003,0.072,-0.001,0.013,0.003,0.0,1,0.0,5.674,0.04,1.21,0.00,0.00,0.00,0.00
5.71144,335.479,-66.182,0,0.000,0.011,0.002,0.072,0.002,0.011,0.002,0.0,1,0.0,5.684,0.04,1.21,0.00,0.00,0.00,0.00
5.73107,335.391,-66.270,0,0.000,0.010,0.002,0.072,0.005,0.010,0.002,0.0,1,0.0,5.705,0.04,1.21,0.00,0.00,0.00,0.00
5.75065,335.479,-66.182,0,0.000,0.013,0.002,0.072,0.003,0.013,0.002,0.0,1,0.0,5.729,0.04,1.21,0.00,0.00,0.00,0.00
5.76071,335.391,-66.270,0,0.000,0.016,0.003,0.072,0.001,0.016,0.003,0.0,1,0.0,5.745,0.04,1.21,0.00,0.00,0.00,0.00
5.77094,335.391,-66.270,0,0.000,0.017,0.000,0.073,0.004,0.017,0.000,0.0,1,0.0,5.745,0.04,1.21,0.00,0.00,0.00,0.00
5.78099,335.391,-66.270,0,0.000,0.018,0.002,0.073,0.001,0.018,0.002,0.0,1,0.0,5.755,0.04,1.21,0.00,0.00,0.00,0.00
5.80057,335.479,-66.182,0,0.000,0.016,0.001,0.073,0.001,0.016,0.001,0.0,1,0.0,5.779,0.04,1.21,0.00,0.00,0.00,0.00
5.81063,335.391,-66.270,0,0.000,0.017,0.004,0.073,0.002,0.017,0.004,0.0,1,0.0,5.791,0.04,1.21,0.00,0.00,0.00,0.00
5.82086,335.391,-66.270,0,0.000,0.014,0.002,0.073,0.003,0.014,0.002,0.0,1,0.0,5.791,0.04,1.21,0.00,0.00,0.00,0.00
5.83091,335.391,-66.270,0,0.000,0.014,0.001,0.073,0.007,0.014,0.001,0.0,1,0.0,5.802,0.04,1.21,0.00,0.00,0.00,0.00
5.85041,335.391,-66.270,0,0.000,0.015,0.000,0.074,0.007,0.015,0.000,0.0,1,0.0,5.829,0.04,1.21,0.00,0.00,0.00,0.00
5.86064,335.391,-66.270,0,0.000,0.016,-0.002,0.074,0.001,0.016,-0.002,0.0,1,0.0,5.829,0.04,1.21,0.00,0.00,0.00,0.00
5.87069,335.391,-66.270,0,0.000,0.013,0.002,0.074,0.005,0.013,0.002,0.0,1,0.0,5.844,0.04,1.21,0.00,0.00,0.00,0.00
5.89027,335.391,-66.270,0,0.000,0.013,-0.007,0.074,0.005,0.013,-0.007,0.0,1,0.0,5.867,0.04,1.21,0.00,0.00,0.00,0.00
5.90033,335.479,-66.182,0,0.000,0.013,-0.004,0.074,0.003,0.013,-0.004,0.0,1,0.0,5.880,0.04,1.21,0.00,0.00,0.00,0.00
5.91055,335.391,-66.270,0,0.000,0.016,-0.002,0.075,0.003,0.016,-0.002,0.0,1,0.0,5.880,0.04,1.21,0.00,0.00,0.00,0.00
5.92061,335.303,-66.357,0,0.000,0.017,-0.001,0.075,0.000,0.017,-0.001,0.0,1,0.0,5.899,0.04,1.21,0.00,0.00,0.00,0.00
5.94020,335.391,-66.270,0,0.000,0.017,-0.001,0.075,0.002,0.017,-0.001,0.0,1,0.0,5.910,0.04,1.21,0.00,0.00,0.00,0.00
5.95025,335.391,-66.270,0,0.000,0.016,-0.003,0.075,0.004,0.016,-0.003,0.0,1,0.0,5.927,0.04,1.21,0.00,0.00,0.00,0.00
5.96047,335.391,-66.270,0,0.000,0.016,-0.005,0.075,0.004,0.016,-0.005,0.0,1,0.0,5.935,0.04,1.21,0.00,0.00,0.00,0.00
5.97078,335.391,-66.270,0,0.000,0.016,-0.008,0.076,0.008,0.016,-0.008,0.0,1,0.0,5.948,0.04,1.21,0.00,0.00,0.00,0.00
5.99045,335.303,-66.357,0,0.000,0.013,-0.008,0.076,0.006,0.013,-0.008,0.0,1,0.0,5.978,0.04,1.21,0.00,0.00,0.00,0.00
6.00050,335.391,-66.270,0,0.000,0.014,-0.007,0.076,0.004,0.014,-0.007,0.0,1,0.0,5.978,0.04,1.21,0.00,0.00,0.00,0.00
6.02008,335.391,-66.270,0,0.000,0.016,0.001,0.076,0.004,0.016,0.001,0.0,1,0.0,5.995,0.04,1.21,0.00,0.00,0.00,0.00
6.03014,335.391,-66.270,0,0.000,0.016,0.000,0.076,0.003,0.016,0.000,0.0,1,0.0,6.005,0.04,1.21,0.00,0.00,0.00,0.00
6.04038,335.391,-66.270,0,0.000,0.013,0.000,0.077,0.001,0.013,0.000,0.0,1,0.0,6.019,0.04,1.21,0.00,0.00,0.00,0.00
6.05043,335.391,-66.270,0,0.000,0.013,0.001,0.077,0.000,0.013,0.001,0.0,1,0.0,6.033,0.04,1.21,0.00,0.00,0.00,0.00
6.07000,335.391,-66.270,0,0.000,0.014,-0.005,0.077,0.001,0.014,-0.005,0.0,1,0.0,6.045,0.04,1.21,0.00,0.00,0.00,0.00
6.08006,335.391,-66.270,0,0.000,0.016,-0.002,0.077,-0.001,0.016,-0.002,0.0,1,0.0,6.055,0.04,1.21,0.00,0.00,0.00,0.00
6.09028,335.391,-66.270,0,0.000,0.017,-0.002,0.077,0.001,0.017,-0.002,0.0,1,0.0,6.067,0.04,1.21,0.00,0.00,0.00,0.00
6.10034,335.391,-66.270,0,0.000,0.014,-0.003,0.077,0.003,0.014,-0.003,0.0,1,0.0,6.077,0.04,1.21,0.00,0.00,0.00,0.00
6.11992,335.391,-66.270,0,0.000,0.019,-0.009,0.078,0.001,0.019,-0.009,0.0,1,0.0,6.089,0.04,1.21,0.00,0.00,0.00,0.00
6.12998,335.391,-66.270,0,0.000,0.017,-0.005,0.078,-0.001,0.017,-0.005,0.0,1,0.0,6.105,0.04,1.21,0.00,0.00,0.00,0.00
6.14020,335.391,-66.270,0,0.000,0.017,-0.005,0.078,-0.001,0.017,-0.005,0.0,1,0.0,6.119,0.04,1.21,0.00,0.00,0.00,0.00
6.15026,335.391,-66.270,0,0.000,0.018,-0.004,0.078,0.000,0.018,-0.004,0.0,1,0.0,6.129,0.04,1.21,0.00,0.00,0.00,0.00
6.16986,335.391,-66.270,0,0.000,0.017,-0.007,0.079,0.002,0.017,-0.007,0.0,1,0.0,6.152,0.04,1.21,0.00,0.00,0.00,0.00
6.17990,335.479,-66.182,0,0.000,0.016,-0.003,0.079,0.002,0.016,-0.003,0.0,1,0.0,6.152,0.04,1.21,0.00,0.00,0.00,0.00
6.19012,335.391,-66.270,0,0.000,0.014,-0.004,0.079,0.004,0.014,-0.004,0.0,1,0.0,6.162,0.04,1.21,0.00,0.00,0.00,0.00
6.20018,335.391,-66.270,0,0.000,0.016,-0.007,0.079,0.005,0.016,-0.007,0.0,1,0.0,6.176,0.04,1.21,0.00,0.00,0.00,0.00
6.21976,335.303,-66.357,0,0.000,0.015,-0.001,0.079,0.001,0.015,-0.001,0.0,1,0.0,6.195,0.04,1.21,0.00,0.00,0.00,0.00
6.23020,335.391,-66.270,0,0.000,0.018,-0.002,0.080,0.000,0.018,-0.002,0.0,1,0.0,6.205,0.04,1.21,0.00,0.00,0.00,0.00
6.24976,335.391,-66.270,0,0.000,0.017,0.001,0.080,-0.002,0.017,0.001,0.0,1,0.0,6.220,0.04,1.21,0.00,0.00,0.00,0.00
6.25999,335.391,-66.270,0,0.000,0.017,0.001,0.080,0.000,0.017,0.001,0.0,1,0.0,6.240,0.04,1.21,0.00,0.00,0.00,0.00
6.27004,335.391,-66.270,0,0.000,0.016,0.000,0.080,0.000,0.016,0.000,0.0,1,0.0,6.251,0.04,1.21,0.00,0.00,0.00,0.00
6.28963,335.303,-66.357,0,0.000,0.016,0.001,0.081,0.001,0.016,0.001,0.0,1,0.0,6.261,0.04,1.21,0.00,0.00,0.00,0.00
6.29968,335.391,-66.270,0,0.000,0.019,0.000,0.081,0.005,0.019,0.000,0.0,1,0.0,6.277,0.04,1.21,0.00,0.00,0.00,0.00
6.30991,335.391,-66.270,0,0.000,0.015,-0.001,0.081,0.004,0.015,-0.001,0.0,1,0.0,6.288,0.04,1.21,0.00,0.00,0.00,0.00
6.31996,335.391,-66.270,0,0.000,0.014,-0.001,0.081,0.005,0.014,-0.001,0.0,1,0.0,6.288,0.04,1.21,0.00,0.00,0.00,0.00
6.33955,335.391,-66.270,0,0.000,0.017,0.001,0.081,0.001,0.017,0.001,0.0,1,0.0,6.319,0.04,1.21,0.00,0.00,0.00,0.00
6.34960,335.391,-66.270,0,0.000,0.016,0.000,0.082,0.000,0.016,0.000,0.0,1,0.0,6.319,0.04,1.21,0.00,0.00,0.00,0.00
6.35983,335.479,-66.182,0,0.000,0.016,0.001,0.082,0.002,0.016,0.001,0.0,1,0.0,6.339,0.04,1.21,0.00,0.00,0.00,0.00
6.36988,335.391,-66.270,0,0.000,0.019,0.003,0.082,0.001,0.019,0.003,0.0,1,0.0,6.348,0.04,1.21,0.00,0.00,0.00,0.00
6.38947,335.391,-66.270,0,0.000,0.017,0.001,0.082,0.001,0.017,0.001,0.0,1,0.0,6.365,0.04,1.21,0.00,0.00,0.00,0.00
6.39952,335.391,-66.270,0,0.000,0.016,0.000,0.082,0.007,0.016,0.000,0.0,1,0.0,6.376,0.04,1.21,0.00,0.00,0.00,0.00
6.40975,335.391,-66.270,0,0.000,0.018,0.000,0.083,0.003,0.018,0.000,0.0,1,0.0,6.384,0.04,1.21,0.00,0.00,0.00,0.00
6.41980,335.303,-66.357,0,0.000,0.018,-0.001,0.083,0.004,0.018,-0.001,0.0,1,0.0,6.395,0.04,1.21,0.00,0.00,0.00,0.00
6.43938,335.391,-66.270,0,0.000,0.013,0.000,0.083,0.005,0.013,0.000,0.0,1,0.0,6.419,0.04,1.21,0.00,0.00,0.00,0.00
6.44944,335.479,-66.182,0,0.000,0.014,-0.002,0.083,0.001,0.014,-0.002,0.0,1,0.0,6.419,0.04,1.21,0.00,0.00,0.00,0.00
6.45967,335.391,-66.270,0,0.000,0.014,0.000,0.083,0.004,0.014,0.000,0.0,1,0.0,6.431,0.04,1.21,0.00,0.00,0.00,0.00
6.46972,335.391,-66.270,0,0.000,0.014,-0.002,0.083,0.001,0.014,-0.002,0.0,1,0.0,6.444,0.04,1.21,0.00,0.00,0.00,0.00
6.48111,335.391,-66.270,0,0.000,0.015,0.000,0.084,0.003,0.015,0.000,0.0,1,0.0,6.460,0.04,1.21,0.00,0.00,0.00,0.00
6.49915,335.391,-66.270,0,0.000,0.015,0.002,0.084,0.006,0.015,0.002,0.0,1,0.0,6.485,0.04,1.21,0.00,0.00,0.00,0.00
6.50938,335.391,-66.270,0,0.000,0.015,0.001,0.084,0.002,0.015,0.001,0.0,1,0.0,6.485,0.04,1.21,0.00,0.00,0.00,0.00
6.51943,335.391,-66.270,0,0.000,0.014,-0.002,0.084,0.004,0.014,-0.002,0.0,1,0.0,6.492,0.04,1.21,0.00,0.00,0.00,0.00
6.52966,335.303,-66.357,0,0.000,0.015,-0.002,0.084,0.001,0.015,-0.002,0.0,1,0.0,6.504,0.04,1.21,0.00,0.00,0.00,0.00
6.53971,335.391,-66.270,0,0.000,0.014,-0.005,0.085,0.005,0.014,-0.005,0.0,1,0.0,6.518,0.04,1.21,0.00,0.00,0.00,0.00
6.55930,335.391,-66.270,0,0.000,0.014,-0.005,0.085,0.008,0.014,-0.005,0.0,1,0.0,6.539,0.04,1.21,0.00,0.00,0.00,0.00
6.56935,335.391,-66.270,0,0.000,0.013,-0.004,0.085,0.007,0.013,-0.004,0.0,1,0.0,6.548,0.04,1.21,0.00,0.00,0.00,0.00
6.57958,335.391,-66.270,0,0.000,0.013,-0.005,0.085,0.008,0.013,-0.005,0.0,1,0.0,6.561,0.04,1.21,0.00,0.00,0.00,0.00
6.58963,335.391,-66.270,0,0.000,0.014,-0.005,0.085,0.008,0.014,-0.005,0.0,1,0.0,6.569,0.04,1.21,0.00,0.00,0.00,0.00
6.60907,335.391,-66.270,0,0.000,0.013,-0.001,0.085,0.005,0.013,-0.001,0.0,1,0.0,6.581,0.04,1.21,0.00,0.00,0.00,0.00
6.61912,335.391,-66.270,0,0.000,0.012,0.000,0.086,0.005,0.012,0.000,0.0,1,0.0,6.594,0.04,1.21,0.00,0.00,0.00,0.00
6.62935,335.391,-66.270,0,0.000,0.011,-0.001,0.086,0.004,0.011,-0.001,0.0,1,0.0,6.606,0.04,1.21,0.00,0.00,0.00,0.00
6.63940,335.391,-66.270,0,0.000,0.014,0.000,0.086,0.005,0.014,0.000,0.0,1,0.0,6.616,0.04,1.21,0.00,0.00,0.00,0.00
6.65899,335.391,-66.270,0,0.000,0.017,0.000,0.086,0.006,0.017,0.000,0.0,1,0.0,6.627,0.04,1.21,0.00,0.00,0.00,0.00
6.66904,335.391,-66.270,0,0.000,0.018,0.002,0.086,0.005,0.018,0.002,0.0,1,0.0,6.642,0.04,1.21,0.00,0.00,0.00,0.00
6.67927,335.391,-66.270,0,0.000,0.017,0.002,0.087,0.007,0.017,0.002,0.0,1,0.0,6.657,0.04,1.21,0.00,0.00,0.00,0.00
6.68932,335.391,-66.270,0,0.000,0.016,0.003,0.087,0.005,0.016,0.003,0.0,1,0.0,6.657,0.04,1.21,0.00,0.00,0.00,0.00
6.70891,335.391,-66.270,0,0.000,0.016,0.005,0.087,0.005,0.016,0.005,0.0,1,0.0,6.684,0.04,1.21,0.00,0.00,0.00,0.00
6.71896,335.479,-66.182,0,0.000,0.014,0.004,0.087,0.006,0.014,0.004,0.0,1,0.0,6.696,0.04,1.21,0.00,0.00,0.00,0.00
6.72910,335.391,-66.270,0,0.000,0.013,0.005,0.087,0.004,0.013,0.005,0.0,1,0.0,6.696,0.04,1.21,0.00,0.00,0.00,0.00
6.73933,335.391,-66.270,0,0.000,0.014,0.005,0.087,0.001,0.014,0.005,0.0,1,0.0,6.711,0.04,1.21,0.00,0.00,0.00,0.00
6.74938,335.391,-66.270,0,0.000,0.016,0.002,0.088,0.002,0.016,0.002,0.0,1,0.0,6.722,0.04,1.21,0.00,0.00,0.00,0.00
6.76897,335.391,-66.270,0,0.000,0.016,0.003,0.088,0.004,0.016,0.003,0.0,1,0.0,6.750,0.04,1.21,0.00,0.00,0.00,0.00
6.77903,335.391,-66.270,0,0.000,0.015,0.000,0.088,0.004,0.015,0.000,0.0,1,0.0,6.759,0.04,1.21,0.00,0.00,0.00,0.00
6.78925,335.391,-66.270,0,0.000,0.017,0.005,0.088,0.004,0.017,0.005,0.0,1,0.0,6.759,0.04,1.21,0.00,0.00,0.00,0.00
6.80866,335.391,-66.270,0,0.000,0.012,0.003,0.088,0.002,0.012,0.003,0.0,1,0.0,6.787,0.04,1.21,0.00,0.00,0.00,0.00
6.81891,335.391,-66.270,0,0.000,0.012,0.000,0.089,0.000,0.012,0.000,0.0,1,0.0,6.798,0.04,1.21,0.00,0.00,0.00,0.00
6.82895,335.391,-66.270,0,0.000,0.011,-0.001,0.089,0.001,0.011,-0.001,0.0,1,0.0,6.798,0.04,1.21,0.00,0.00,0.00,0.00
6.83917,335.391,-66.270,0,0.000,0.013,0.000,0.089,0.001,0.013,0.000,0.0,1,0.0,6.811,0.04,1.21,0.00,0.00,0.00,0.00
6.85838,335.391,-66.270,0,0.000,0.014,0.000,0.089,0.002,0.014,0.000,0.0,1,0.0,6.833,0.04,1.21,0.00,0.00,0.00,0.00
6.86861,335.391,-66.270,0,0.000,0.017,0.001,0.089,0.004,0.017,0.001,0.0,1,0.0,6.852,0.04,1.21,0.00,0.00,0.00,0.00
6.87868,335.391,-66.270,0,0.000,0.017,-0.001,0.089,0.002,0.017,-0.001,0.0,1,0.0,6.860,0.04,1.21,0.00,0.00,0.00,0.00
6.88889,335.303,-66.357,0,0.000,0.013,-0.002,0.090,0.004,0.013,-0.002,0.0,1,0.0,6.870,0.04,1.21,0.00,0.00,0.00,0.00
6.89894,335.391,-66.270,0,0.000,0.011,-0.002,0.090,0.004,0.011,-0.002,0.0,1,0.0,6.870,0.04,1.21,0.00,0.00,0.00,0.00
6.91853,335.391,-66.270,0,0.000,0.009,0.000,0.090,0.001,0.009,0.000,0.0,1,0.0,6.899,0.04,1.21,0.00,0.00,0.00,0.00
6.92858,335.391,-66.270,0,0.000,0.010,0.000,0.090,0.001,0.010,0.000,0.0,1,0.0,6.899,0.04,1.21,0.00,0.00,0.00,0.00
6.93881,335.391,-66.270,0,0.000,0.013,0.000,0.090,0.000,0.013,0.000,0.0,1,0.0,6.916,0.04,1.21,0.00,0.00,0.00,0.00
6.94886,335.391,-66.270,0,0.000,0.013,-0.001,0.090,0.004,0.013,-0.001,0.0,1,0.0,6.925,0.04,1.21,0.00,0.00,0.00,0.00
6.96845,335.391,-66.270,0,0.000,0.013,0.000,0.090,0.004,0.013,0.000,0.0,1,0.0,6.942,0.04,1.21,0.00,0.00,0.00,0.00
6.97850,335.391,-66.270,0,0.000,0.015,-0.001,0.091,0.004,0.015,-0.001,0.0,1,0.0,6.952,0.04,1.21,0.00,0.00,0.00,0.00
6.98873,335.391,-66.270,0,0.000,0.017,0.000,0.091,0.008,0.017,0.000,0.0,1,0.0,6.965,0.04,1.21,0.00,0.00,0.00,0.00
6.99878,335.391,-66.270,0,0.000,0.017,0.000,0.091,0.003,0.017,0.000,0.0,1,0.0,6.981,0.04,1.21,0.00,0.00,0.00,0.00
7.01837,335.391,-66.270,0,0.000,0.013,-0.004,0.091,0.001,0.013,-0.004,0.0,1,0.0,6.993,0.04,1.21,0.00,0.00,0.00,0.00
7.02842,335.391,-66.270,0,0.000,0.010,-0.001,0.091,0.005,0.010,-0.001,0.0,1,0.0,7.005,0.04,1.21,0.00,0.00,0.00,0.00
7.03865,335.479,-66.182,0,0.000,0.011,0.000,0.091,0.002,0.011,0.000,0.0,1,0.0,7.016,0.04,1.21,0.00,0.00,0.00,0.00
7.04870,335.391,-66.270,0,0.000,0.012,0.000,0.092,0.004,0.012,0.000,0.0,1,0.0,7.027,0.04,1.21,0.00,0.00,0.00,0.00
7.06829,335.391,-66.270,0,0.000,0.011,-0.008,0.092,0.003,0.011,-0.008,0.0,1,0.0,7.040,0.04,1.21,0.00,0.00,0.00,0.00
7.07834,335.391,-66.270,0,0.000,0.013,-0.007,0.092,0.001,0.013,-0.007,0.0,1,0.0,7.052,0.04,1.21,0.00,0.00,0.00,0.00
7.08857,335.391,-66.270,0,0.000,0.011,-0.002,0.092,0.001,0.011,-0.002,0.0,1,0.0,7.052,0.04,1.21,0.00,0.00,0.00,0.00
7.09877,335.391,-66.270,0,0.000,0.012,0.002,0.092,-0.001,0.012,0.002,0.0,1,0.0,7.072,0.04,1.21,0.00,0.00,0.00,0.00
7.11870,335.391,-66.270,0,0.000,0.016,0.005,0.092,0.002,0.016,0.005,0.0,1,0.0,7.096,0.04,1.21,0.00,0.00,0.00,0.00
7.13829,335.391,-66.270,0,0.000,0.017,0.002,0.093,0.001,0.017,0.002,0.0,1,0.0,7.113,0.04,1.21,0.00,0.00,0.00,0.00
7.14834,335.391,-66.270,0,0.000,0.020,0.000,0.093,0.002,0.020,0.000,0.0,1,0.0,7.122,0.04,1.21,0.00,0.00,0.00,0.00
7.15857,335.391,-66.270,0,0.000,0.020,0.001,0.093,0.002,0.020,0.001,0.0,1,0.0,7.134,0.04,1.21,0.00,0.00,0.00,0.00
7.16862,335.391,-66.270,0,0.000,0.019,0.000,0.093,0.005,0.019,0.000,0.0,1,0.0,7.145,0.04,1.21,0.00,0.00,0.00,0.00
7.18821,335.479,-66.182,0,0.000,0.020,0.001,0.094,0.008,0.020,0.001,0.0,1,0.0,7.162,0.04,1.21,0.00,0.00,0.00,0.00
7.19827,335.391,-66.270,0,0.000,0.019,-0.001,0.094,0.005,0.019,-0.001,0.0,1,0.0,7.177,0.04,1.21,0.00,0.00,0.00,0.00
7.20849,335.391,-66.270,0,0.000,0.015,-0.001,0.094,0.007,0.015,-0.001,0.0,1,0.0,7.177,0.04,1.21,0.00,0.00,0.00,0.00
7.21854,335.391,-66.270,0,0.000,0.015,0.002,0.094,0.008,0.015,0.002,0.0,1,0.0,7.190,0.04,1.21,0.00,0.00,0.00,0.00
7.23805,335.391,-66.270,0,0.000,0.013,0.000,0.094,0.005,0.013,0.000,0.0,1,0.0,7.216,0.04,1.21,0.00,0.00,0.00,0.00
7.24827,335.391,-66.270,0,0.000,0.016,-0.001,0.095,0.005,0.016,-0.001,0.0,1,0.0,7.229,0.04,1.21,0.00,0.00,0.00,0.00
7.25833,335.391,-66.270,0,0.000,0.016,0.000,0.095,0.004,0.016,0.000,0.0,1,0.0,7.238,0.04,1.21,0.00,0.00,0.00,0.00
7.27791,335.391,-66.270,0,0.000,0.014,0.000,0.095,0.006,0.014,0.000,0.0,1,0.0,7.250,0.04,1.21,0.00,0.00,0.00,0.00
7.28796,335.391,-66.270,0,0.000,0.013,-0.001,0.095,0.005,0.013,-0.001,0.0,1,0.0,7.264,0.04,1.21,0.00,0.00,0.00,0.00
7.29819,335.391,-66.270,0,0.000,0.013,0.000,0.095,0.000,0.013,0.000,0.0,1,0.0,7.276,0.04,1.21,0.00,0.00,0.00,0.00
7.30826,335.391,-66.270,0,0.000,0.011,0.001,0.095,0.002,0.011,0.001,0.0,1,0.0,7.290,0.04,1.21,0.00,0.00,0.00,0.00
7.32783,335.391,-66.270,0,0.000,0.011,0.002,0.096,0.007,0.011,0.002,0.0,1,0.0,7.302,0.04,1.21,0.00,0.00,0.00,0.00
7.33788,335.391,-66.270,0,0.000,0.013,0.003,0.096,0.007,0.013,0.003,0.0,1,0.0,7.314,0.04,1.21,0.00,0.00,0.00,0.00
7.34811,335.479,-66.182,0,0.000,0.010,0.002,0.096,0.007,0.010,0.002,0.0,1,0.0,7.325,0.04,1.21,0.00,0.00,0.00,0.00
7.35824,335.391,-66.270,0,0.000,0.012,0.000,0.096,0.008,0.012,0.000,0.0,1,0.0,7.340,0.04,1.21,0.00,0.00,0.00,0.00
7.37752,335.391,-66.270,0,0.000,0.009,0.000,0.096,0.008,0.009,0.000,0.0,1,0.0,7.350,0.04,1.21,0.00,0.00,0.00,0.00
7.38774,335.391,-66.270,0,0.000,0.008,-0.002,0.096,0.005,0.008,-0.002,0.0,1,0.0,7.365,0.04,1.21,0.00,0.00,0.00,0.00
7.39780,335.391,-66.270,0,0.000,0.010,-0.002,0.096,0.002,0.010,-0.002,0.0,1,0.0,7.376,0.04,1.21,0.00,0.00,0.00,0.00
7.40802,335.391,-66.270,0,0.000,0.011,-0.004,0.096,0.001,0.011,-0.004,0.0,1,0.0,7.385,0.04,1.21,0.00,0.00,0.00,0.00
7.41808,335.391,-66.270,0,0.000,0.013,-0.002,0.097,0.004,0.013,-0.002,0.0,1,0.0,7.396,0.04,1.21,0.00,0.00,0.00,0.00
7.43768,335.391,-66.270,0,0.000,0.011,-0.004,0.097,0.005,0.011,-0.004,0.0,1,0.0,7.418,0.04,1.21,0.00,0.00,0.00,0.00
7.44773,335.391,-66.270,0,0.000,0.010,-0.001,0.097,0.002,0.010,-0.001,0.0,1,0.0,7.430,0.04,1.21,0.00,0.00,0.00,0.00
7.45794,335.391,-66.270,0,0.000,0.011,0.001,0.097,0.002,0.011,0.001,0.0,1,0.0,7.441,0.04,1.21,0.00,0.00,0.00,0.00
7.46800,335.391,-66.270,0,0.000,0.011,0.001,0.097,0.000,0.011,0.001,0.0,1,0.0,7.451,0.04,1.21,0.00,0.00,0.00,0.00
7.47852,335.391,-66.270,0,0.000,0.013,0.000,0.097,0.001,0.013,0.000,0.0,1,0.0,7.451,0.04,1.21,0.00,0.00,0.00,0.00
7.49747,335.391,-66.270,0,0.000,0.020,0.002,0.098,0.001,0.020,0.002,0.0,1,0.0,7.472,0.04,1.21,0.00,0.00,0.00,0.00
7.50753,335.391,-66.270,0,0.000,0.019,0.001,0.098,0.001,0.019,0.001,0.0,1,0.0,7.483,0.04,1.21,0.00,0.00,0.00,0.00
7.51775,335.391,-66.270,0,0.000,0.019,0.002,0.098,0.002,0.019,0.002,0.0,1,0.0,7.493,0.04,1.21,0.00,0.00,0.00,0.00
7.52781,335.391,-66.270,0,0.000,0.021,0.007,0.098,0.002,0.021,0.007,0.0,1,0.0,7.504,0.04,1.21,0.00,0.00,0.00,0.00
7.53803,335.391,-66.270,0,0.000,0.022,0.005,0.098,0.009,0.022,0.005,0.0,1,0.0,7.515,0.04,1.21,0.00,0.00,0.00,0.00
7.55745,335.391,-66.270,0,0.000,0.021,0.004,0.099,0.008,0.021,0.004,0.0,1,0.0,7.537,0.04,1.21,0.00,0.00,0.00,0.00
7.56767,335.391,-66.270,0,0.000,0.020,0.005,0.099,0.008,0.020,0.005,0.0,1,0.0,7.549,0.04,1.21,0.00,0.00,0.00,0.00
7.57774,335.391,-66.270,0,0.000,0.020,0.004,0.099,0.009,0.020,0.004,0.0,1,0.0,7.561,0.04,1.21,0.00,0.00,0.00,0.00
7.58795,335.391,-66.270,0,0.000,0.021,0.000,0.099,0.007,0.021,0.000,0.0,1,0.0,7.561,0.04,1.21,0.00,0.00,0.00,0.00
7.60745,335.303,-66.357,0,0.000,0.016,0.000,0.100,0.005,0.016,0.000,0.0,1,0.0,7.587,0.04,1.21,0.00,0.00,0.00,0.00
7.61751,335.479,-66.182,0,0.000,0.014,-0.001,0.100,0.007,0.014,-0.001,0.0,1,0.0,7.601,0.04,1.21,0.00,0.00,0.00,0.00
7.62773,335.391,-66.270,0,0.000,0.013,-0.001,0.100,0.003,0.013,-0.001,0.0,1,0.0,7.605,0.04,1.21,0.00,0.00,0.00,0.00
7.63779,335.391,-66.270,0,0.000,0.014,0.002,0.100,0.006,0.014,0.002,0.0,1,0.0,7.617,0.04,1.21,0.00,0.00,0.00,0.00
7.65737,335.303,-66.357,0,0.000,0.008,-0.002,0.100,0.004,0.008,-0.002,0.0,1,0.0,7.634,0.04,1.21,0.00,0.00,0.00,0.00
7.66743,335.303,-66.357,0,0.000,0.007,-0.004,0.101,0.002,0.007,-0.004,0.0,1,0.0,7.645,0.04,1.21,0.00,0.00,0.00,0.00
7.67765,335.391,-66.270,0,0.000,0.007,-0.007,0.101,0.007,0.007,-0.007,0.0,1,0.0,7.659,0.04,1.21,0.00,0.00,0.00,0.00
7.68771,335.391,-66.270,0,0.000,0.006,-0.004,0.101,0.005,0.006,-0.004,0.0,1,0.0,7.670,0.04,1.21,0.00,0.00,0.00,0.00
7.70729,335.391,-66.270,0,0.000,0.010,-0.002,0.101,0.005,0.010,-0.002,0.0,1,0.0,7.686,0.04,1.21,0.00,0.00,0.00,0.00
7.71735,335.391,-66.270,0,0.000,0.011,-0.004,0.101,0.007,0.011,-0.004,0.0,1,0.0,7.695,0.04,1.21,0.00,0.00,0.00,0.00
7.72781,335.479,-66.182,0,0.000,0.013,-0.004,0.101,0.002,0.013,-0.004,0.0,1,0.0,7.705,0.04,1.21,0.00,0.00,0.00,0.00
7.74740,335.391,-66.270,0,0.000,0.015,-0.004,0.101,-0.001,0.015,-0.004,0.0,1,0.0,7.723,0.04,1.21,0.00,0.00,0.00,0.00
7.75763,335.391,-66.270,0,0.000,0.014,-0.005,0.102,0.001,0.014,-0.005,0.0,1,0.0,7.723,0.04,1.21,0.00,0.00,0.00,0.00
7.77704,335.391,-66.270,0,0.000,0.010,-0.005,0.102,0.005,0.010,-0.005,0.0,1,0.0,7.754,0.04,1.21,0.00,0.00,0.00,0.00
7.78727,335.391,-66.270,0,0.000,0.010,0.001,0.102,0.004,0.010,0.001,0.0,1,0.0,7.765,0.04,1.21,0.00,0.00,0.00,0.00
7.79732,335.391,-66.270,0,0.000,0.010,-0.001,0.102,0.011,0.010,-0.001,0.0,1,0.0,7.765,0.04,1.21,0.00,0.00,0.00,0.00
7.80755,335.391,-66.270,0,0.000,0.013,0.002,0.102,0.002,0.013,0.002,0.0,1,0.0,7.777,0.04,1.21,0.00,0.00,0.00,0.00
7.82696,335.391,-66.270,0,0.000,0.013,0.004,0.102,0.001,0.013,0.004,0.0,1,0.0,7.805,0.04,1.21,0.00,0.00,0.00,0.00
7.83719,335.391,-66.270,0,0.000,0.013,0.004,0.102,0.004,0.013,0.004,0.0,1,0.0,7.817,0.04,1.21,0.00,0.00,0.00,0.00
7.84726,335.391,-66.270,0,0.000,0.016,0.002,0.103,-0.002,0.016,0.002,0.0,1,0.0,7.826,0.04,1.21,0.00,0.00,0.00,0.00
7.85747,335.391,-66.270,0,0.000,0.021,0.000,0.103,0.000,0.021,0.000,0.0,1,0.0,7.826,0.04,1.21,0.00,0.00,0.00,0.00
7.87688,335.391,-66.270,0,0.000,0.018,-0.001,0.103,0.000,0.018,-0.001,0.0,1,0.0,7.859,0.04,1.21,0.00,0.00,0.00,0.00
7.88711,335.391,-66.270,0,0.000,0.017,-0.003,0.103,0.002,0.017,-0.003,0.0,1,0.0,7.867,0.04,1.21,0.00,0.00,0.00,0.00
7.89716,335.391,-66.270,0,0.000,0.011,0.001,0.103,0.005,0.011,0.001,0.0,1,0.0,7.867,0.04,1.21,0.00,0.00,0.00,0.00
7.90739,335.391,-66.270,0,0.000,0.011,-0.001,0.104,0.007,0.011,-0.001,0.0,1,0.0,7.878,0.04,1.21,0.00,0.00,0.00,0.00
7.92680,335.479,-66.182,0,0.000,0.010,0.000,0.104,0.007,0.010,0.000,0.0,1,0.0,7.903,0.04,1.21,0.00,0.00,0.00,0.00
7.93703,335.391,-66.270,0,0.000,0.011,0.002,0.104,0.007,0.011,0.002,0.0,1,0.0,7.916,0.04,1.21,0.00,0.00,0.00,0.00
7.94708,335.391,-66.270,0,0.000,0.016,0.003,0.104,0.005,0.016,0.003,0.0,1,0.0,7.926,0.04,1.21,0.00,0.00,0.00,0.00
7.95731,335.391,-66.270,0,0.000,0.017,0.003,0.104,0.004,0.017,0.003,0.0,1,0.0,7.926,0.04,1.21,0.00,0.00,0.00,0.00
7.97672,335.391,-66.270,0,0.000,0.022,0.006,0.105,-0.005,0.022,0.006,0.0,1,0.0,7.953,0.04,1.21,0.00,0.00,0.00,0.00
7.98718,335.391,-66.270,0,0.000,0.024,0.003,0.105,-0.007,0.024,0.003,0.0,1,0.0,7.965,0.04,1.21,0.00,0.00,0.00,0.00
8.00676,335.391,-66.270,0,0.000,0.020,0.000,0.105,-0.007,0.020,0.000,0.0,1,0.0,7.983,0.04,1.21,0.00,0.00,0.00,0.00
8.01699,335.391,-66.270,0,0.000,0.018,0.002,0.105,-0.002,0.018,0.002,0.0,1,0.0,7.994,0.04,1.21,0.00,0.00,0.00,0.00
8.02704,335.391,-66.270,0,0.000,0.017,0.002,0.106,0.001,0.017,0.002,0.0,1,0.0,8.004,0.04,1.21,0.00,0.00,0.00,0.00
8.04663,335.391,-66.270,0,0.000,0.007,0.005,0.106,0.007,0.007,0.005,0.0,1,0.0,8.026,0.04,1.21,0.00,0.00,0.00,0.00
8.05668,335.391,-66.270,0,0.000,0.001,0.002,0.106,0.008,0.001,0.002,0.0,1,0.0,8.026,0.04,1.21,0.00,0.00,0.00,0.00
8.06691,335.391,-66.270,0,0.000,0.001,0.003,0.106,0.012,0.001,0.003,0.0,1,0.0,8.037,0.04,1.21,0.00,0.00,0.00,0.00
8.07696,335.391,-66.270,0,0.000,0.001,0.005,0.106,0.008,0.001,0.005,0.0,1,0.0,8.052,0.04,1.21,0.00,0.00,0.00,0.00
8.09655,335.391,-66.270,0,0.000,0.013,0.000,0.106,0.000,0.013,0.000,0.0,1,0.0,8.076,0.04,1.21,0.00,0.00,0.00,0.00
8.10660,335.391,-66.270,0,0.000,0.020,-0.001,0.106,-0.001,0.020,-0.001,0.0,1,0.0,8.076,0.04,1.21,0.00,0.00,0.00,0.00
8.11683,335.391,-66.270,0,0.000,0.026,-0.001,0.107,-0.003,0.026,-0.001,0.0,1,0.0,8.088,0.04,1.21,0.00,0.00,0.00,0.00
8.12688,335.391,-66.270,0,0.000,0.031,-0.002,0.107,0.000,0.031,-0.002,0.0,1,0.0,8.102,0.04,1.21,0.00,0.00,0.00,0.00
8.14647,335.479,-66.182,0,0.000,0.036,0.000,0.108,0.004,0.036,0.000,0.0,1,0.0,8.127,0.04,1.21,0.00,0.00,0.00,0.00
8.15652,335.391,-66.270,0,0.000,0.032,0.000,0.108,0.007,0.032,0.000,0.0,1,0.0,8.137,0.04,1.21,0.00,0.00,0.00,0.00
8.16676,335.391,-66.270,0,0.000,0.026,-0.002,0.108,0.014,0.026,-0.002,0.0,1,0.0,8.148,0.04,1.21,0.00,0.00,0.00,0.00
8.17680,335.391,-66.270,0,0.000,0.018,-0.004,0.108,0.013,0.018,-0.004,0.0,1,0.0,8.159,0.04,1.21,0.00,0.00,0.00,0.00
8.19639,335.391,-66.270,0,0.000,0.000,-0.002,0.108,0.007,0.000,-0.002,0.0,1,0.0,8.171,0.04,1.21,0.00,0.00,0.00,0.00
8.20644,335.303,-66.357,0,0.000,-0.004,0.000,0.108,0.004,-0.004,0.000,0.0,1,0.0,8.182,0.04,1.21,0.00,0.00,0.00,0.00
8.21667,335.391,-66.270,0,0.000,-0.010,0.001,0.108,-0.001,-0.010,0.001,0.0,1,0.0,8.194,0.04,1.21,0.00,0.00,0.00,0.00
8.22672,335.391,-66.270,0,0.000,-0.010,-0.001,0.108,-0.006,-0.010,-0.001,0.0,1,0.0,8.204,0.04,1.21,0.00,0.00,0.00,0.00
8.23809,335.391,-66.270,0,0.000,-0.004,0.000,0.108,-0.009,-0.004,0.000,0.0,1,0.0,8.215,0.04,1.21,0.00,0.00,0.00,0.00
8.25615,335.391,-66.270,0,0.000,0.015,-0.003,0.108,-0.008,0.015,-0.003,0.0,1,0.0,8.229,0.04,1.21,0.00,0.00,0.00,0.00
8.26638,335.391,-66.270,0,0.000,0.031,-0.001,0.109,-0.002,0.031,-0.001,0.0,1,0.0,8.244,0.04,1.21,0.00,0.00,0.00,0.00
8.27643,335.391,-66.270,0,0.000,0.041,-0.002,0.109,0.003,0.041,-0.002,0.0,1,0.0,8.253,0.04,1.21,0.00,0.00,0.00,0.00
8.28666,335.391,-66.270,0,0.000,0.044,-0.003,0.109,0.010,0.044,-0.003,0.0,1,0.0,8.265,0.04,1.21,0.00,0.00,0.00,0.00
8.29673,335.391,-66.270,0,0.000,0.043,-0.001,0.110,0.011,0.043,-0.001,0.0,1,0.0,8.276,0.04,1.21,0.00,0.00,0.00,0.00
8.31630,335.391,-66.270,0,0.000,0.033,-0.001,0.111,0.012,0.033,-0.001,0.0,1,0.0,8.288,0.04,1.21,0.00,0.00,0.00,0.00
8.32635,335.391,-66.270,0,0.000,0.025,-0.002,0.111,0.015,0.025,-0.002,0.0,1,0.0,8.306,0.04,1.21,0.00,0.00,0.00,0.00
8.33658,335.391,-66.270,0,0.000,0.016,-0.002,0.111,0.011,0.016,-0.002,0.0,1,0.0,8.315,0.04,1.21,0.00,0.00,0.00,0.00
8.34663,335.391,-66.270,0,0.000,0.010,0.001,0.111,0.008,0.010,0.001,0.0,1,0.0,8.327,0.04,1.21,0.00,0.00,0.00,0.00
8.36604,335.391,-66.270,0,0.000,-0.002,0.007,0.111,0.000,-0.002,0.007,0.0,1,0.0,8.339,0.04,1.21,0.00,0.00,0.00,0.00
8.37627,335.391,-66.270,0,0.000,-0.008,0.000,0.111,-0.008,-0.008,0.000,0.0,1,0.0,8.339,0.04,1.21,0.00,0.00,0.00,0.00
8.38632,335.391,-66.270,0,0.000,-0.007,0.001,0.111,-0.008,-0.007,0.001,0.0,1,0.0,8.361,0.04,1.21,0.00,0.00,0.00,0.00
8.39654,335.479,-66.182,0,0.000,-0.002,0.002,0.111,-0.012,-0.002,0.002,0.0,1,0.0,8.372,0.04,1.21,0.00,0.00,0.00,0.00
8.41596,335.303,-66.357,0,0.000,0.013,0.002,0.111,-0.004,0.013,0.002,0.0,1,0.0,8.386,0.04,1.21,0.00,0.00,0.00,0.00
8.42618,335.391,-66.270,0,0.000,0.019,0.001,0.111,0.002,0.019,0.001,0.0,1,0.0,8.397,0.04,1.21,0.00,0.00,0.00,0.00
8.43624,335.391,-66.270,0,0.000,0.022,-0.001,0.112,0.008,0.022,-0.001,0.0,1,0.0,8.412,0.04,1.21,0.00,0.00,0.00,0.00
8.44646,335.391,-66.270,0,0.000,0.025,-0.003,0.112,0.017,0.025,-0.003,0.0,1,0.0,8.423,0.04,1.21,0.00,0.00,0.00,0.00
8.46588,335.479,-66.182,0,0.000,0.028,-0.007,0.112,0.014,0.028,-0.007,0.0,1,0.0,8.445,0.04,1.21,0.00,0.00,0.00,0.00
8.47610,335.391,-66.270,0,0.000,0.022,-0.009,0.113,0.016,0.022,-0.009,0.0,1,0.0,8.457,0.04,1.21,0.00,0.00,0.00,0.00
