t_s,enc_as5600_deg,acc_deg,clar_counts,clar_deg,a_belt,v_belt,axW,ayW,azW,cmd_sps,cmd_dir,cmd_vel,cam_t_s,cam_x_mm,cam_y_mm,cam_dx_mm,cam_dy_mm,cam_vx_mm,cam_vy_mm
0.002130,334.6875,0.0000,0,0.0000,0.006584,0.019765,0.002394,0.006584,0.002993,2500.00,1,2500.00,5.654301,0.244,-0.070,0.000,0.000,0.000,0.000
0.011999,310.3418,-24.3457,0,0.0000,2.222418,0.041696,-0.175974,2.222418,0.130484,2500.00,1,2500.00,5.654301,0.244,-0.070,0.000,0.000,0.000,0.000
0.022127,287.5781,-47.1094,0,0.0000,1.045668,0.052287,0.149039,1.045668,-0.041899,2500.00,1,2500.00,5.654301,0.244,-0.002,0.000,0.000,0.000,0.000
0.031973,266.1328,-68.5547,0,0.0000,1.116297,0.063279,-0.122703,1.116297,-0.059855,2500.00,1,2500.00,5.654301,0.244,-0.002,0.000,0.000,0.000,0.000
0.042075,244.6875,-90.0000,0,0.0000,0.612317,0.069464,0.336385,0.612317,-0.042497,2500.00,1,2500.00,5.654301,0.244,-0.002,0.000,0.000,0.000,0.000
0.052046,223.1543,-111.5332,0,0.0000,0.535104,0.074799,-0.140659,0.535104,0.028132,0.00,1,0.00,5.654301,0.244,-0.002,0.000,0.000,0.000,0.000
0.148678,223.5937,-111.0938,0,0.0000,-0.322619,0.043624,-0.134075,-0.322619,-0.004190,0.00,1,0.00,0.031973,0.000,0.000,0.000,0.000,0.000,0.000
0.150105,223.6816,-111.0059,0,0.0000,-0.279523,0.043225,-0.059256,-0.279523,-0.025139,0.00,1,0.00,0.052046,0.000,0.000,0.000,0.000,46.000,-0.088
0.151914,223.5937,-111.0938,0,0.0000,-0.257975,0.042758,-0.096965,-0.257975,-0.016161,0.00,1,0.00,0.052046,0.000,0.000,0.000,0.000,46.000,-0.088
0.161768,223.5059,-111.1816,0,0.0000,-0.192135,0.040865,-0.034117,-0.192135,0.003591,0.00,1,0.00,0.052046,5.609,0.408,5.697,0.408,458.826,32.879
0.263408,223.6816,-111.0059,0,0.0000,0.092177,0.050234,0.037110,0.092177,0.001197,0.00,1,0.00,0.151914,6.630,-0.317,1.021,-0.726,40.693,-28.919
0.264826,223.6816,-111.0059,0,0.0000,0.092775,0.050366,0.031723,0.092775,0.003591,0.00,1,0.00,0.151914,6.630,-0.317,1.021,-0.726,40.693,-28.919
0.271584,223.5937,-111.0938,0,0.0000,0.079607,0.050904,-0.002993,0.079607,0.001796,0.00,1,0.00,0.151914,6.630,-0.317,1.021,-0.726,40.693,-28.919
0.281575,223.6816,-111.0059,0,0.0000,0.057461,0.051478,-0.009577,0.057461,0.000000,0.00,1,0.00,0.161768,6.945,-0.021,-0.365,0.000,-26.283,0.000
0.400754,223.5937,-111.0938,0,0.0000,0.019154,0.053760,0.044891,0.019154,0.000000,0.00,1,0.00,0.271584,6.945,-0.021,0.000,0.000,0.000,0.000
0.403283,223.5937,-111.0938,0,0.0000,0.053271,0.053895,0.035314,0.053271,-0.001197,0.00,1,0.00,0.271584,6.945,-0.021,0.000,0.000,0.000,0.000
0.411401,223.5937,-111.0938,0,0.0000,0.064643,0.054420,0.027533,0.064643,0.000000,0.00,1,0.00,0.281575,6.818,-0.073,0.000,0.000,0.000,0.000
0.514841,223.6816,-111.0059,0,0.0000,-0.023343,0.052005,0.008978,-0.023343,-0.005986,0.00,1,0.00,0.411401,6.972,-0.073,0.154,0.000,6.201,0.000
0.516253,223.6816,-111.0059,0,0.0000,-0.025738,0.051969,0.016759,-0.025738,-0.001197,0.00,1,0.00,0.411401,6.972,-0.073,0.154,0.000,6.201,0.000
0.521289,223.6816,-111.0059,0,0.0000,-0.022745,0.051854,0.022745,-0.022745,-0.001796,0.00,1,0.00,0.411401,6.972,-0.411,6.853,-0.124,-0.069,-0.051
0.531257,223.6816,-111.0059,0,0.0000,-0.010175,0.051753,0.023942,-0.010175,-0.003591,0.00,1,0.00,0.411401,6.972,-0.411,6.853,-0.124,-0.069,-0.051
0.631921,223.5937,-111.0938,0,0.0000,0.035913,0.055368,0.004788,0.035913,0.000000,0.00,1,0.00,0.531257,6.853,-0.124,0.000,0.000,0.000,0.000
0.633346,223.5937,-111.0938,0,0.0000,0.019154,0.055395,0.010175,0.019154,0.000000,0.00,1,0.00,0.531257,6.853,-0.531,6.919,-0.124,0.000,0.000
0.641044,223.5937,-111.0938,0,0.0000,0.004788,0.055432,0.014365,0.004788,0.001796,0.00,1,0.00,0.531257,6.853,-0.531,6.919,-0.124,0.000,0.000
0.776211,223.6816,-111.0059,0,0.0000,0.044293,0.061419,0.004788,0.044293,0.007183,0.00,1,0.00,0.531257,6.919,-0.124,0.000,0.000,0.000,0.000
0.777637,223.6816,-111.0059,0,0.0000,0.039504,0.061475,0.010175,0.039504,0.002993,0.00,1,0.00,0.633346,6.919,-0.124,0.000,0.000,0.000,0.000
0.780804,223.5937,-111.0938,0,0.0000,0.032920,0.061580,0.017358,0.032920,0.001796,0.00,1,0.00,0.641044,6.933,-0.124,0.000,0.000,0.000,0.000
0.790771,223.6816,-111.0059,0,0.0000,0.025139,0.061830,0.021548,0.025139,-0.000599,0.00,1,0.00,0.641044,6.933,-0.124,0.000,0.000,0.000,0.000
0.887400,223.5937,-111.0938,0,0.0000,0.007781,0.062582,-0.003591,0.007781,0.000000,0.00,1,0.00,0.780804,6.933,-0.124,0.000,0.000,0.000,0.000
0.888825,223.5937,-111.0938,0,0.0000,0.017957,0.062608,-0.007183,0.017957,0.004788,0.00,1,0.00,0.790771,6.933,-0.791,6.933,-0.124,0.000,0.000
0.890634,223.5937,-111.0938,0,0.0000,0.026935,0.062656,-0.003591,0.026935,0.002993,0.00,1,0.00,0.790771,6.933,-0.791,6.933,-0.124,0.000,0.000
1.034316,223.5937,-111.0938,0,0.0000,0.002394,0.063000,-0.003591,0.002394,-0.002394,0.00,1,0.00,0.890634,6.933,-0.124,0.000,0.000,0.000,0.000
1.035739,223.6816,-111.0059,0,0.0000,0.008978,0.063013,-0.006584,0.008978,0.000000,0.00,1,0.00,0.890634,6.933,-90634.000,6.933,-0.124,0.000,0.000
1.040379,223.6816,-111.0059,0,0.0000,0.014964,0.063083,-0.004190,0.014964,0.000000,0.00,1,0.00,0.890634,6.933,-0.124,0.000,0.000,0.000,0.000
1.050344,223.5937,-111.0938,0,0.0000,0.019752,0.063279,-0.001197,0.019752,-0.001197,0.00,1,0.00,0.890634,6.933,-0.124,0.000,0.000,0.000,0.000
1.165033,223.6816,-111.0059,0,0.0000,0.009577,0.064378,0.000000,0.009577,-0.001197,0.00,1,0.00,1.035739,6.933,-0.124,0.000,0.000,0.000,0.000
1.166457,223.6816,-111.0059,0,0.0000,0.007183,0.064388,-0.002394,0.007183,-0.000599,0.00,1,0.00,1.050344,6.933,-6.933,-0.124,0.000,0.000,0.000
1.170136,223.6816,-111.0059,0,0.0000,0.007183,0.064414,-0.006584,0.007183,-0.001197,0.00,1,0.00,1.050344,6.933,-6.933,-0.124,0.000,0.000,0.000
1.180127,223.7695,-110.9180,0,0.0000,0.008380,0.064498,-0.009577,0.008380,-0.002394,0.00,1,0.00,1.050344,6.933,-0.124,0.000,0.000,0.000,0.000
1.190108,223.6816,-111.0059,0,0.0000,0.010774,0.064606,-0.007781,0.010774,-0.001197,0.00,1,0.00,1.050344,6.933,-0.124,0.000,0.000,0.000,0.000
1.200088,223.6816,-111.0059,0,0.0000,0.013767,0.064743,-0.001197,0.013767,-0.001796,0.00,1,0.00,1.166457,6.933,-0.124,0.000,0.000,0.000,0.000
1.210078,223.5937,-111.0938,0,0.0000,0.016759,0.064910,0.004788,0.016759,-0.005387,0.00,1,0.00,1.180127,6.933,-0.124,0.000,0.000,0.000,0.000
1.220055,223.5937,-111.0938,0,0.0000,0.018555,0.065096,0.009577,0.018555,-0.005387,0.00,1,0.00,1.180127,6.933,-0.124,0.000,0.000,0.000,0.000
1.230037,223.5937,-111.0938,0,0.0000,0.023343,0.065329,0.016759,0.023343,-0.005986,0.00,1,0.00,1.200088,6.933,-0.124,0.000,0.000,0.000,0.000
1.240029,223.5937,-111.0938,0,0.0000,0.025139,0.065580,0.020351,0.025139,-0.005387,0.00,1,0.00,1.210078,6.933,-0.124,0.000,0.000,0.000,0.000
1.250002,223.6816,-111.0059,0,0.0000,0.029329,0.065872,0.020949,0.029329,-0.007183,0.00,1,0.00,1.210078,6.933,-0.124,0.000,0.000,0.000,0.000
1.259988,223.6816,-111.0059,0,0.0000,0.031125,0.066183,0.020351,0.031125,-0.000599,0.00,1,0.00,1.230037,6.933,-0.124,0.000,0.000,0.000,0.000
1.269978,223.5937,-111.0938,0,0.0000,0.031723,0.066500,0.014964,0.031723,0.000000,0.00,1,0.00,1.240029,6.933,-0.124,0.000,0.000,0.000,0.000
1.279951,223.5937,-111.0938,0,0.0000,0.030526,0.066804,0.009577,0.030526,0.000000,0.00,1,0.00,1.240029,6.933,-0.124,0.000,0.000,0.000,0.000
1.289940,223.5937,-111.0938,0,0.0000,0.029329,0.067097,0.000599,0.029329,0.000000,0.00,1,0.00,1.259988,6.933,-0.124,0.000,0.000,0.000,0.000
1.342233,223.5937,-111.0938,0,0.0000,0.010175,0.067629,-0.007183,0.010175,-0.001796,0.00,1,0.00,1.269978,6.933,-0.124,0.000,0.000,0.000,0.000
1.344016,223.5937,-111.0938,0,0.0000,0.009577,0.067647,-0.001197,0.009577,-0.000599,0.00,1,0.00,1.269978,6.933,-0.124,0.000,0.000,0.000,0.000
1.349835,223.6816,-111.0059,0,0.0000,0.010774,0.067709,0.000000,0.010774,0.000599,0.00,1,0.00,1.269978,6.933,-0.124,0.000,0.000,0.000,0.000
1.359812,223.6816,-111.0059,0,0.0000,0.013168,0.067841,0.002394,0.013168,0.000000,0.00,1,0.00,1.269978,6.933,-0.124,0.000,0.000,0.000,0.000
1.369802,223.5937,-111.0938,0,0.0000,0.013767,0.067978,0.008978,0.013767,0.000000,0.00,1,0.00,1.289940,6.933,-1.350,6.933,-0.124,0.000,0.000
1.379767,223.6816,-111.0059,0,0.0000,0.017358,0.068151,0.010175,0.017358,-0.001197,0.00,1,0.00,1.289940,6.933,-1.350,6.933,-0.124,0.000,0.000
1.389867,223.6816,-111.0059,0,0.0000,0.022146,0.068375,0.011971,0.022146,-0.000599,0.00,1,0.00,1.289940,6.933,-1.350,6.933,-0.124,0.000,0.000
1.399730,223.6816,-111.0059,0,0.0000,0.025738,0.068629,0.014365,0.025738,0.000000,0.00,1,0.00,1.379767,6.933,-0.124,0.000,0.000,0.000,0.000
1.409832,223.6816,-111.0059,0,0.0000,0.028730,0.068919,0.013168,0.028730,-0.002394,0.00,1,0.00,1.379767,6.933,-0.124,0.000,0.000,0.000,0.000
1.419802,223.5937,-111.0938,0,0.0000,0.029928,0.069217,0.012570,0.029928,-0.001796,0.00,1,0.00,1.379767,6.933,-0.124,0.000,0.000,0.000,0.000
1.429791,223.5937,-111.0938,0,0.0000,0.026935,0.069486,0.009577,0.026935,0.001197,0.00,1,0.00,1.389867,6.933,-0.124,0.000,0.000,0.000,0.000
1.439781,223.6816,-111.0059,0,0.0000,0.027533,0.069761,0.006584,0.027533,0.004190,0.00,1,0.00,1.409832,6.933,-0.124,0.000,0.000,0.000,0.000
1.449752,223.6816,-111.0059,0,0.0000,0.026336,0.070024,0.002993,0.026336,0.004788,0.00,1,0.00,1.409832,6.933,-0.124,0.000,0.000,0.000,0.000
1.459739,223.5937,-111.0938,0,0.0000,0.025738,0.070281,-0.001796,0.025738,0.001197,0.00,1,0.00,1.429791,6.933,-0.124,0.000,0.000,0.000,0.000
1.469708,223.5937,-111.0938,0,0.0000,0.020351,0.070484,-0.004788,0.020351,-0.000599,0.00,1,0.00,1.429791,6.933,-0.124,0.000,0.000,0.000,0.000
1.479696,223.6816,-111.0059,0,0.0000,0.014964,0.070633,-0.005387,0.014964,-0.001796,0.00,1,0.00,1.439781,6.933,-0.124,0.000,0.000,0.000,0.000
1.489685,223.5937,-111.0938,0,0.0000,0.011372,0.070747,-0.002394,0.011372,-0.004190,0.00,1,0.00,1.469708,6.933,-0.124,0.000,0.000,0.000,0.000
1.499655,223.6816,-111.0059,0,0.0000,0.010175,0.070848,0.000000,0.010175,-0.004788,0.00,1,0.00,1.469708,6.933,-0.124,0.000,0.000,0.000,0.000
1.509644,223.5937,-111.0938,0,0.0000,0.008380,0.070932,0.002993,0.008380,-0.003591,0.00,1,0.00,1.479696,6.933,-0.124,0.000,0.000,0.000,0.000
1.519613,223.5937,-111.0938,0,0.0000,0.005986,0.070992,0.008978,0.005986,-0.004190,0.00,1,0.00,1.479696,6.933,-0.124,0.000,0.000,0.000,0.000
1.529600,223.6816,-111.0059,0,0.0000,0.008978,0.071081,0.009577,0.008978,-0.004788,0.00,1,0.00,1.499655,6.933,-0.124,0.000,0.000,0.000,0.000
1.539594,223.6816,-111.0059,0,0.0000,0.014964,0.071231,0.011372,0.014964,0.000000,0.00,1,0.00,1.519613,6.933,-0.124,0.000,0.000,0.000,0.000
1.549558,223.6816,-111.0059,0,0.0000,0.021548,0.071446,0.010774,0.021548,0.000000,0.00,1,0.00,1.519613,6.933,-0.124,0.000,0.000,0.000,0.000
1.559546,223.6816,-111.0059,0,0.0000,0.025738,0.071703,0.011372,0.025738,-0.001197,0.00,1,0.00,1.539594,6.933,-0.124,0.000,0.000,0.000,0.000
1.569520,223.6816,-111.0059,0,0.0000,0.027533,0.071977,0.010175,0.027533,0.000000,0.00,1,0.00,1.539594,6.933,-0.124,0.000,0.000,0.000,0.000
1.579506,223.5937,-111.0938,0,0.0000,0.028730,0.072264,0.007781,0.028730,0.000599,0.00,1,0.00,1.549558,6.933,-0.124,0.000,0.000,0.000,0.000
1.589500,223.6816,-111.0059,0,0.0000,0.029329,0.072557,0.001796,0.029329,0.000000,0.00,1,0.00,1.559546,6.933,-0.124,0.000,0.000,0.000,0.000
1.599475,223.6816,-111.0059,0,0.0000,0.027533,0.072832,0.001796,0.027533,-0.002394,0.00,1,0.00,1.559546,6.933,-0.124,0.000,0.000,0.000,0.000
1.609461,223.5937,-111.0938,0,0.0000,0.024541,0.073077,0.000599,0.024541,-0.001197,0.00,1,0.00,1.579506,6.933,-0.124,0.000,0.000,0.000,0.000
1.619450,223.6816,-111.0059,0,0.0000,0.021548,0.073292,0.001197,0.021548,0.000000,0.00,1,0.00,1.589500,6.933,-0.124,0.000,0.000,0.000,0.000
1.629416,223.5937,-111.0938,0,0.0000,0.019752,0.073489,0.001796,0.019752,0.000599,0.00,1,0.00,1.589500,6.933,-0.124,0.000,0.000,0.000,0.000
1.639404,223.5937,-111.0938,0,0.0000,0.015562,0.073645,0.003591,0.015562,0.000000,0.00,1,0.00,1.609461,6.933,-0.124,0.000,0.000,0.000,0.000
1.649399,223.5937,-111.0938,0,0.0000,0.013767,0.073782,0.006584,0.013767,0.002394,0.00,1,0.00,1.629416,6.933,-0.124,0.000,0.000,0.000,0.000
1.659367,223.5937,-111.0938,0,0.0000,0.010774,0.073890,0.007781,0.010774,0.001197,0.00,1,0.00,1.629416,6.933,-0.124,0.000,0.000,0.000,0.000
1.669352,223.5937,-111.0938,0,0.0000,0.010774,0.073997,0.010175,0.010774,0.000000,0.00,1,0.00,1.639404,6.933,-0.124,0.000,0.000,0.000,0.000
1.679344,223.5937,-111.0938,0,0.0000,0.009577,0.074093,0.014365,0.009577,0.000000,0.00,1,0.00,1.649399,6.933,-0.124,0.000,0.000,0.000,0.000
1.689316,223.5937,-111.0938,0,0.0000,0.013168,0.074224,0.016759,0.013168,0.002993,0.00,1,0.00,1.649399,6.933,-0.124,0.000,0.000,0.000,0.000
1.699303,223.6816,-111.0059,0,0.0000,0.014964,0.074374,0.013767,0.014964,0.000599,0.00,1,0.00,1.669352,6.933,-0.124,0.000,0.000,0.000,0.000
1.709294,223.7695,-110.9180,0,0.0000,0.018555,0.074559,0.010774,0.018555,0.000599,0.00,1,0.00,1.679344,6.933,-0.124,0.000,0.000,0.000,0.000
1.719267,223.5937,-111.0938,0,0.0000,0.023942,0.074798,0.008978,0.023942,0.001796,0.00,1,0.00,1.679344,6.933,-0.124,0.000,0.000,0.000,0.000
1.729256,223.6816,-111.0059,0,0.0000,0.028132,0.075079,0.006584,0.028132,0.005387,0.00,1,0.00,1.689316,6.933,-0.124,0.000,0.000,0.000,0.000
1.739246,223.5937,-111.0938,0,0.0000,0.029329,0.075372,0.006584,0.029329,0.005986,0.00,1,0.00,1.719267,6.933,-0.124,0.000,0.000,0.000,0.000
1.749215,223.5937,-111.0938,0,0.0000,0.026336,0.075634,0.006584,0.026336,0.001796,0.00,1,0.00,1.719267,6.933,-0.124,0.000,0.000,0.000,0.000
1.759206,223.5937,-111.0938,0,0.0000,0.020949,0.075844,0.002993,0.020949,0.005387,0.00,1,0.00,1.729256,6.933,-0.124,0.000,0.000,0.000,0.000
1.769199,223.5937,-111.0938,0,0.0000,0.017957,0.076023,0.003591,0.017957,0.000000,0.00,1,0.00,1.749215,6.933,-0.124,0.000,0.000,0.000,0.000
1.779167,223.5937,-111.0938,0,0.0000,0.016161,0.076184,0.004788,0.016161,-0.001197,0.00,1,0.00,1.749215,6.933,-0.124,0.000,0.000,0.000,0.000
1.789163,223.6816,-111.0059,0,0.0000,0.013168,0.076316,0.007183,0.013168,-0.002394,0.00,1,0.00,1.759206,6.933,-0.124,0.000,0.000,0.000,0.000
1.799153,223.5937,-111.0938,0,0.0000,0.009577,0.076412,0.007781,0.009577,-0.000599,0.00,1,0.00,1.779167,6.933,-0.124,0.000,0.000,0.000,0.000
1.809117,223.6816,-111.0059,0,0.0000,0.006584,0.076477,0.008380,0.006584,0.000000,0.00,1,0.00,1.779167,6.933,-0.124,0.000,0.000,0.000,0.000
1.819107,223.5937,-111.0938,0,0.0000,0.005986,0.076537,0.005986,0.005986,-0.003591,0.00,1,0.00,1.789163,6.933,-0.124,0.000,0.000,0.000,0.000
1.829154,223.5937,-111.0938,0,0.0000,0.005387,0.076591,0.004788,0.005387,-0.001197,0.00,1,0.00,1.789163,6.933,-0.124,0.000,0.000,0.000,0.000
1.839060,223.5937,-111.0938,0,0.0000,0.008380,0.076674,0.003591,0.008380,0.000000,0.00,1,0.00,1.809117,6.933,-0.124,0.000,0.000,0.000,0.000
1.849026,223.5937,-111.0938,0,0.0000,0.010175,0.076775,0.003591,0.010175,0.001197,0.00,1,0.00,1.809117,6.933,-0.124,0.000,0.000,0.000,0.000
1.858994,223.5937,-111.0938,0,0.0000,0.014365,0.076919,0.001796,0.014365,0.002394,0.00,1,0.00,1.809117,6.933,-0.124,0.000,0.000,0.000,0.000
1.869000,223.5937,-111.0938,0,0.0000,0.014964,0.077068,0.001796,0.014964,0.003591,0.00,1,0.00,1.849026,6.933,-0.124,0.000,0.000,0.000,0.000
1.878965,223.5937,-111.0938,0,0.0000,0.016161,0.077229,0.000000,0.016161,0.002993,0.00,1,0.00,1.849026,6.933,-0.124,0.000,0.000,0.000,0.000
1.888929,223.5937,-111.0938,0,0.0000,0.019154,0.077420,0.000000,0.019154,0.001796,0.00,1,0.00,1.849026,6.933,-0.124,0.000,0.000,0.000,0.000
1.899043,223.6816,-111.0059,0,0.0000,0.021548,0.077638,0.002993,0.021548,0.001796,0.00,1,0.00,1.849026,6.933,-0.124,0.000,0.000,0.000,0.000
1.909022,223.6816,-111.0059,0,0.0000,0.023343,0.077871,0.004788,0.023343,0.005986,0.00,1,0.00,1.878965,6.933,-0.124,0.000,0.000,0.000,0.000
1.918989,223.5937,-111.0938,0,0.0000,0.022745,0.078098,0.005387,0.022745,0.001197,0.00,1,0.00,1.878965,6.933,-0.124,0.000,0.000,0.000,0.000
1.928967,223.5937,-111.0938,0,0.0000,0.019154,0.078289,0.006584,0.019154,0.003591,0.00,1,0.00,1.878965,6.933,-0.124,0.000,0.000,0.000,0.000
1.938953,223.5937,-111.0938,0,0.0000,0.019752,0.078486,0.007781,0.019752,0.003591,0.00,1,0.00,1.899043,6.933,-0.124,0.000,0.000,0.000,0.000
1.948944,223.5937,-111.0938,0,0.0000,0.014365,0.078630,0.008380,0.014365,0.002394,0.00,1,0.00,1.928967,6.933,-0.124,0.000,0.000,0.000,0.000
1.958911,223.6816,-111.0059,0,0.0000,0.009577,0.078725,0.007183,0.009577,0.000599,0.00,1,0.00,1.928967,6.933,-0.124,0.000,0.000,0.000,0.000
1.968898,223.5937,-111.0938,0,0.0000,0.010175,0.078827,0.007781,0.010175,0.001796,0.00,1,0.00,1.938953,6.933,-0.124,0.000,0.000,0.000,0.000
1.978892,223.6816,-111.0059,0,0.0000,0.009577,0.078922,0.005986,0.009577,0.000000,0.00,1,0.00,1.948944,6.933,-0.124,0.000,0.000,0.000,0.000
1.988857,223.6816,-111.0059,0,0.0000,0.008380,0.079006,0.005387,0.008380,-0.003591,0.00,1,0.00,1.948944,6.933,-0.124,0.000,0.000,0.000,0.000
1.998846,223.5937,-111.0938,0,0.0000,0.012570,0.079132,0.004788,0.012570,-0.002394,0.00,1,0.00,1.968898,6.933,-0.124,0.000,0.000,0.000,0.000
2.008827,223.5937,-111.0938,0,0.0000,0.013767,0.079269,0.005986,0.013767,0.000000,0.00,1,0.00,1.968898,6.933,-0.124,0.000,0.000,0.000,0.000
2.018807,223.5937,-111.0938,0,0.0000,0.015562,0.079424,0.005387,0.015562,-0.000599,0.00,1,0.00,1.988857,6.933,-0.124,0.000,0.000,0.000,0.000
2.028796,223.5937,-111.0938,0,0.0000,0.020949,0.079634,0.002394,0.020949,0.000599,0.00,1,0.00,1.998846,6.933,-0.124,0.000,0.000,0.000,0.000
2.038787,223.6816,-111.0059,0,0.0000,0.022745,0.079861,0.004190,0.022745,0.000000,0.00,1,0.00,2.018807,6.933,-0.124,0.000,0.000,0.000,0.000
2.048758,223.5937,-111.0938,0,0.0000,0.024541,0.080105,0.005387,0.024541,0.000000,0.00,1,0.00,2.018807,6.933,-0.124,0.000,0.000,0.000,0.000
2.058748,223.6816,-111.0059,0,0.0000,0.023942,0.080345,0.007183,0.023942,0.000000,0.00,1,0.00,2.028796,6.933,-0.124,0.000,0.000,0.000,0.000
2.068718,223.5937,-111.0938,0,0.0000,0.020949,0.080554,0.007781,0.020949,0.000599,0.00,1,0.00,2.028796,6.933,-0.124,0.000,0.000,0.000,0.000
2.078707,223.5937,-111.0938,0,0.0000,0.017957,0.080733,0.007183,0.017957,0.001796,0.00,1,0.00,2.048758,6.933,-0.124,0.000,0.000,0.000,0.000
2.088697,223.6816,-111.0059,0,0.0000,0.014365,0.080876,0.007183,0.014365,0.001197,0.00,1,0.00,2.058748,6.933,-0.124,0.000,0.000,0.000,0.000
2.098667,223.5937,-111.0938,0,0.0000,0.017358,0.081049,0.010175,0.017358,0.001197,0.00,1,0.00,2.058748,6.933,-0.124,0.000,0.000,0.000,0.000
2.108652,223.6816,-111.0059,0,0.0000,0.014964,0.081199,0.008978,0.014964,0.000000,0.00,1,0.00,2.078707,6.933,-0.124,0.000,0.000,0.000,0.000
2.118644,223.6816,-111.0059,0,0.0000,0.014365,0.081342,0.007781,0.014365,-0.002394,0.00,1,0.00,2.088697,6.933,-0.124,0.000,0.000,0.000,0.000
2.128611,223.6816,-111.0059,0,0.0000,0.010774,0.081450,0.005387,0.010774,0.000000,0.00,1,0.00,2.088697,6.933,-0.124,0.000,0.000,0.000,0.000
2.138595,223.6816,-111.0059,0,0.0000,0.011372,0.081563,0.003591,0.011372,-0.001796,0.00,1,0.00,2.108652,6.933,-0.124,0.000,0.000,0.000,0.000
2.148586,223.5937,-111.0938,0,0.0000,0.013767,0.081701,0.004190,0.013767,0.000000,0.00,1,0.00,2.118644,6.933,-0.124,0.000,0.000,0.000,0.000
2.158562,223.5937,-111.0938,0,0.0000,0.013168,0.081832,0.001796,0.013168,0.000599,0.00,1,0.00,2.118644,6.933,-0.124,0.000,0.000,0.000,0.000
2.168549,223.5937,-111.0938,0,0.0000,0.014365,0.081976,0.001796,0.014365,0.003591,0.00,1,0.00,2.138595,6.933,-0.124,0.000,0.000,0.000,0.000
2.178539,223.6816,-111.0059,0,0.0000,0.014964,0.082125,0.002394,0.014964,0.003591,0.00,1,0.00,2.148586,6.933,-0.124,0.000,0.000,0.000,0.000
2.188510,223.6816,-111.0059,0,0.0000,0.016161,0.082286,0.004190,0.016161,0.004190,0.00,1,0.00,2.148586,6.933,-0.124,0.000,0.000,0.000,0.000
2.198500,223.5937,-111.0938,0,0.0000,0.018555,0.082472,0.005387,0.018555,0.004788,0.00,1,0.00,2.178539,6.933,-0.124,0.000,0.000,0.000,0.000
2.208474,223.5937,-111.0938,0,0.0000,0.018555,0.082657,0.005387,0.018555,0.001197,0.00,1,0.00,2.178539,6.933,-0.124,0.000,0.000,0.000,0.000
2.218453,223.6816,-111.0059,0,0.0000,0.018555,0.082842,0.006584,0.018555,0.000000,0.00,1,0.00,2.188510,6.933,-0.124,0.000,0.000,0.000,0.000
2.228446,223.5937,-111.0938,0,0.0000,0.017957,0.083021,0.010774,0.017957,-0.001197,0.00,1,0.00,2.208474,6.933,-0.124,0.000,0.000,0.000,0.000
2.238417,223.5937,-111.0938,0,0.0000,0.019752,0.083218,0.011372,0.019752,0.000000,0.00,1,0.00,2.208474,6.933,-0.124,0.000,0.000,0.000,0.000
2.248401,223.6816,-111.0059,0,0.0000,0.018555,0.083404,0.009577,0.018555,-0.001197,0.00,1,0.00,2.218453,6.933,-0.124,0.000,0.000,0.000,0.000
2.258391,223.5937,-111.0938,0,0.0000,0.016759,0.083571,0.009577,0.016759,-0.000599,0.00,1,0.00,2.228446,6.933,-0.124,0.000,0.000,0.000,0.000
2.268367,223.5937,-111.0938,0,0.0000,0.013767,0.083708,0.008978,0.013767,-0.002394,0.00,1,0.00,2.228446,6.933,-0.124,0.000,0.000,0.000,0.000
2.278351,223.6816,-111.0059,0,0.0000,0.011971,0.083828,0.007781,0.011971,-0.001796,0.00,1,0.00,2.248401,6.933,-0.124,0.000,0.000,0.000,0.000
2.288340,223.5937,-111.0938,0,0.0000,0.011372,0.083941,0.006584,0.011372,-0.001796,0.00,1,0.00,2.268367,6.933,-0.124,0.000,0.000,0.000,0.000
2.298319,223.6816,-111.0059,0,0.0000,0.009577,0.084037,0.001197,0.009577,-0.001197,0.00,1,0.00,2.268367,6.933,-0.124,0.000,0.000,0.000,0.000
2.308300,223.5937,-111.0938,0,0.0000,0.009577,0.084133,-0.000599,0.009577,-0.001197,0.00,1,0.00,2.278351,6.933,-0.124,0.000,0.000,0.000,0.000
2.318290,223.6816,-111.0059,0,0.0000,0.010175,0.084234,-0.001796,0.010175,0.000000,0.00,1,0.00,2.288340,6.933,-0.124,0.000,0.000,0.000,0.000
2.370270,223.6816,-111.0059,0,0.0000,0.013168,0.084919,0.003591,0.013168,-0.002993,0.00,1,0.00,2.308300,6.933,-0.124,0.000,0.000,0.000,0.000
2.372084,223.6816,-111.0059,0,0.0000,0.013168,0.084943,0.006584,0.013168,-0.001197,0.00,1,0.00,2.308300,6.933,-0.124,0.000,0.000,0.000,0.000
2.378188,223.5937,-111.0938,0,0.0000,0.015562,0.085038,0.005986,0.015562,0.002394,0.00,1,0.00,2.318290,6.933,-2.318,6.933,-0.124,0.000,0.000
2.388162,223.5937,-111.0938,0,0.0000,0.018555,0.085223,0.008380,0.018555,0.001796,0.00,1,0.00,2.318290,6.933,-2.318,6.933,-0.124,0.000,0.000
2.398148,223.6816,-111.0059,0,0.0000,0.018555,0.085408,0.010175,0.018555,0.000599,0.00,1,0.00,2.372084,6.933,-0.124,0.000,0.000,0.000,0.000
2.408137,223.5937,-111.0938,0,0.0000,0.019154,0.085599,0.008978,0.019154,0.003591,0.00,1,0.00,2.378188,6.933,-0.124,0.000,0.000,0.000,0.000
2.418107,223.5937,-111.0938,0,0.0000,0.019752,0.085796,0.005986,0.019752,0.000599,0.00,1,0.00,2.378188,6.933,-0.124,0.000,0.000,0.000,0.000
2.428091,223.5937,-111.0938,0,0.0000,0.017957,0.085975,0.002394,0.017957,0.000000,0.00,1,0.00,2.398148,6.933,-0.124,0.000,0.000,0.000,0.000
2.438085,223.6816,-111.0059,0,0.0000,0.017957,0.086155,0.000000,0.017957,-0.001197,0.00,1,0.00,2.408137,6.933,-0.124,0.000,0.000,0.000,0.000
2.448052,223.6816,-111.0059,0,0.0000,0.016759,0.086322,0.000000,0.016759,0.000000,0.00,1,0.00,2.408137,6.933,-0.124,0.000,0.000,0.000,0.000
2.458040,223.5059,-111.1816,0,0.0000,0.013168,0.086453,-0.002394,0.013168,0.001197,0.00,1,0.00,2.438085,6.933,-0.124,0.000,0.000,0.000,0.000
2.468011,223.5937,-111.0938,0,0.0000,0.009577,0.086549,-0.002394,0.009577,0.001197,0.00,1,0.00,2.438085,6.933,-0.124,0.000,0.000,0.000,0.000
2.478001,223.6816,-111.0059,0,0.0000,0.011971,0.086669,-0.002993,0.011971,0.001197,0.00,1,0.00,2.448052,6.933,-0.124,0.000,0.000,0.000,0.000
2.487992,223.5937,-111.0938,0,0.0000,0.012570,0.086794,-0.000599,0.012570,0.001197,0.00,1,0.00,2.458040,6.933,-0.124,0.000,0.000,0.000,0.000
2.497968,223.6816,-111.0059,0,0.0000,0.011372,0.086908,0.000000,0.011372,-0.001197,0.00,1,0.00,2.458040,6.933,-0.124,0.000,0.000,0.000,0.000
2.507953,223.5937,-111.0938,0,0.0000,0.013767,0.087045,0.002394,0.013767,-0.006584,0.00,1,0.00,2.478001,6.933,-0.124,0.000,0.000,0.000,0.000
2.517941,223.6816,-111.0059,0,0.0000,0.014365,0.087188,0.005387,0.014365,-0.005387,0.00,1,0.00,2.487992,6.933,-0.124,0.000,0.000,0.000,0.000
2.527916,223.5937,-111.0938,0,0.0000,0.015562,0.087344,0.007781,0.015562,-0.004788,0.00,1,0.00,2.487992,6.933,-0.124,0.000,0.000,0.000,0.000
2.537898,223.6816,-111.0059,0,0.0000,0.020949,0.087553,0.010175,0.020949,-0.002394,0.00,1,0.00,2.507953,6.933,-0.124,0.000,0.000,0.000,0.000
2.547877,223.6816,-111.0059,0,0.0000,0.022745,0.087780,0.009577,0.022745,-0.002394,0.00,1,0.00,2.507953,6.933,-0.124,0.000,0.000,0.000,0.000
2.557858,223.5937,-111.0938,0,0.0000,0.023343,0.088013,0.009577,0.023343,-0.001796,0.00,1,0.00,2.517941,6.933,-0.124,0.000,0.000,0.000,0.000
2.567844,223.5937,-111.0938,0,0.0000,0.021548,0.088228,0.008978,0.021548,0.000000,0.00,1,0.00,2.547877,6.933,-0.124,0.000,0.000,0.000,0.000
2.577952,223.5937,-111.0938,0,0.0000,0.021548,0.088446,0.007183,0.021548,0.000000,0.00,1,0.00,2.547877,6.933,-0.124,0.000,0.000,0.000,0.000
2.587804,223.5937,-111.0938,0,0.0000,0.020949,0.088652,0.005986,0.020949,-0.001197,0.00,1,0.00,2.557858,6.933,-0.124,0.000,0.000,0.000,0.000
2.597793,223.5937,-111.0938,0,0.0000,0.018555,0.088838,0.006584,0.018555,-0.001796,0.00,1,0.00,2.577952,6.933,-0.124,0.000,0.000,0.000,0.000
2.607895,223.5937,-111.0938,0,0.0000,0.017358,0.089013,0.004190,0.017358,-0.001197,0.00,1,0.00,2.577952,6.933,-0.124,0.000,0.000,0.000,0.000
2.617754,223.5937,-111.0938,0,0.0000,0.017957,0.089190,0.001197,0.017957,-0.001197,0.00,1,0.00,2.587804,6.933,-0.124,0.000,0.000,0.000,0.000
2.627743,223.5937,-111.0938,0,0.0000,0.017957,0.089369,0.000000,0.017957,0.000599,0.00,1,0.00,2.607895,6.933,-0.124,0.000,0.000,0.000,0.000
2.637845,223.5937,-111.0938,0,0.0000,0.014365,0.089514,-0.001796,0.014365,0.001796,0.00,1,0.00,2.607895,6.933,-0.124,0.000,0.000,0.000,0.000
2.647830,223.5937,-111.0938,0,0.0000,0.013168,0.089646,0.000000,0.013168,0.002394,0.00,1,0.00,2.617754,6.933,-0.124,0.000,0.000,0.000,0.000
2.657691,223.6816,-111.0059,0,0.0000,0.011372,0.089758,0.000000,0.011372,0.001796,0.00,1,0.00,2.637845,6.933,-0.124,0.000,0.000,0.000,0.000
2.667789,223.6816,-111.0059,0,0.0000,0.013767,0.089897,0.001796,0.013767,0.000000,0.00,1,0.00,2.637845,6.933,-0.124,0.000,0.000,0.000,0.000
2.677777,223.6816,-111.0059,0,0.0000,0.013168,0.090029,0.000000,0.013168,0.000000,0.00,1,0.00,2.647830,6.933,-0.124,0.000,0.000,0.000,0.000
2.687770,223.5937,-111.0938,0,0.0000,0.012570,0.090154,0.002993,0.012570,-0.003591,0.00,1,0.00,2.667789,6.933,-0.124,0.000,0.000,0.000,0.000
2.697735,223.6816,-111.0059,0,0.0000,0.014365,0.090297,0.005387,0.014365,-0.005986,0.00,1,0.00,2.667789,6.933,-0.124,0.000,0.000,0.000,0.000
2.707723,223.6816,-111.0059,0,0.0000,0.015562,0.090453,0.005387,0.015562,-0.004788,0.00,1,0.00,2.687770,6.933,-0.124,0.000,0.000,0.000,0.000
2.717693,223.6816,-111.0059,0,0.0000,0.019154,0.090644,0.004190,0.019154,-0.002394,0.00,1,0.00,2.687770,6.933,-0.124,0.000,0.000,0.000,0.000
2.727678,223.5937,-111.0938,0,0.0000,0.017957,0.090823,0.003591,0.017957,0.000000,0.00,1,0.00,2.697735,6.933,-0.124,0.000,0.000,0.000,0.000
2.737669,223.5937,-111.0938,0,0.0000,0.019154,0.091014,0.001197,0.019154,0.000000,0.00,1,0.00,2.707723,6.933,-0.124,0.000,0.000,0.000,0.000
2.747635,223.6816,-111.0059,0,0.0000,0.019752,0.091211,0.001197,0.019752,0.000000,0.00,1,0.00,2.707723,6.933,-0.124,0.000,0.000,0.000,0.000
2.757619,223.6816,-111.0059,0,0.0000,0.019154,0.091402,0.004190,0.019154,0.000599,0.00,1,0.00,2.727678,6.933,-0.124,0.000,0.000,0.000,0.000
2.767615,223.5937,-111.0938,0,0.0000,0.020949,0.091612,0.004190,0.020949,0.001197,0.00,1,0.00,2.737669,6.933,-0.124,0.000,0.000,0.000,0.000
2.777581,223.5937,-111.0938,0,0.0000,0.017358,0.091785,0.005986,0.017358,-0.001796,0.00,1,0.00,2.737669,6.933,-0.124,0.000,0.000,0.000,0.000
2.787572,223.5937,-111.0938,0,0.0000,0.016161,0.091946,0.005986,0.016161,-0.001796,0.00,1,0.00,2.757619,6.933,-0.124,0.000,0.000,0.000,0.000
2.797549,223.5937,-111.0938,0,0.0000,0.014365,0.092090,0.006584,0.014365,-0.001796,0.00,1,0.00,2.757619,6.933,-0.124,0.000,0.000,0.000,0.000
2.807533,223.6816,-111.0059,0,0.0000,0.015562,0.092245,0.004788,0.015562,0.001197,0.00,1,0.00,2.787572,6.933,-0.124,0.000,0.000,0.000,0.000
2.817523,223.6816,-111.0059,0,0.0000,0.013767,0.092382,0.004190,0.013767,0.004788,0.00,1,0.00,2.797549,6.933,-0.124,0.000,0.000,0.000,0.000
2.827492,223.5937,-111.0938,0,0.0000,0.012570,0.092508,0.007183,0.012570,0.002394,0.00,1,0.00,2.797549,6.933,-0.124,0.000,0.000,0.000,0.000
2.837481,223.6816,-111.0059,0,0.0000,0.013767,0.092645,0.007183,0.013767,0.000599,0.00,1,0.00,2.807533,6.933,-0.124,0.000,0.000,0.000,0.000
2.847470,223.5059,-111.1816,0,0.0000,0.014365,0.092789,0.007781,0.014365,0.000000,0.00,1,0.00,2.817523,6.933,-0.124,0.000,0.000,0.000,0.000
2.960750,223.5937,-111.0938,0,0.0000,0.024541,0.095569,0.004788,0.024541,0.000000,0.00,1,0.00,2.837481,6.933,-0.124,0.000,0.000,0.000,0.000
2.962923,223.5937,-111.0938,0,0.0000,0.021548,0.095616,0.005387,0.021548,-0.001197,0.00,1,0.00,2.837481,6.933,-0.124,0.000,0.000,0.000,0.000
2.967288,223.5937,-111.0938,0,0.0000,0.018555,0.095697,0.002394,0.018555,-0.001796,0.00,1,0.00,2.847470,6.933,-2.847,6.933,-0.124,0.000,0.000
2.977258,223.5937,-111.0938,0,0.0000,0.016759,0.095864,0.002993,0.016759,-0.000599,0.00,1,0.00,2.847470,6.933,-2.847,6.933,-0.124,0.000,0.000
2.987241,223.5937,-111.0938,0,0.0000,0.013767,0.096001,0.005387,0.013767,-0.001197,0.00,1,0.00,2.962923,6.933,-0.124,0.000,0.000,0.000,0.000
2.997236,223.6816,-111.0059,0,0.0000,0.013168,0.096133,0.004190,0.013168,-0.001197,0.00,1,0.00,2.967288,6.933,-0.124,0.000,0.000,0.000,0.000
3.007206,223.5937,-111.0938,0,0.0000,0.010175,0.096234,0.001796,0.010175,-0.001197,0.00,1,0.00,2.967288,6.933,-0.124,0.000,0.000,0.000,0.000
3.017189,223.6816,-111.0059,0,0.0000,0.012570,0.096360,0.001197,0.012570,0.000000,0.00,1,0.00,2.987241,6.933,-0.124,0.000,0.000,0.000,0.000
3.027177,223.5937,-111.0938,0,0.0000,0.017358,0.096533,0.002394,0.017358,-0.001197,0.00,1,0.00,2.997236,6.933,-0.124,0.000,0.000,0.000,0.000
3.037155,223.5937,-111.0938,0,0.0000,0.020949,0.096742,0.005986,0.020949,-0.002993,0.00,1,0.00,2.997236,6.933,-0.124,0.000,0.000,0.000,0.000
3.047137,223.5937,-111.0938,0,0.0000,0.022146,0.096963,0.008380,0.022146,-0.004190,0.00,1,0.00,3.017189,6.933,-0.124,0.000,0.000,0.000,0.000
3.057128,223.5937,-111.0938,0,0.0000,0.022146,0.097184,0.009577,0.022146,-0.000599,0.00,1,0.00,3.027177,6.933,-0.124,0.000,0.000,0.000,0.000
3.067106,223.5937,-111.0938,0,0.0000,0.021548,0.097399,0.008978,0.021548,0.002993,0.00,1,0.00,3.027177,6.933,-0.124,0.000,0.000,0.000,0.000
3.077090,223.5937,-111.0938,0,0.0000,0.020949,0.097608,0.008380,0.020949,0.000000,0.00,1,0.00,3.047137,6.933,-0.124,0.000,0.000,0.000,0.000
3.087083,223.5937,-111.0938,0,0.0000,0.022146,0.097830,0.005986,0.022146,0.000599,0.00,1,0.00,3.057128,6.933,-0.124,0.000,0.000,0.000,0.000
3.097052,223.6816,-111.0059,0,0.0000,0.019154,0.098021,0.007781,0.019154,-0.001197,0.00,1,0.00,3.057128,6.933,-0.124,0.000,0.000,0.000,0.000
3.107041,223.5937,-111.0938,0,0.0000,0.017957,0.098200,0.008380,0.017957,-0.005387,0.00,1,0.00,3.077090,6.933,-0.124,0.000,0.000,0.000,0.000
3.117029,223.5937,-111.0938,0,0.0000,0.016161,0.098362,0.008978,0.016161,-0.005387,0.00,1,0.00,3.087083,6.933,-0.124,0.000,0.000,0.000,0.000
3.126997,223.6816,-111.0059,0,0.0000,0.013168,0.098493,0.009577,0.013168,-0.004788,0.00,1,0.00,3.087083,6.933,-0.124,0.000,0.000,0.000,0.000
3.136990,223.6816,-111.0059,0,0.0000,0.011971,0.098612,0.005387,0.011971,-0.004190,0.00,1,0.00,3.107041,6.933,-0.124,0.000,0.000,0.000,0.000
3.146981,223.6816,-111.0059,0,0.0000,0.013767,0.098750,0.003591,0.013767,-0.005387,0.00,1,0.00,3.126997,6.933,-0.124,0.000,0.000,0.000,0.000
3.156946,223.5937,-111.0938,0,0.0000,0.011372,0.098863,0.001796,0.011372,-0.004190,0.00,1,0.00,3.126997,6.933,-0.124,0.000,0.000,0.000,0.000
3.166934,223.6816,-111.0059,0,0.0000,0.012570,0.098989,0.001197,0.012570,0.000599,0.00,1,0.00,3.136990,6.933,-0.124,0.000,0.000,0.000,0.000
3.176930,223.6816,-111.0059,0,0.0000,0.012570,0.099114,0.002394,0.012570,0.003591,0.00,1,0.00,3.156946,6.933,-0.124,0.000,0.000,0.000,0.000
3.186897,223.5937,-111.0938,0,0.0000,0.011372,0.099228,0.003591,0.011372,0.000000,0.00,1,0.00,3.156946,6.933,-0.124,0.000,0.000,0.000,0.000
3.196886,223.5937,-111.0938,0,0.0000,0.011372,0.099341,0.005986,0.011372,-0.002394,0.00,1,0.00,3.166934,6.933,-0.124,0.000,0.000,0.000,0.000
3.206861,223.5937,-111.0938,0,0.0000,0.013168,0.099473,0.005986,0.013168,-0.001796,0.00,1,0.00,3.166934,6.933,-0.124,0.000,0.000,0.000,0.000
3.216845,223.5937,-111.0938,0,0.0000,0.015562,0.099628,0.006584,0.015562,0.000000,0.00,1,0.00,3.186897,6.933,-0.124,0.000,0.000,0.000,0.000
3.226834,223.5937,-111.0938,0,0.0000,0.016161,0.099790,0.005387,0.016161,0.000000,0.00,1,0.00,3.206861,6.933,-0.124,0.000,0.000,0.000,0.000
3.236809,223.6816,-111.0059,0,0.0000,0.015562,0.099945,0.006584,0.015562,0.001197,0.00,1,0.00,3.206861,6.933,-0.124,0.000,0.000,0.000,0.000
3.246794,223.5937,-111.0938,0,0.0000,0.015562,0.100100,0.006584,0.015562,0.000000,0.00,1,0.00,3.216845,6.933,-0.124,0.000,0.000,0.000,0.000
3.256783,223.6816,-111.0059,0,0.0000,0.017957,0.100280,0.005986,0.017957,-0.001796,0.00,1,0.00,3.226834,6.933,-0.124,0.000,0.000,0.000,0.000
3.266773,223.5937,-111.0938,0,0.0000,0.019154,0.100471,0.006584,0.019154,0.000000,0.00,1,0.00,3.246794,6.933,-0.124,0.000,0.000,0.000,0.000
3.276739,223.6816,-111.0059,0,0.0000,0.019752,0.100668,0.005986,0.019752,0.001197,0.00,1,0.00,3.246794,6.933,-0.124,0.000,0.000,0.000,0.000
3.286734,223.6816,-111.0059,0,0.0000,0.016759,0.100835,0.005387,0.016759,0.000000,0.00,1,0.00,3.256783,6.933,-0.124,0.000,0.000,0.000,0.000
3.296709,223.5937,-111.0938,0,0.0000,0.016161,0.100996,0.002993,0.016161,-0.002993,0.00,1,0.00,3.256783,6.933,-0.124,0.000,0.000,0.000,0.000
3.306688,223.5937,-111.0938,0,0.0000,0.016161,0.101158,0.003591,0.016161,-0.005387,0.00,1,0.00,3.286734,6.933,-0.124,0.000,0.000,0.000,0.000
3.316677,223.6816,-111.0059,0,0.0000,0.015562,0.101313,0.003591,0.015562,-0.004190,0.00,1,0.00,3.296709,6.933,-0.124,0.000,0.000,0.000,0.000
3.326673,223.5937,-111.0938,0,0.0000,0.014365,0.101457,0.005387,0.014365,-0.001197,0.00,1,0.00,3.306688,6.933,-0.124,0.000,0.000,0.000,0.000
3.336638,223.6816,-111.0059,0,0.0000,0.016161,0.101618,0.002993,0.016161,0.000000,0.00,1,0.00,3.306688,6.933,-0.124,0.000,0.000,0.000,0.000
3.346628,223.5937,-111.0938,0,0.0000,0.017957,0.101797,0.004190,0.017957,0.000000,0.00,1,0.00,3.316677,6.933,-0.124,0.000,0.000,0.000,0.000
3.356607,223.6816,-111.0059,0,0.0000,0.014964,0.101946,0.008380,0.014964,0.000000,0.00,1,0.00,3.316677,6.933,-0.124,0.000,0.000,0.000,0.000
3.366587,223.6816,-111.0059,0,0.0000,0.020351,0.102150,0.007781,0.020351,0.002993,0.00,1,0.00,3.336638,6.933,-0.124,0.000,0.000,0.000,0.000
3.376576,223.5937,-111.0938,0,0.0000,0.022745,0.102377,0.010774,0.022745,0.001197,0.00,1,0.00,3.346628,6.933,-0.124,0.000,0.000,0.000,0.000
3.386543,223.5937,-111.0938,0,0.0000,0.020351,0.102580,0.010774,0.020351,0.001796,0.00,1,0.00,3.346628,6.933,-0.124,0.000,0.000,0.000,0.000
3.396535,223.5937,-111.0938,0,0.0000,0.020949,0.102789,0.008380,0.020949,0.001796,0.00,1,0.00,3.366587,6.933,-0.124,0.000,0.000,0.000,0.000
3.406508,223.6816,-111.0059,0,0.0000,0.020949,0.102998,0.004788,0.020949,0.002394,0.00,1,0.00,3.366587,6.933,-0.124,0.000,0.000,0.000,0.000
3.416489,223.5937,-111.0938,0,0.0000,0.018555,0.103183,-0.000599,0.018555,0.000000,0.00,1,0.00,3.376576,6.933,-0.124,0.000,0.000,0.000,0.000
3.426484,223.6816,-111.0059,0,0.0000,0.014964,0.103333,0.000000,0.014964,0.001197,0.00,1,0.00,3.406508,6.933,-0.124,0.000,0.000,0.000,0.000
3.436456,223.6816,-111.0059,0,0.0000,0.013767,0.103470,-0.001197,0.013767,0.003591,0.00,1,0.00,3.406508,6.933,-0.124,0.000,0.000,0.000,0.000
