t_s,enc_as5600_deg,acc_as5600_deg,clar_counts,clar_deg,a_belt,v_belt,axW,ayW,azW,cmd_sps,cmd_dir,cmd_vel,cam_t_s,cam_x_mm,cam_y_mm,cam_dx_mm,cam_dy_mm,cam_vx_mm,cam_vy_mm
0.01072,49.922,0.000,0,0.000,0.005,0.007,0.002,0.005,0.011,1250.0,1,1250.0,267.781,16274.20,0.00,0.00,0.00,0.00,0.00
0.02077,49.922,0.000,0,0.000,0.006,0.007,0.001,0.006,0.020,1250.0,1,1250.0,274.208,0.00,0.00,0.00,0.00,0.00,0.00
0.03100,49.922,0.000,0,0.000,0.005,0.007,0.004,0.005,0.016,1250.0,1,1250.0,0.009,0.00,0.00,0.00,0.00,0.00,0.00
0.04105,49.922,0.000,0,0.000,0.004,0.007,0.006,0.004,0.014,1250.0,1,1250.0,0.009,0.00,0.00,0.00,0.00,0.00,0.00
0.05128,50.010,0.088,0,0.000,0.004,0.007,0.008,0.004,0.014,1250.0,1,1250.0,0.032,0.00,0.00,0.00,0.00,0.00,0.00
0.07069,50.010,0.088,0,0.000,0.002,0.007,0.006,0.002,0.010,1250.0,1,1250.0,0.042,0.00,0.00,0.00,0.00,0.00,0.00
0.08092,49.922,0.000,0,0.000,0.003,0.008,0.005,0.003,0.011,1250.0,1,1250.0,0.055,0.00,0.00,0.00,0.00,0.00,0.00
0.09097,49.922,0.000,0,0.000,0.003,0.008,0.004,0.003,0.007,1250.0,1,1250.0,0.067,0.00,0.00,0.00,0.00,0.00,0.00
0.10120,49.922,0.000,0,0.000,0.001,0.008,0.005,0.001,0.008,1250.0,1,1250.0,0.080,0.00,0.00,0.00,0.00,0.00,0.00
0.12061,49.922,0.000,0,0.000,0.003,0.008,0.004,0.003,0.008,1250.0,1,1250.0,0.103,0.00,0.00,0.00,0.00,0.00,0.00
0.13089,49.922,0.000,0,0.000,0.007,0.008,0.004,0.007,0.007,1250.0,1,1250.0,0.103,0.00,0.00,0.00,0.00,0.00,0.00
0.14094,49.922,0.000,0,0.000,0.006,0.008,0.004,0.006,0.009,1250.0,1,1250.0,0.115,0.00,0.00,0.00,0.00,0.00,0.00
0.16053,49.922,0.000,0,0.000,0.007,0.008,0.003,0.007,0.010,1250.0,1,1250.0,0.131,0.00,0.00,0.00,0.00,0.00,0.00
0.17058,49.922,0.000,0,0.000,0.007,0.008,0.005,0.007,0.010,1250.0,1,1250.0,0.145,0.00,0.00,0.00,0.00,0.00,0.00
0.18081,49.922,0.000,0,0.000,0.008,0.008,0.004,0.008,0.011,1250.0,1,1250.0,0.158,0.00,0.00,0.00,0.00,0.00,0.00
0.19086,49.922,0.000,0,0.000,0.009,0.008,0.004,0.009,0.004,1250.0,1,1250.0,0.168,0.00,0.00,0.00,0.00,0.00,0.00
0.21045,49.922,0.000,0,0.000,0.010,0.008,0.005,0.010,0.005,1250.0,1,1250.0,0.180,0.00,0.00,0.00,0.00,0.00,0.00
0.23052,49.922,0.000,0,0.000,0.006,0.008,0.003,0.006,0.001,1250.0,1,1250.0,0.206,0.00,0.00,0.00,0.00,0.00,0.00
0.24057,49.922,0.000,0,0.000,0.008,0.008,0.001,0.008,-0.002,1250.0,1,1250.0,0.218,0.00,0.00,0.00,0.00,0.00,0.00
0.25080,49.834,-0.088,0,0.000,0.006,0.009,0.001,0.006,-0.002,1250.0,1,1250.0,0.229,0.00,0.00,0.00,0.00,0.00,0.00
0.26081,49.922,0.000,0,0.000,0.004,0.009,0.000,0.004,-0.005,1250.0,1,1250.0,0.242,0.00,0.00,0.00,0.00,0.00,0.00
0.28033,49.922,0.000,0,0.000,0.008,0.009,0.005,0.008,0.002,1250.0,1,1250.0,0.255,0.00,0.00,0.00,0.00,0.00,0.00
0.29038,49.922,0.000,0,0.000,0.010,0.009,0.005,0.010,0.007,1250.0,1,1250.0,0.267,0.00,0.00,0.00,0.00,0.00,0.00
0.30061,49.922,0.000,0,0.000,0.008,0.009,0.007,0.008,0.004,1250.0,1,1250.0,0.279,0.00,0.00,0.00,0.00,0.00,0.00
0.31068,49.834,-0.088,0,0.000,0.010,0.009,0.007,0.010,0.005,1250.0,1,1250.0,0.291,0.00,0.00,0.00,0.00,0.00,0.00
0.33025,49.922,0.000,0,0.000,0.007,0.009,0.009,0.007,0.015,1250.0,1,1250.0,0.302,0.00,0.00,0.00,0.00,0.00,0.00
0.34030,49.922,0.000,0,0.000,0.007,0.009,0.010,0.007,0.013,1250.0,1,1250.0,0.317,0.00,0.00,0.00,0.00,0.00,0.00
0.35053,49.922,0.000,0,0.000,0.008,0.009,0.010,0.008,0.011,1250.0,1,1250.0,0.328,0.00,0.00,0.00,0.00,0.00,0.00
0.36060,49.922,0.000,0,0.000,0.008,0.009,0.007,0.008,0.005,1250.0,1,1250.0,0.341,0.00,0.00,0.00,0.00,0.00,0.00
0.38017,49.922,0.000,0,0.000,0.005,0.009,0.008,0.005,0.002,1250.0,1,1250.0,0.353,0.00,0.00,0.00,0.00,0.00,0.00
0.39031,50.010,0.088,0,0.000,0.006,0.009,0.007,0.006,0.002,1250.0,1,1250.0,0.368,0.00,0.00,0.00,0.00,0.00,0.00
0.40036,50.010,0.088,0,0.000,0.005,0.010,0.006,0.005,0.002,1250.0,1,1250.0,0.381,0.00,0.00,0.00,0.00,0.00,0.00
0.41059,50.010,0.088,0,0.000,0.004,0.010,0.004,0.004,0.003,1250.0,1,1250.0,0.392,0.00,0.00,0.00,0.00,0.00,0.00
0.42064,49.834,-0.088,0,0.000,0.003,0.010,0.002,0.003,0.004,1250.0,1,1250.0,0.392,0.00,0.00,0.00,0.00,0.00,0.00
0.44023,49.922,0.000,0,0.000,0.004,0.010,0.005,0.004,0.003,1250.0,1,1250.0,0.418,0.00,0.00,0.00,0.00,0.00,0.00
0.45028,50.010,0.088,0,0.000,0.002,0.010,0.009,0.002,0.001,1250.0,1,1250.0,0.429,0.00,0.00,0.00,0.00,0.00,0.00
0.46051,49.922,0.000,0,0.000,0.004,0.010,0.009,0.004,0.000,1250.0,1,1250.0,0.429,0.00,0.00,0.00,0.00,0.00,0.00
0.47056,49.922,0.000,0,0.000,0.007,0.010,0.007,0.007,0.003,1250.0,1,1250.0,0.440,0.00,0.00,0.00,0.00,0.00,0.00
0.49015,49.922,0.000,0,0.000,0.008,0.010,0.007,0.008,0.006,1250.0,1,1250.0,0.468,0.00,0.00,0.00,0.00,0.00,0.00
0.50020,49.834,-0.088,0,0.000,0.010,0.010,0.008,0.010,0.005,1250.0,1,1250.0,0.481,0.00,0.00,0.00,0.00,0.00,0.00
0.51049,50.010,0.088,0,0.000,0.009,0.010,0.006,0.009,0.001,1250.0,1,1250.0,0.481,0.00,0.00,0.00,0.00,0.00,0.00
0.52992,49.834,-0.088,0,0.000,0.007,0.010,0.004,0.007,0.003,1250.0,1,1250.0,0.504,0.00,0.00,0.00,0.00,0.00,0.00
0.54015,49.922,0.000,0,0.000,0.007,0.010,0.004,0.007,0.004,1250.0,1,1250.0,0.518,0.00,0.00,0.00,0.00,0.00,0.00
0.55022,49.922,0.000,0,0.000,0.007,0.010,0.005,0.007,0.002,1250.0,1,1250.0,0.531,0.00,0.00,0.00,0.00,0.00,0.00
0.56043,49.922,0.000,0,0.000,0.005,0.010,0.008,0.005,0.004,1250.0,1,1250.0,0.531,0.00,0.00,0.00,0.00,0.00,0.00
0.57984,49.922,0.000,0,0.000,0.004,0.011,0.008,0.004,0.001,1250.0,1,1250.0,0.555,0.00,0.00,0.00,0.00,0.00,0.00
0.59007,49.922,0.000,0,0.000,0.005,0.011,0.008,0.005,0.001,1250.0,1,1250.0,0.569,0.00,0.00,0.00,0.00,0.00,0.00
0.60012,50.010,0.088,0,0.000,0.006,0.011,0.010,0.006,0.000,1250.0,1,1250.0,0.582,0.00,0.00,0.00,0.00,0.00,0.00
0.61035,49.922,0.000,0,0.000,0.007,0.011,0.008,0.007,0.004,1250.0,1,1250.0,0.582,0.00,0.00,0.00,0.00,0.00,0.00
0.62976,49.922,0.000,0,0.000,0.006,0.011,0.009,0.006,0.007,1250.0,1,1250.0,0.605,0.00,0.00,0.00,0.00,0.00,0.00
0.63990,49.922,0.000,0,0.000,0.006,0.011,0.010,0.006,0.010,1250.0,1,1250.0,0.605,0.00,0.00,0.00,0.00,0.00,0.00
0.65013,49.834,-0.088,0,0.000,0.004,0.011,0.008,0.004,0.011,1250.0,1,1250.0,0.622,0.00,0.00,0.00,0.00,0.00,0.00
0.66018,49.922,0.000,0,0.000,0.004,0.011,0.007,0.004,0.013,1250.0,1,1250.0,0.632,0.00,0.00,0.00,0.00,0.00,0.00
0.67977,50.010,0.088,0,0.000,0.009,0.011,0.005,0.009,0.008,1250.0,1,1250.0,0.655,0.00,0.00,0.00,0.00,0.00,0.00
0.69991,50.010,0.088,0,0.000,0.007,0.011,0.004,0.007,0.005,1250.0,1,1250.0,0.670,0.00,0.00,0.00,0.00,0.00,0.00
0.70996,49.922,0.000,0,0.000,0.006,0.011,0.007,0.006,0.002,1250.0,1,1250.0,0.682,0.00,0.00,0.00,0.00,0.00,0.00
0.72955,49.834,-0.088,0,0.000,0.010,0.012,0.007,0.010,0.007,1250.0,1,1250.0,0.709,0.00,0.00,0.00,0.00,0.00,0.00
0.73960,50.010,0.088,0,0.000,0.008,0.012,0.004,0.008,0.008,1250.0,1,1250.0,0.709,0.00,0.00,0.00,0.00,0.00,0.00
0.74983,49.834,-0.088,0,0.000,0.008,0.012,0.005,0.008,0.007,1250.0,1,1250.0,0.723,0.00,0.00,0.00,0.00,0.00,0.00
0.75988,50.010,0.088,0,0.000,0.008,0.012,0.003,0.008,0.010,1250.0,1,1250.0,0.733,0.00,0.00,0.00,0.00,0.00,0.00
0.77004,49.922,0.000,0,0.000,0.007,0.012,0.004,0.007,0.012,1250.0,1,1250.0,0.751,0.00,0.00,0.00,0.00,0.00,0.00
0.78956,49.922,0.000,0,0.000,0.009,0.012,0.006,0.009,0.013,1250.0,1,1250.0,0.762,0.00,0.00,0.00,0.00,0.00,0.00
0.79961,49.834,-0.088,0,0.000,0.010,0.012,0.006,0.010,0.014,1250.0,1,1250.0,0.779,0.00,0.00,0.00,0.00,0.00,0.00
0.80984,50.010,0.088,0,0.000,0.007,0.012,0.007,0.007,0.012,1250.0,1,1250.0,0.792,0.00,0.00,0.00,0.00,0.00,0.00
0.81989,49.922,0.000,0,0.000,0.007,0.012,0.005,0.007,0.010,1250.0,1,1250.0,0.792,0.00,0.00,0.00,0.00,0.00,0.00
0.83947,49.922,0.000,0,0.000,0.006,0.012,0.001,0.006,0.008,1250.0,1,1250.0,0.816,0.00,0.00,0.00,0.00,0.00,0.00
0.84953,49.922,0.000,0,0.000,0.007,0.012,0.001,0.007,0.012,1250.0,1,1250.0,0.829,0.00,0.00,0.00,0.00,0.00,0.00
0.85976,49.922,0.000,0,0.000,0.008,0.013,0.003,0.008,0.010,1250.0,1,1250.0,0.829,0.00,0.00,0.00,0.00,0.00,0.00
0.86981,49.922,0.000,0,0.000,0.010,0.013,0.005,0.010,0.012,1250.0,1,1250.0,0.843,0.00,0.00,0.00,0.00,0.00,0.00
0.88939,49.922,0.000,0,0.000,0.014,0.013,0.008,0.014,0.005,1250.0,1,1250.0,0.867,0.00,0.00,0.00,0.00,0.00,0.00
0.89954,49.834,-0.088,0,0.000,0.014,0.013,0.007,0.014,0.007,1250.0,1,1250.0,0.880,0.00,0.00,0.00,0.00,0.00,0.00
0.90961,49.922,0.000,0,0.000,0.013,0.013,0.008,0.013,0.007,1250.0,1,1250.0,0.891,0.00,0.00,0.00,0.00,0.00,0.00
0.91982,49.922,0.000,0,0.000,0.009,0.013,0.011,0.009,0.007,1250.0,1,1250.0,0.891,0.00,0.00,0.00,0.00,0.00,0.00
0.93923,49.922,0.000,0,0.000,0.011,0.013,0.010,0.011,0.006,1250.0,1,1250.0,0.919,0.00,0.00,0.00,0.00,0.00,0.00
0.94946,49.922,0.000,0,0.000,0.012,0.014,0.004,0.012,0.009,1250.0,1,1250.0,0.932,0.00,0.00,0.00,0.00,0.00,0.00
0.95951,49.922,0.000,0,0.000,0.010,0.014,0.001,0.010,0.010,1250.0,1,1250.0,0.932,0.00,0.00,0.00,0.00,0.00,0.00
0.96974,49.922,0.000,0,0.000,0.012,0.014,0.002,0.012,0.009,1250.0,1,1250.0,0.944,0.00,0.00,0.00,0.00,0.00,0.00
0.98915,49.834,-0.088,0,0.000,0.009,0.014,0.006,0.009,0.011,1250.0,1,1250.0,0.970,0.00,0.00,0.00,0.00,0.00,0.00
0.99938,49.922,0.000,0,0.000,0.011,0.014,0.007,0.011,0.011,1250.0,1,1250.0,0.982,0.00,0.00,0.00,0.00,0.00,0.00
1.00943,41.836,-8.086,0,0.000,1.253,0.027,-0.038,1.253,0.069,1250.0,1,1250.0,0.982,0.00,0.00,0.00,0.00,0.00,0.00
1.01965,33.662,-16.260,0,0.000,0.848,0.035,0.051,0.848,0.019,1250.0,1,1250.0,0.992,0.00,0.00,0.00,0.00,0.00,0.00
1.03916,28.828,-21.094,0,0.000,-0.487,0.036,-0.002,-0.487,0.063,0.0,1,0.0,1.014,0.00,0.00,0.00,0.00,0.00,0.00
1.04921,28.828,-21.094,0,0.000,-0.214,0.034,-0.004,-0.214,0.071,0.0,1,0.0,1.031,0.00,0.00,0.00,0.00,0.00,0.00
1.05944,28.740,-21.182,0,0.000,-0.214,0.032,0.081,-0.214,0.017,0.0,1,0.0,1.031,0.00,0.00,0.00,0.00,0.00,0.00
1.06949,28.740,-21.182,0,0.000,-0.050,0.031,-0.008,-0.050,0.043,0.0,1,0.0,1.044,0.00,0.00,0.00,0.00,0.00,0.00
1.08907,28.740,-21.182,0,0.000,-0.058,0.029,-0.016,-0.058,0.028,0.0,1,0.0,1.065,-0.48,-0.19,-0.48,-0.19,-22.15,-9.10
1.09913,28.828,-21.094,0,0.000,-0.107,0.028,0.053,-0.107,0.000,0.0,1,0.0,1.075,1.80,-0.19,2.27,0.00,203.40,0.00
1.10935,28.828,-21.094,0,0.000,-0.036,0.028,-0.052,-0.036,0.008,0.0,1,0.0,1.087,2.48,-0.10,0.68,0.10,56.66,8.04
1.11941,28.828,-21.094,0,0.000,-0.075,0.027,0.051,-0.075,-0.008,0.0,1,0.0,1.087,2.48,-0.10,0.68,0.10,56.66,8.04
1.13900,28.828,-21.094,0,0.000,-0.041,0.027,0.037,-0.041,-0.007,0.0,1,0.0,1.111,2.04,0.03,0.16,0.31,14.22,28.52
1.15056,28.740,-21.182,0,0.000,0.022,0.027,-0.034,0.022,0.008,0.0,1,0.0,1.123,2.18,0.03,0.14,0.00,11.36,0.00
1.16925,28.740,-21.182,0,0.000,0.057,0.028,-0.026,0.057,0.006,0.0,1,0.0,1.154,2.06,0.19,0.20,0.00,19.22,0.00
1.17929,28.828,-21.094,0,0.000,0.030,0.028,0.023,0.030,0.013,0.0,1,0.0,1.154,2.06,0.19,0.20,0.00,19.22,0.00
1.19887,28.740,-21.182,0,0.000,0.040,0.029,0.027,0.040,0.000,0.0,1,0.0,1.177,1.92,0.13,-0.14,-0.07,-8.65,-4.23
1.20893,28.828,-21.094,0,0.000,0.054,0.030,-0.004,0.054,0.005,0.0,1,0.0,1.189,1.99,0.13,0.08,0.00,7.13,0.00
1.21915,28.828,-21.094,0,0.000,0.014,0.030,0.024,0.014,-0.001,0.0,1,0.0,1.200,1.88,0.13,-0.11,0.00,-10.11,0.00
1.22921,28.740,-21.182,0,0.000,0.023,0.030,-0.001,0.023,-0.002,0.0,1,0.0,1.200,1.88,0.13,-0.11,0.00,-10.11,0.00
1.24879,28.828,-21.094,0,0.000,-0.007,0.030,-0.004,-0.007,-0.002,0.0,1,0.0,1.223,1.97,0.13,0.08,0.00,6.58,0.00
1.25885,28.828,-21.094,0,0.000,-0.036,0.029,0.013,-0.036,-0.005,0.0,1,0.0,1.237,1.91,0.13,-0.05,0.00,-3.94,0.00
1.26909,28.740,-21.182,0,0.000,-0.017,0.029,-0.014,-0.017,0.000,0.0,1,0.0,1.251,1.98,0.13,0.06,0.00,4.46,0.00
1.27914,28.740,-21.182,0,0.000,-0.028,0.029,-0.003,-0.028,0.002,0.0,1,0.0,1.251,1.98,0.13,0.06,0.00,4.46,0.00
1.29872,28.740,-21.182,0,0.000,-0.004,0.029,-0.005,-0.004,0.005,0.0,1,0.0,1.279,2.04,0.13,0.00,0.00,0.00,0.00
1.30878,28.740,-21.182,0,0.000,0.014,0.029,-0.019,0.014,0.006,0.0,1,0.0,1.279,2.04,0.13,0.00,0.00,0.00,0.00
1.31900,28.828,-21.094,0,0.000,0.016,0.029,-0.001,0.016,0.008,0.0,1,0.0,1.293,2.04,0.13,0.00,0.00,0.00,0.00
1.32905,28.740,-21.182,0,0.000,0.032,0.029,-0.001,0.032,0.010,0.0,1,0.0,1.304,2.04,0.13,0.00,0.00,0.00,0.00
1.34864,28.740,-21.182,0,0.000,0.034,0.030,0.011,0.034,0.006,0.0,1,0.0,1.328,2.04,0.13,0.00,0.00,0.00,0.00
1.35870,28.740,-21.182,0,0.000,0.023,0.030,0.020,0.023,0.007,0.0,1,0.0,1.339,2.04,0.13,0.00,0.00,0.00,0.00
1.36894,28.828,-21.094,0,0.000,0.017,0.030,0.015,0.017,0.005,0.0,1,0.0,1.350,2.04,0.13,0.00,0.00,0.00,0.00
1.37898,28.828,-21.094,0,0.000,0.009,0.031,0.013,0.009,0.005,0.0,1,0.0,1.350,2.04,0.13,0.00,0.00,0.00,0.00
1.39856,28.828,-21.094,0,0.000,-0.009,0.030,0.001,-0.009,0.004,0.0,1,0.0,1.376,2.04,0.13,0.00,0.00,0.00,0.00
1.40905,28.740,-21.182,0,0.000,-0.008,0.030,-0.007,-0.008,0.002,0.0,1,0.0,1.376,2.04,0.13,0.00,0.00,0.00,0.00
1.42856,28.828,-21.094,0,0.000,-0.002,0.030,-0.014,-0.002,0.005,0.0,1,0.0,1.405,2.04,0.13,0.00,0.00,0.00,0.00
1.43878,28.916,-21.006,0,0.000,0.001,0.030,-0.012,0.001,0.005,0.0,1,0.0,1.418,2.04,0.13,0.00,0.00,0.00,0.00
1.44884,28.828,-21.094,0,0.000,0.006,0.030,-0.010,0.006,0.006,0.0,1,0.0,1.431,2.04,0.13,0.00,0.00,0.00,0.00
1.46842,28.828,-21.094,0,0.000,0.022,0.031,0.000,0.022,0.008,0.0,1,0.0,1.447,2.04,0.13,0.00,0.00,0.00,0.00
1.47848,28.740,-21.182,0,0.000,0.026,0.031,0.012,0.026,0.010,0.0,1,0.0,1.460,2.04,0.13,0.00,0.00,0.00,0.00
1.48871,28.828,-21.094,0,0.000,0.029,0.031,0.018,0.029,0.007,0.0,1,0.0,1.471,2.04,0.13,0.00,0.00,0.00,0.00
1.49876,28.740,-21.182,0,0.000,0.026,0.031,0.020,0.026,0.007,0.0,1,0.0,1.471,2.04,0.13,0.00,0.00,0.00,0.00
1.51834,28.828,-21.094,0,0.000,0.015,0.032,0.015,0.015,0.003,0.0,1,0.0,1.496,2.04,0.13,0.00,0.00,0.00,0.00
1.52840,28.652,-21.270,0,0.000,0.009,0.032,0.011,0.009,0.004,0.0,1,0.0,1.508,2.04,0.13,0.00,0.00,0.00,0.00
1.53856,28.828,-21.094,0,0.000,0.002,0.032,0.004,0.002,0.006,0.0,1,0.0,1.508,2.04,0.13,0.00,0.00,0.00,0.00
1.54879,28.828,-21.094,0,0.000,-0.001,0.032,-0.002,-0.001,0.007,0.0,1,0.0,1.523,2.04,0.13,0.00,0.00,0.00,0.00
1.56820,28.740,-21.182,0,0.000,-0.003,0.032,-0.012,-0.003,0.000,0.0,1,0.0,1.547,2.04,0.13,0.00,0.00,0.00,0.00
1.57843,28.828,-21.094,0,0.000,0.000,0.032,-0.010,0.000,0.003,0.0,1,0.0,1.559,2.04,0.13,0.00,0.00,0.00,0.00
1.58848,28.740,-21.182,0,0.000,0.001,0.032,-0.010,0.001,0.003,0.0,1,0.0,1.570,2.04,0.13,0.00,0.00,0.00,0.00
1.59871,28.828,-21.094,0,0.000,0.005,0.032,-0.002,0.005,0.002,0.0,1,0.0,1.581,2.04,0.13,0.00,0.00,0.00,0.00
1.61812,28.828,-21.094,0,0.000,0.013,0.032,0.013,0.013,0.004,0.0,1,0.0,1.581,2.04,0.13,0.00,0.00,0.00,0.00
1.62835,28.828,-21.094,0,0.000,0.016,0.032,0.017,0.016,0.007,0.0,1,0.0,1.603,2.04,0.13,0.00,0.00,0.00,0.00
1.63840,28.828,-21.094,0,0.000,0.019,0.032,0.021,0.019,0.004,0.0,1,0.0,1.616,2.04,0.13,0.00,0.00,0.00,0.00
1.64863,28.828,-21.094,0,0.000,0.017,0.033,0.017,0.017,0.002,0.0,1,0.0,1.627,2.04,0.13,0.00,0.00,0.00,0.00
1.66827,28.740,-21.182,0,0.000,0.010,0.033,0.011,0.010,0.002,0.0,1,0.0,1.649,2.04,0.13,0.00,0.00,0.00,0.00
1.67831,28.828,-21.094,0,0.000,0.010,0.033,0.004,0.010,0.003,0.0,1,0.0,1.649,2.04,0.13,0.00,0.00,0.00,0.00
1.68854,28.740,-21.182,0,0.000,0.005,0.033,-0.003,0.005,0.005,0.0,1,0.0,1.666,2.04,0.13,0.00,0.00,0.00,0.00
1.70795,28.828,-21.094,0,0.000,0.001,0.033,-0.013,0.001,0.004,0.0,1,0.0,1.689,2.04,0.13,0.00,0.00,0.00,0.00
1.71818,28.828,-21.094,0,0.000,0.000,0.033,-0.013,0.000,0.004,0.0,1,0.0,1.699,2.04,0.13,0.00,0.00,0.00,0.00
1.72824,28.828,-21.094,0,0.000,0.000,0.033,-0.010,0.000,0.002,0.0,1,0.0,1.699,2.04,0.13,0.00,0.00,0.00,0.00
1.73846,28.740,-21.182,0,0.000,0.001,0.033,-0.003,0.001,0.004,0.0,1,0.0,1.712,2.04,0.13,0.00,0.00,0.00,0.00
1.75787,28.740,-21.182,0,0.000,0.009,0.033,0.010,0.009,0.005,0.0,1,0.0,1.723,2.04,0.13,0.00,0.00,0.00,0.00
1.76810,28.740,-21.182,0,0.000,0.017,0.033,0.013,0.017,0.005,0.0,1,0.0,1.747,2.04,0.13,0.00,0.00,0.00,0.00
1.77815,28.740,-21.182,0,0.000,0.020,0.034,0.015,0.020,0.004,0.0,1,0.0,1.756,2.04,0.13,0.00,0.00,0.00,0.00
1.78829,28.828,-21.094,0,0.000,0.019,0.034,0.012,0.019,0.002,0.0,1,0.0,1.768,2.04,0.13,0.00,0.00,0.00,0.00
1.80788,28.740,-21.182,0,0.000,0.018,0.034,0.007,0.018,0.008,0.0,1,0.0,1.779,2.04,0.13,0.00,0.00,0.00,0.00
1.81793,28.828,-21.094,0,0.000,0.016,0.034,0.000,0.016,0.008,0.0,1,0.0,1.794,2.04,0.13,0.00,0.00,0.00,0.00
1.82816,28.740,-21.182,0,0.000,0.011,0.034,-0.003,0.011,0.009,0.0,1,0.0,1.807,2.04,0.13,0.00,0.00,0.00,0.00
1.83821,28.740,-21.182,0,0.000,0.010,0.035,-0.008,0.010,0.007,0.0,1,0.0,1.819,2.04,0.13,0.00,0.00,0.00,0.00
1.85780,28.740,-21.182,0,0.000,0.003,0.035,-0.010,0.003,0.007,0.0,1,0.0,1.828,2.04,0.13,0.00,0.00,0.00,0.00
1.86785,28.916,-21.006,0,0.000,0.004,0.035,-0.007,0.004,0.007,0.0,1,0.0,1.843,2.04,0.13,0.00,0.00,0.00,0.00
1.87808,28.740,-21.182,0,0.000,0.001,0.035,-0.004,0.001,0.005,0.0,1,0.0,1.855,2.04,0.13,0.00,0.00,0.00,0.00
1.88813,28.828,-21.094,0,0.000,0.005,0.035,0.001,0.005,0.005,0.0,1,0.0,1.867,2.04,0.13,0.00,0.00,0.00,0.00
1.90772,28.828,-21.094,0,0.000,0.011,0.035,0.007,0.011,0.008,0.0,1,0.0,1.887,2.04,0.13,0.00,0.00,0.00,0.00
1.91829,28.828,-21.094,0,0.000,0.014,0.035,0.011,0.014,0.010,0.0,1,0.0,1.897,2.04,0.13,0.00,0.00,0.00,0.00
1.93783,28.740,-21.182,0,0.000,0.020,0.035,0.011,0.020,0.011,0.0,1,0.0,1.915,2.04,0.13,0.00,0.00,0.00,0.00
1.94805,28.828,-21.094,0,0.000,0.020,0.036,0.008,0.020,0.011,0.0,1,0.0,1.929,2.04,0.13,0.00,0.00,0.00,0.00
1.95811,28.740,-21.182,0,0.000,0.019,0.036,0.005,0.019,0.008,0.0,1,0.0,1.938,2.04,0.13,0.00,0.00,0.00,0.00
1.97769,28.828,-21.094,0,0.000,0.011,0.036,-0.001,0.011,0.007,0.0,1,0.0,1.949,2.04,0.13,0.00,0.00,0.00,0.00
1.98775,28.828,-21.094,0,0.000,0.010,0.036,-0.002,0.010,0.007,0.0,1,0.0,1.970,2.04,0.13,0.00,0.00,0.00,0.00
1.99798,28.828,-21.094,0,0.000,0.008,0.036,-0.002,0.008,0.007,0.0,1,0.0,1.970,2.04,0.13,0.00,0.00,0.00,0.00
2.00803,28.828,-21.094,0,0.000,0.004,0.036,-0.001,0.004,0.007,0.0,1,0.0,1.982,2.04,0.13,0.00,0.00,0.00,0.00
2.02761,28.828,-21.094,0,0.000,0.004,0.036,0.003,0.004,0.008,0.0,1,0.0,2.004,2.04,0.13,0.00,0.00,0.00,0.00
2.03767,28.740,-21.182,0,0.000,0.004,0.036,0.007,0.004,0.004,0.0,1,0.0,2.004,2.04,0.13,0.00,0.00,0.00,0.00
2.05218,28.828,-21.094,0,0.000,0.011,0.037,0.010,0.011,0.001,0.0,1,0.0,2.036,2.04,0.13,0.00,0.00,0.00,0.00
2.06777,28.828,-21.094,0,0.000,0.017,0.037,0.008,0.017,0.005,0.0,1,0.0,2.044,2.04,0.13,0.00,0.00,0.00,0.00
2.08735,28.828,-21.094,0,0.000,0.022,0.037,0.005,0.022,0.007,0.0,1,0.0,2.060,2.04,0.13,0.00,0.00,0.00,0.00
2.09741,28.652,-21.270,0,0.000,0.021,0.037,0.004,0.021,0.009,0.0,1,0.0,2.074,2.04,0.13,0.00,0.00,0.00,0.00
2.10763,28.740,-21.182,0,0.000,0.019,0.038,0.002,0.019,0.008,0.0,1,0.0,2.084,2.04,0.13,0.00,0.00,0.00,0.00
2.11769,28.828,-21.094,0,0.000,0.015,0.038,0.000,0.015,0.011,0.0,1,0.0,2.094,2.04,0.13,0.00,0.00,0.00,0.00
2.13727,28.828,-21.094,0,0.000,0.009,0.038,-0.004,0.009,0.011,0.0,1,0.0,2.106,2.04,0.13,0.00,0.00,0.00,0.00
2.14733,28.740,-21.182,0,0.000,0.007,0.038,-0.001,0.007,0.007,0.0,1,0.0,2.120,2.04,0.13,0.00,0.00,0.00,0.00
2.15755,28.828,-21.094,0,0.000,0.008,0.038,0.001,0.008,0.005,0.0,1,0.0,2.132,2.04,0.13,0.00,0.00,0.00,0.00
2.16761,28.916,-21.006,0,0.000,0.008,0.038,0.004,0.008,0.006,0.0,1,0.0,2.142,2.04,0.13,0.00,0.00,0.00,0.00
2.17763,28.828,-21.094,0,0.000,0.007,0.038,0.007,0.007,0.004,0.0,1,0.0,2.158,2.04,0.13,0.00,0.00,0.00,0.00
2.18765,28.828,-21.094,0,0.000,0.011,0.038,0.009,0.011,0.008,0.0,1,0.0,2.158,2.04,0.13,0.00,0.00,0.00,0.00
2.19770,28.740,-21.182,0,0.000,0.014,0.038,0.011,0.014,0.011,0.0,1,0.0,2.171,2.04,0.13,0.00,0.00,0.00,0.00
2.21728,28.828,-21.094,0,0.000,0.020,0.039,0.011,0.020,0.014,0.0,1,0.0,2.191,2.04,0.13,0.00,0.00,0.00,0.00
2.22734,28.828,-21.094,0,0.000,0.020,0.039,0.009,0.020,0.012,0.0,1,0.0,2.203,2.04,0.13,0.00,0.00,0.00,0.00
2.23756,28.740,-21.182,0,0.000,0.021,0.039,0.007,0.021,0.011,0.0,1,0.0,2.216,2.04,0.13,0.00,0.00,0.00,0.00
2.24762,28.740,-21.182,0,0.000,0.020,0.039,0.002,0.020,0.010,0.0,1,0.0,2.226,2.04,0.13,0.00,0.00,0.00,0.00
2.26720,28.740,-21.182,0,0.000,0.012,0.040,0.000,0.012,0.010,0.0,1,0.0,2.243,2.04,0.13,0.00,0.00,0.00,0.00
2.27726,28.828,-21.094,0,0.000,0.009,0.040,0.000,0.009,0.010,0.0,1,0.0,2.254,2.04,0.13,0.00,0.00,0.00,0.00
2.28749,28.828,-21.094,0,0.000,0.007,0.040,0.000,0.007,0.007,0.0,1,0.0,2.272,2.04,0.13,0.00,0.00,0.00,0.00
2.29754,28.828,-21.094,0,0.000,0.004,0.040,0.002,0.004,0.008,0.0,1,0.0,2.281,2.04,0.13,0.00,0.00,0.00,0.00
2.31712,28.828,-21.094,0,0.000,0.006,0.040,0.008,0.006,0.001,0.0,1,0.0,2.291,2.04,0.13,0.00,0.00,0.00,0.00
2.32718,28.828,-21.094,0,0.000,0.006,0.040,0.008,0.006,0.000,0.0,1,0.0,2.306,2.04,0.13,0.00,0.00,0.00,0.00
2.33741,28.740,-21.182,0,0.000,0.008,0.040,0.007,0.008,0.005,0.0,1,0.0,2.320,2.04,0.13,0.00,0.00,0.00,0.00
2.34746,28.740,-21.182,0,0.000,0.011,0.040,0.009,0.011,0.007,0.0,1,0.0,2.320,2.04,0.13,0.00,0.00,0.00,0.00
2.36704,28.828,-21.094,0,0.000,0.016,0.041,0.009,0.016,0.008,0.0,1,0.0,2.347,2.04,0.13,0.00,0.00,0.00,0.00
2.37711,28.828,-21.094,0,0.000,0.018,0.041,0.008,0.018,0.007,0.0,1,0.0,2.358,2.04,0.13,0.00,0.00,0.00,0.00
2.38732,28.740,-21.182,0,0.000,0.020,0.041,0.008,0.020,0.007,0.0,1,0.0,2.358,2.04,0.13,0.00,0.00,0.00,0.00
2.39738,28.828,-21.094,0,0.000,0.018,0.041,0.005,0.018,0.005,0.0,1,0.0,2.378,2.04,0.13,0.00,0.00,0.00,0.00
2.41697,28.740,-21.182,0,0.000,0.014,0.041,0.008,0.014,0.010,0.0,1,0.0,2.386,2.04,0.13,0.00,0.00,0.00,0.00
2.42722,28.828,-21.094,0,0.000,0.008,0.042,0.007,0.008,0.009,0.0,1,0.0,2.404,2.04,0.13,0.00,0.00,0.00,0.00
2.44689,28.828,-21.094,0,0.000,0.006,0.042,0.005,0.006,0.006,0.0,1,0.0,2.425,2.04,0.13,0.00,0.00,0.00,0.00
2.45713,28.828,-21.094,0,0.000,0.007,0.042,0.005,0.007,0.007,0.0,1,0.0,2.435,2.04,0.13,0.00,0.00,0.00,0.00
2.46717,28.828,-21.094,0,0.000,0.008,0.042,0.007,0.008,0.009,0.0,1,0.0,2.435,2.04,0.13,0.00,0.00,0.00,0.00
2.48676,28.828,-21.094,0,0.000,0.012,0.042,0.007,0.012,0.007,0.0,1,0.0,2.467,2.04,0.13,0.00,0.00,0.00,0.00
2.49682,28.740,-21.182,0,0.000,0.014,0.042,0.008,0.014,0.007,0.0,1,0.0,2.478,2.04,0.13,0.00,0.00,0.00,0.00
2.50704,28.828,-21.094,0,0.000,0.015,0.042,0.006,0.015,0.007,0.0,1,0.0,2.478,2.04,0.13,0.00,0.00,0.00,0.00
2.51709,28.740,-21.182,0,0.000,0.017,0.042,0.006,0.017,0.008,0.0,1,0.0,2.490,2.04,0.13,0.00,0.00,0.00,0.00
2.53669,28.740,-21.182,0,0.000,0.019,0.043,0.003,0.019,0.007,0.0,1,0.0,2.516,2.04,0.13,0.00,0.00,0.00,0.00
2.54673,28.828,-21.094,0,0.000,0.017,0.043,0.004,0.017,0.006,0.0,1,0.0,2.516,2.04,0.13,0.00,0.00,0.00,0.00
2.55696,28.740,-21.182,0,0.000,0.014,0.043,0.006,0.014,0.006,0.0,1,0.0,2.528,2.04,0.13,0.00,0.00,0.00,0.00
2.56701,28.740,-21.182,0,0.000,0.011,0.043,0.007,0.011,0.004,0.0,1,0.0,2.538,2.04,0.13,0.00,0.00,0.00,0.00
2.58660,28.828,-21.094,0,0.000,0.011,0.044,0.007,0.011,0.005,0.0,1,0.0,2.564,2.04,0.13,0.00,0.00,0.00,0.00
2.59665,28.828,-21.094,0,0.000,0.011,0.044,0.007,0.011,0.005,0.0,1,0.0,2.574,2.04,0.13,0.00,0.00,0.00,0.00
2.60688,28.740,-21.182,0,0.000,0.012,0.044,0.005,0.012,0.007,0.0,1,0.0,2.585,2.04,0.13,0.00,0.00,0.00,0.00
2.61693,28.740,-21.182,0,0.000,0.013,0.044,0.005,0.013,0.007,0.0,1,0.0,2.585,2.04,0.13,0.00,0.00,0.00,0.00
2.63652,28.740,-21.182,0,0.000,0.014,0.044,0.008,0.014,0.005,0.0,1,0.0,2.613,2.04,0.13,0.00,0.00,0.00,0.00
2.64657,28.828,-21.094,0,0.000,0.011,0.044,0.007,0.011,0.008,0.0,1,0.0,2.624,2.04,0.13,0.00,0.00,0.00,0.00
2.65680,28.740,-21.182,0,0.000,0.013,0.044,0.005,0.013,0.010,0.0,1,0.0,2.633,2.04,0.13,0.00,0.00,0.00,0.00
2.66686,28.740,-21.182,0,0.000,0.013,0.044,0.004,0.013,0.013,0.0,1,0.0,2.647,2.04,0.13,0.00,0.00,0.00,0.00
2.68690,28.828,-21.094,0,0.000,0.014,0.045,0.004,0.014,0.012,0.0,1,0.0,2.660,2.04,0.13,0.00,0.00,0.00,0.00
2.70631,28.828,-21.094,0,0.000,0.013,0.045,0.004,0.013,0.007,0.0,1,0.0,2.685,2.04,0.13,0.00,0.00,0.00,0.00
2.71654,28.740,-21.182,0,0.000,0.010,0.045,0.004,0.010,0.006,0.0,1,0.0,2.696,2.04,0.13,0.00,0.00,0.00,0.00
2.72659,28.740,-21.182,0,0.000,0.007,0.045,0.004,0.007,0.007,0.0,1,0.0,2.707,2.04,0.13,0.00,0.00,0.00,0.00
2.73682,28.828,-21.094,0,0.000,0.004,0.045,0.002,0.004,0.008,0.0,1,0.0,2.718,2.04,0.13,0.00,0.00,0.00,0.00
2.75623,28.828,-21.094,0,0.000,0.008,0.045,0.004,0.008,0.011,0.0,1,0.0,2.739,2.04,0.13,0.00,0.00,0.00,0.00
2.76646,28.828,-21.094,0,0.000,0.011,0.046,0.005,0.011,0.012,0.0,1,0.0,2.739,2.04,0.13,0.00,0.00,0.00,0.00
2.77651,28.828,-21.094,0,0.000,0.015,0.046,0.007,0.015,0.008,0.0,1,0.0,2.746,2.04,0.13,0.00,0.00,0.00,0.00
2.78674,28.740,-21.182,0,0.000,0.016,0.046,0.007,0.016,0.006,0.0,1,0.0,2.762,2.04,0.13,0.00,0.00,0.00,0.00
2.80615,28.652,-21.270,0,0.000,0.016,0.046,0.006,0.016,0.004,0.0,1,0.0,2.785,2.04,0.13,0.00,0.00,0.00,0.00
2.81638,28.740,-21.182,0,0.000,0.014,0.046,0.008,0.014,0.007,0.0,1,0.0,2.795,2.04,0.13,0.00,0.00,0.00,0.00
2.82643,28.740,-21.182,0,0.000,0.012,0.046,0.007,0.012,0.009,0.0,1,0.0,2.808,2.04,0.13,0.00,0.00,0.00,0.00
2.83666,28.740,-21.182,0,0.000,0.011,0.046,0.006,0.011,0.010,0.0,1,0.0,2.819,2.04,0.13,0.00,0.00,0.00,0.00
2.85607,28.828,-21.094,0,0.000,0.012,0.047,0.008,0.012,0.008,0.0,1,0.0,2.829,2.04,0.13,0.00,0.00,0.00,0.00
2.86630,28.740,-21.182,0,0.000,0.010,0.047,0.009,0.010,0.005,0.0,1,0.0,2.843,2.04,0.13,0.00,0.00,0.00,0.00
2.87635,28.740,-21.182,0,0.000,0.005,0.047,0.007,0.005,0.003,0.0,1,0.0,2.855,2.04,0.13,0.00,0.00,0.00,0.00
2.88658,28.828,-21.094,0,0.000,0.009,0.047,0.006,0.009,0.003,0.0,1,0.0,2.870,2.04,0.13,0.00,0.00,0.00,0.00
2.90599,28.740,-21.182,0,0.000,0.010,0.047,0.001,0.010,0.004,0.0,1,0.0,2.882,2.04,0.13,0.00,0.00,0.00,0.00
2.91622,28.828,-21.094,0,0.000,0.012,0.047,0.000,0.012,0.002,0.0,1,0.0,2.892,2.04,0.13,0.00,0.00,0.00,0.00
2.92627,28.740,-21.182,0,0.000,0.013,0.047,0.000,0.013,0.002,0.0,1,0.0,2.892,2.04,0.13,0.00,0.00,0.00,0.00
2.93646,28.828,-21.094,0,0.000,0.015,0.048,0.001,0.015,0.001,0.0,1,0.0,2.912,2.04,0.13,0.00,0.00,0.00,0.00
2.95639,28.828,-21.094,0,0.000,0.017,0.048,0.004,0.017,0.008,0.0,1,0.0,2.934,2.04,0.13,0.00,0.00,0.00,0.00
2.97598,28.828,-21.094,0,0.000,0.016,0.048,0.007,0.016,0.010,0.0,1,0.0,2.954,2.04,0.13,0.00,0.00,0.00,0.00
2.98604,28.740,-21.182,0,0.000,0.013,0.048,0.002,0.013,0.006,0.0,1,0.0,2.965,2.04,0.13,0.00,0.00,0.00,0.00
2.99626,28.740,-21.182,0,0.000,0.010,0.048,0.002,0.010,0.007,0.0,1,0.0,2.976,2.04,0.13,0.00,0.00,0.00,0.00
3.00632,28.740,-21.182,0,0.000,0.008,0.049,0.002,0.008,0.008,0.0,1,0.0,2.976,2.04,0.13,0.00,0.00,0.00,0.00
3.02590,28.740,-21.182,0,0.000,0.011,0.049,0.001,0.011,0.014,0.0,1,0.0,3.003,2.04,0.13,0.00,0.00,0.00,0.00
3.03595,28.740,-21.182,0,0.000,0.011,0.049,0.001,0.011,0.014,0.0,1,0.0,3.003,2.04,0.13,0.00,0.00,0.00,0.00
3.04618,28.828,-21.094,0,0.000,0.012,0.049,0.002,0.012,0.014,0.0,1,0.0,3.026,2.04,0.13,0.00,0.00,0.00,0.00
3.05624,28.740,-21.182,0,0.000,0.013,0.049,0.001,0.013,0.013,0.0,1,0.0,3.038,2.04,0.13,0.00,0.00,0.00,0.00
3.14954,28.740,-21.182,0,0.000,0.011,0.050,0.005,0.011,0.007,0.0,1,0.0,3.049,2.04,0.13,0.00,0.00,0.00,0.00
3.16050,28.740,-21.182,0,0.000,0.010,0.050,0.002,0.010,0.010,0.0,1,0.0,3.049,2.04,0.13,0.00,0.00,0.00,0.00
3.17575,28.740,-21.182,0,0.000,0.014,0.050,-0.002,0.014,0.007,0.0,1,0.0,3.150,2.04,0.13,0.00,0.00,0.00,0.00
3.18580,28.828,-21.094,0,0.000,0.016,0.051,0.000,0.016,0.006,0.0,1,0.0,3.168,2.04,0.13,0.00,0.00,0.00,0.00
3.19603,28.740,-21.182,0,0.000,0.016,0.051,-0.001,0.016,0.004,0.0,1,0.0,3.168,2.04,0.13,0.00,0.00,0.00,0.00
3.21544,28.740,-21.182,0,0.000,0.019,0.051,0.003,0.019,0.008,0.0,1,0.0,3.186,2.04,0.13,0.00,0.00,0.00,0.00
3.22567,28.740,-21.182,0,0.000,0.019,0.051,0.002,0.019,0.009,0.0,1,0.0,3.203,2.04,0.13,0.00,0.00,0.00,0.00
3.23574,28.916,-21.006,0,0.000,0.016,0.051,0.004,0.016,0.008,0.0,1,0.0,3.215,2.04,0.13,0.00,0.00,0.00,0.00
3.24595,28.740,-21.182,0,0.000,0.016,0.052,0.005,0.016,0.005,0.0,1,0.0,3.215,2.04,0.13,0.00,0.00,0.00,0.00
3.26536,28.740,-21.182,0,0.000,0.016,0.052,0.005,0.016,0.004,0.0,1,0.0,3.241,2.04,0.13,0.00,0.00,0.00,0.00
3.36306,28.740,-21.182,0,0.000,0.014,0.053,0.004,0.014,0.010,0.0,1,0.0,3.256,2.04,0.13,0.00,0.00,0.00,0.00
3.37417,28.828,-21.094,0,0.000,0.013,0.053,0.004,0.013,0.005,0.0,1,0.0,3.256,2.04,0.13,0.00,0.00,0.00,0.00
3.38542,28.740,-21.182,0,0.000,0.013,0.054,0.003,0.013,0.004,0.0,1,0.0,3.358,2.04,0.13,0.00,0.00,0.00,0.00
3.39565,28.740,-21.182,0,0.000,0.016,0.054,0.005,0.016,0.006,0.0,1,0.0,3.371,2.04,0.13,0.00,0.00,0.00,0.00
3.40570,28.828,-21.094,0,0.000,0.019,0.054,0.007,0.019,0.005,0.0,1,0.0,3.384,2.04,0.13,0.00,0.00,0.00,0.00
3.42529,28.740,-21.182,0,0.000,0.019,0.054,0.002,0.019,0.006,0.0,1,0.0,3.396,2.04,0.13,0.00,0.00,0.00,0.00
3.43534,28.828,-21.094,0,0.000,0.017,0.054,0.003,0.017,0.004,0.0,1,0.0,3.409,2.04,0.13,0.00,0.00,0.00,0.00
3.44557,28.828,-21.094,0,0.000,0.013,0.055,0.004,0.013,0.002,0.0,1,0.0,3.421,2.04,0.13,0.00,0.00,0.00,0.00
3.45562,28.740,-21.182,0,0.000,0.013,0.055,0.004,0.013,0.001,0.0,1,0.0,3.432,2.04,0.13,0.00,0.00,0.00,0.00
3.47522,28.828,-21.094,0,0.000,0.016,0.055,0.003,0.016,0.001,0.0,1,0.0,3.455,2.04,0.13,0.00,0.00,0.00,0.00
3.51225,28.740,-21.182,0,0.000,0.014,0.056,0.005,0.014,0.004,0.0,1,0.0,3.468,2.04,0.13,0.00,0.00,0.00,0.00
3.52536,28.828,-21.094,0,0.000,0.014,0.056,0.007,0.014,0.001,0.0,1,0.0,3.468,2.04,0.13,0.00,0.00,0.00,0.00
3.54495,28.828,-21.094,0,0.000,0.014,0.056,0.006,0.014,0.004,0.0,1,0.0,3.518,2.04,0.13,0.00,0.00,0.00,0.00
3.55500,28.828,-21.094,0,0.000,0.013,0.056,0.005,0.013,0.004,0.0,1,0.0,3.526,2.04,0.13,0.00,0.00,0.00,0.00
3.56523,28.740,-21.182,0,0.000,0.015,0.056,0.005,0.015,0.005,0.0,1,0.0,3.537,2.04,0.13,0.00,0.00,0.00,0.00
3.57528,28.828,-21.094,0,0.000,0.014,0.056,0.006,0.014,0.000,0.0,1,0.0,3.548,2.04,0.13,0.00,0.00,0.00,0.00
3.59487,28.828,-21.094,0,0.000,0.014,0.057,0.003,0.014,0.003,0.0,1,0.0,3.563,2.04,0.13,0.00,0.00,0.00,0.00
3.60492,28.828,-21.094,0,0.000,0.014,0.057,0.004,0.014,0.004,0.0,1,0.0,3.585,2.04,0.13,0.00,0.00,0.00,0.00
3.61515,28.828,-21.094,0,0.000,0.016,0.057,0.005,0.016,0.004,0.0,1,0.0,3.596,2.04,0.13,0.00,0.00,0.00,0.00
3.62520,28.828,-21.094,0,0.000,0.017,0.057,0.007,0.017,0.000,0.0,1,0.0,3.596,2.04,0.13,0.00,0.00,0.00,0.00
3.63534,28.740,-21.182,0,0.000,0.018,0.057,0.007,0.018,0.000,0.0,1,0.0,3.609,2.04,0.13,0.00,0.00,0.00,0.00
3.65493,28.828,-21.094,0,0.000,0.013,0.058,0.010,0.013,0.002,0.0,1,0.0,3.638,2.04,0.13,0.00,0.00,0.00,0.00
3.66498,28.828,-21.094,0,0.000,0.013,0.058,0.010,0.013,0.004,0.0,1,0.0,3.638,2.04,0.13,0.00,0.00,0.00,0.00
3.67521,28.828,-21.094,0,0.000,0.014,0.058,0.007,0.014,0.005,0.0,1,0.0,3.648,2.04,0.13,0.00,0.00,0.00,0.00
3.68526,28.828,-21.094,0,0.000,0.016,0.058,0.006,0.016,0.007,0.0,1,0.0,3.667,2.04,0.13,0.00,0.00,0.00,0.00
3.70485,28.828,-21.094,0,0.000,0.014,0.058,0.004,0.014,0.014,0.0,1,0.0,3.675,2.04,0.13,0.00,0.00,0.00,0.00
3.71490,28.740,-21.182,0,0.000,0.011,0.058,0.004,0.011,0.013,0.0,1,0.0,3.693,2.04,0.13,0.00,0.00,0.00,0.00
3.72513,28.828,-21.094,0,0.000,0.011,0.059,0.007,0.011,0.010,0.0,1,0.0,3.693,2.04,0.13,0.00,0.00,0.00,0.00
3.73518,28.828,-21.094,0,0.000,0.012,0.059,0.005,0.012,0.007,0.0,1,0.0,3.707,2.04,0.13,0.00,0.00,0.00,0.00
3.75477,28.740,-21.182,0,0.000,0.011,0.059,0.003,0.011,0.002,0.0,1,0.0,3.730,2.04,0.13,0.00,0.00,0.00,0.00
3.76500,28.740,-21.182,0,0.000,0.013,0.059,0.002,0.013,0.005,0.0,1,0.0,3.744,2.04,0.13,0.00,0.00,0.00,0.00
3.78456,28.828,-21.094,0,0.000,0.015,0.059,0.005,0.015,0.005,0.0,1,0.0,3.755,2.04,0.13,0.00,0.00,0.00,0.00
3.79478,28.828,-21.094,0,0.000,0.016,0.059,0.004,0.016,0.005,0.0,1,0.0,3.771,2.04,0.13,0.00,0.00,0.00,0.00
3.80484,28.740,-21.182,0,0.000,0.014,0.060,0.003,0.014,0.004,0.0,1,0.0,3.782,2.04,0.13,0.00,0.00,0.00,0.00
3.81506,28.828,-21.094,0,0.000,0.014,0.060,0.005,0.014,0.005,0.0,1,0.0,3.782,2.04,0.13,0.00,0.00,0.00,0.00
3.83448,28.828,-21.094,0,0.000,0.013,0.060,0.003,0.013,0.004,0.0,1,0.0,3.801,2.04,0.13,0.00,0.00,0.00,0.00
3.84470,28.828,-21.094,0,0.000,0.012,0.060,0.004,0.012,0.004,0.0,1,0.0,3.820,2.04,0.13,0.00,0.00,0.00,0.00
3.85476,28.828,-21.094,0,0.000,0.011,0.060,0.002,0.011,0.004,0.0,1,0.0,3.830,2.04,0.13,0.00,0.00,0.00,0.00
3.87436,28.828,-21.094,0,0.000,0.011,0.060,0.001,0.011,0.009,0.0,1,0.0,3.853,2.04,0.13,0.00,0.00,0.00,0.00
3.88440,28.828,-21.094,0,0.000,0.011,0.061,0.001,0.011,0.005,0.0,1,0.0,3.865,2.04,0.13,0.00,0.00,0.00,0.00
3.89454,28.740,-21.182,0,0.000,0.009,0.061,0.004,0.009,0.004,0.0,1,0.0,3.865,2.04,0.13,0.00,0.00,0.00,0.00
3.90476,28.828,-21.094,0,0.000,0.010,0.061,0.003,0.010,0.007,0.0,1,0.0,3.874,2.04,0.13,0.00,0.00,0.00,0.00
3.91482,28.740,-21.182,0,0.000,0.012,0.061,0.002,0.012,0.010,0.0,1,0.0,3.889,2.04,0.13,0.00,0.00,0.00,0.00
3.93440,28.828,-21.094,0,0.000,0.009,0.061,0.005,0.009,0.000,0.0,1,0.0,3.904,2.04,0.13,0.00,0.00,0.00,0.00
3.94446,28.740,-21.182,0,0.000,0.009,0.061,0.004,0.009,0.000,0.0,1,0.0,3.915,2.04,0.13,0.00,0.00,0.00,0.00
3.95468,28.828,-21.094,0,0.000,0.012,0.061,0.004,0.012,-0.001,0.0,1,0.0,3.935,2.04,0.13,0.00,0.00,0.00,0.00
3.96474,28.740,-21.182,0,0.000,0.013,0.061,0.002,0.013,-0.002,0.0,1,0.0,3.944,2.04,0.13,0.00,0.00,0.00,0.00
3.98432,28.740,-21.182,0,0.000,0.012,0.062,0.002,0.012,0.002,0.0,1,0.0,3.960,2.04,0.13,0.00,0.00,0.00,0.00
3.99438,28.828,-21.094,0,0.000,0.011,0.062,0.005,0.011,0.003,0.0,1,0.0,3.972,2.04,0.13,0.00,0.00,0.00,0.00
4.00460,28.828,-21.094,0,0.000,0.010,0.062,0.001,0.010,0.003,0.0,1,0.0,3.981,2.04,0.13,0.00,0.00,0.00,0.00
4.01489,28.828,-21.094,0,0.000,0.011,0.062,0.003,0.011,0.003,0.0,1,0.0,3.995,2.04,0.13,0.00,0.00,0.00,0.00
4.03454,28.740,-21.182,0,0.000,0.011,0.062,0.002,0.011,0.004,0.0,1,0.0,4.007,2.04,0.13,0.00,0.00,0.00,0.00
4.05412,28.916,-21.006,0,0.000,0.013,0.062,0.003,0.013,0.002,0.0,1,0.0,4.036,2.04,0.13,0.00,0.00,0.00,0.00
4.06418,28.828,-21.094,0,0.000,0.011,0.063,0.002,0.011,0.007,0.0,1,0.0,4.036,2.04,0.13,0.00,0.00,0.00,0.00
4.07440,28.828,-21.094,0,0.000,0.008,0.063,0.002,0.008,0.006,0.0,1,0.0,4.047,2.04,0.13,0.00,0.00,0.00,0.00
4.08446,28.828,-21.094,0,0.000,0.008,0.063,0.001,0.008,0.005,0.0,1,0.0,4.047,2.04,0.13,0.00,0.00,0.00,0.00
4.10404,28.740,-21.182,0,0.000,0.012,0.063,0.005,0.012,0.009,0.0,1,0.0,4.084,2.04,0.13,0.00,0.00,0.00,0.00
4.11410,28.740,-21.182,0,0.000,0.013,0.063,0.007,0.013,0.014,0.0,1,0.0,4.095,2.04,0.13,0.00,0.00,0.00,0.00
4.12432,28.828,-21.094,0,0.000,0.013,0.063,0.002,0.013,0.011,0.0,1,0.0,4.095,2.04,0.13,0.00,0.00,0.00,0.00
4.13438,28.740,-21.182,0,0.000,0.014,0.063,0.001,0.014,0.010,0.0,1,0.0,4.107,2.04,0.13,0.00,0.00,0.00,0.00
4.14452,28.740,-21.182,0,0.000,0.014,0.063,0.002,0.014,0.010,0.0,1,0.0,4.119,2.04,0.13,0.00,0.00,0.00,0.00
4.16410,28.828,-21.094,0,0.000,0.012,0.064,0.004,0.012,0.008,0.0,1,0.0,4.135,2.04,0.13,0.00,0.00,0.00,0.00
4.17416,28.740,-21.182,0,0.000,0.010,0.064,0.002,0.010,0.006,0.0,1,0.0,4.149,2.04,0.13,0.00,0.00,0.00,0.00
4.18438,28.828,-21.094,0,0.000,0.008,0.064,0.001,0.008,0.005,0.0,1,0.0,4.164,2.04,0.13,0.00,0.00,0.00,0.00
4.20380,28.740,-21.182,0,0.000,0.011,0.064,0.001,0.011,0.008,0.0,1,0.0,4.178,2.04,0.13,0.00,0.00,0.00,0.00
4.21402,28.828,-21.094,0,0.000,0.013,0.064,0.004,0.013,0.008,0.0,1,0.0,4.193,2.04,0.13,0.00,0.00,0.00,0.00
4.22408,28.828,-21.094,0,0.000,0.010,0.064,0.002,0.010,0.004,0.0,1,0.0,4.193,2.04,0.13,0.00,0.00,0.00,0.00
4.23430,28.740,-21.182,0,0.000,0.010,0.064,0.001,0.010,0.002,0.0,1,0.0,4.206,2.04,0.13,0.00,0.00,0.00,0.00
4.25372,28.828,-21.094,0,0.000,0.015,0.065,0.005,0.015,0.004,0.0,1,0.0,4.233,2.04,0.13,0.00,0.00,0.00,0.00
4.26396,28.740,-21.182,0,0.000,0.014,0.065,0.005,0.014,0.004,0.0,1,0.0,4.245,2.04,0.13,0.00,0.00,0.00,0.00
4.27421,28.740,-21.182,0,0.000,0.017,0.065,0.003,0.017,0.004,0.0,1,0.0,4.245,2.04,0.13,0.00,0.00,0.00,0.00
4.29377,28.828,-21.094,0,0.000,0.018,0.065,0.002,0.018,0.006,0.0,1,0.0,4.268,2.04,0.13,0.00,0.00,0.00,0.00
4.30400,28.740,-21.182,0,0.000,0.016,0.066,0.003,0.016,0.003,0.0,1,0.0,4.282,2.04,0.13,0.00,0.00,0.00,0.00
4.31405,28.740,-21.182,0,0.000,0.016,0.066,0.005,0.016,0.005,0.0,1,0.0,4.290,2.04,0.13,0.00,0.00,0.00,0.00
4.33364,28.740,-21.182,0,0.000,0.016,0.066,0.003,0.016,0.004,0.0,1,0.0,4.312,2.04,0.13,0.00,0.00,0.00,0.00
4.34371,28.740,-21.182,0,0.000,0.014,0.066,0.005,0.014,0.002,0.0,1,0.0,4.323,2.04,0.13,0.00,0.00,0.00,0.00
4.35392,28.828,-21.094,0,0.000,0.013,0.066,0.004,0.013,0.007,0.0,1,0.0,4.323,2.04,0.13,0.00,0.00,0.00,0.00
4.36397,28.740,-21.182,0,0.000,0.014,0.066,0.004,0.014,0.005,0.0,1,0.0,4.335,2.04,0.13,0.00,0.00,0.00,0.00
4.38356,28.828,-21.094,0,0.000,0.017,0.067,0.003,0.017,0.004,0.0,1,0.0,4.363,2.04,0.13,0.00,0.00,0.00,0.00
4.39362,28.916,-21.006,0,0.000,0.017,0.067,0.004,0.017,0.004,0.0,1,0.0,4.363,2.04,0.13,0.00,0.00,0.00,0.00
4.40384,28.740,-21.182,0,0.000,0.016,0.067,0.005,0.016,0.006,0.0,1,0.0,4.379,2.04,0.13,0.00,0.00,0.00,0.00
4.41389,28.828,-21.094,0,0.000,0.012,0.067,0.007,0.012,0.001,0.0,1,0.0,4.389,2.04,0.13,0.00,0.00,0.00,0.00
4.43348,28.740,-21.182,0,0.000,0.010,0.067,0.008,0.010,0.000,0.0,1,0.0,4.405,2.04,0.13,0.00,0.00,0.00,0.00
4.44353,28.740,-21.182,0,0.000,0.010,0.068,0.007,0.010,-0.001,0.0,1,0.0,4.416,2.04,0.13,0.00,0.00,0.00,0.00
4.45376,28.828,-21.094,0,0.000,0.011,0.068,0.005,0.011,0.000,0.0,1,0.0,4.431,2.04,0.13,0.00,0.00,0.00,0.00
4.46382,28.828,-21.094,0,0.000,0.011,0.068,0.002,0.011,0.000,0.0,1,0.0,4.445,2.04,0.13,0.00,0.00,0.00,0.00
4.48340,28.828,-21.094,0,0.000,0.013,0.068,0.007,0.013,0.005,0.0,1,0.0,4.458,2.04,0.13,0.00,0.00,0.00,0.00
4.49346,28.828,-21.094,0,0.000,0.013,0.068,0.007,0.013,0.008,0.0,1,0.0,4.458,2.04,0.13,0.00,0.00,0.00,0.00
4.50368,28.828,-21.094,0,0.000,0.013,0.068,0.005,0.013,0.005,0.0,1,0.0,4.472,2.04,0.13,0.00,0.00,0.00,0.00
4.51373,28.828,-21.094,0,0.000,0.011,0.068,0.004,0.011,0.002,0.0,1,0.0,4.490,2.04,0.13,0.00,0.00,0.00,0.00
4.52417,28.828,-21.094,0,0.000,0.011,0.068,0.005,0.011,0.003,0.0,1,0.0,4.501,2.04,0.13,0.00,0.00,0.00,0.00
4.54379,28.740,-21.182,0,0.000,0.007,0.069,0.004,0.007,0.005,0.0,1,0.0,4.510,2.04,0.13,0.00,0.00,0.00,0.00
4.56338,28.828,-21.094,0,0.000,0.010,0.069,0.007,0.010,0.007,0.0,1,0.0,4.542,2.04,0.13,0.00,0.00,0.00,0.00
4.57343,28.740,-21.182,0,0.000,0.009,0.069,0.008,0.009,0.006,0.0,1,0.0,4.553,2.04,0.13,0.00,0.00,0.00,0.00
4.58366,28.828,-21.094,0,0.000,0.011,0.069,0.008,0.011,0.007,0.0,1,0.0,4.564,2.04,0.13,0.00,0.00,0.00,0.00
4.59373,28.828,-21.094,0,0.000,0.012,0.069,0.005,0.012,0.003,0.0,1,0.0,4.574,2.04,0.13,0.00,0.00,0.00,0.00
4.61330,28.828,-21.094,0,0.000,0.014,0.069,0.003,0.014,0.006,0.0,1,0.0,4.590,2.04,0.13,0.00,0.00,0.00,0.00
4.62335,28.740,-21.182,0,0.000,0.015,0.070,0.000,0.015,0.006,0.0,1,0.0,4.598,2.04,0.13,0.00,0.00,0.00,0.00
4.63358,28.740,-21.182,0,0.000,0.015,0.070,0.000,0.015,0.008,0.0,1,0.0,4.609,2.04,0.13,0.00,0.00,0.00,0.00
4.64363,28.740,-21.182,0,0.000,0.013,0.070,-0.001,0.013,0.008,0.0,1,0.0,4.620,2.04,0.13,0.00,0.00,0.00,0.00
4.66322,28.828,-21.094,0,0.000,0.012,0.070,0.000,0.012,0.008,0.0,1,0.0,4.634,2.04,0.13,0.00,0.00,0.00,0.00
4.67327,28.740,-21.182,0,0.000,0.012,0.070,0.001,0.012,0.007,0.0,1,0.0,4.644,2.04,0.13,0.00,0.00,0.00,0.00
4.68350,28.828,-21.094,0,0.000,0.012,0.070,0.002,0.012,0.004,0.0,1,0.0,4.656,2.04,0.13,0.00,0.00,0.00,0.00
4.69355,28.740,-21.182,0,0.000,0.012,0.070,0.004,0.012,0.007,0.0,1,0.0,4.668,2.04,0.13,0.00,0.00,0.00,0.00
4.71314,28.740,-21.182,0,0.000,0.013,0.071,0.007,0.013,0.011,0.0,1,0.0,4.692,2.04,0.13,0.00,0.00,0.00,0.00
4.72319,28.652,-21.270,0,0.000,0.014,0.071,0.006,0.014,0.011,0.0,1,0.0,4.701,2.04,0.13,0.00,0.00,0.00,0.00
4.73342,28.740,-21.182,0,0.000,0.014,0.071,0.005,0.014,0.010,0.0,1,0.0,4.714,2.04,0.13,0.00,0.00,0.00,0.00
4.74347,28.740,-21.182,0,0.000,0.013,0.071,0.005,0.013,0.002,0.0,1,0.0,4.714,2.04,0.13,0.00,0.00,0.00,0.00
4.76306,28.828,-21.094,0,0.000,0.013,0.071,0.004,0.013,0.007,0.0,1,0.0,4.728,2.04,0.13,0.00,0.00,0.00,0.00
4.77311,28.828,-21.094,0,0.000,0.010,0.071,0.003,0.010,0.007,0.0,1,0.0,4.749,2.04,0.13,0.00,0.00,0.00,0.00
4.78361,28.740,-21.182,0,0.000,0.010,0.072,0.002,0.010,0.006,0.0,1,0.0,4.761,2.04,0.13,0.00,0.00,0.00,0.00
4.80324,28.828,-21.094,0,0.000,0.011,0.072,0.004,0.011,0.002,0.0,1,0.0,4.784,2.04,0.13,0.00,0.00,0.00,0.00
4.82282,28.828,-21.094,0,0.000,0.010,0.072,0.004,0.010,0.002,0.0,1,0.0,4.796,2.04,0.13,0.00,0.00,0.00,0.00
4.83288,28.828,-21.094,0,0.000,0.011,0.072,0.002,0.011,0.003,0.0,1,0.0,4.810,2.04,0.13,0.00,0.00,0.00,0.00
4.84310,28.740,-21.182,0,0.000,0.011,0.072,0.002,0.011,0.000,0.0,1,0.0,4.823,2.04,0.13,0.00,0.00,0.00,0.00
4.85316,28.828,-21.094,0,0.000,0.009,0.072,0.003,0.009,0.001,0.0,1,0.0,4.823,2.04,0.13,0.00,0.00,0.00,0.00
4.87274,28.740,-21.182,0,0.000,0.013,0.073,0.003,0.013,0.001,0.0,1,0.0,4.852,2.04,0.13,0.00,0.00,0.00,0.00
4.88280,28.828,-21.094,0,0.000,0.014,0.073,0.005,0.014,0.000,0.0,1,0.0,4.864,2.04,0.13,0.00,0.00,0.00,0.00
4.89302,28.828,-21.094,0,0.000,0.015,0.073,0.004,0.015,-0.001,0.0,1,0.0,4.864,2.04,0.13,0.00,0.00,0.00,0.00
4.90308,28.740,-21.182,0,0.000,0.014,0.073,0.004,0.014,-0.001,0.0,1,0.0,4.877,2.04,0.13,0.00,0.00,0.00,0.00
4.91322,28.740,-21.182,0,0.000,0.014,0.073,0.007,0.014,-0.003,0.0,1,0.0,4.890,2.04,0.13,0.00,0.00,0.00,0.00
4.93280,28.740,-21.182,0,0.000,0.009,0.073,0.006,0.009,0.005,0.0,1,0.0,4.905,2.04,0.13,0.00,0.00,0.00,0.00
4.94286,28.828,-21.094,0,0.000,0.011,0.073,0.004,0.011,0.006,0.0,1,0.0,4.915,2.04,0.13,0.00,0.00,0.00,0.00
4.95308,28.740,-21.182,0,0.000,0.012,0.074,0.004,0.012,0.007,0.0,1,0.0,4.929,2.04,0.13,0.00,0.00,0.00,0.00
4.96314,28.828,-21.094,0,0.000,0.012,0.074,0.004,0.012,0.008,0.0,1,0.0,4.941,2.04,0.13,0.00,0.00,0.00,0.00
4.98272,28.740,-21.182,0,0.000,0.009,0.074,0.006,0.009,0.006,0.0,1,0.0,4.962,2.04,0.13,0.00,0.00,0.00,0.00
4.99278,28.828,-21.094,0,0.000,0.010,0.074,0.004,0.010,0.006,0.0,1,0.0,4.962,2.04,0.13,0.00,0.00,0.00,0.00
5.00300,28.828,-21.094,0,0.000,0.008,0.074,0.006,0.008,0.000,0.0,1,0.0,4.975,2.04,0.13,0.00,0.00,0.00,0.00
5.01306,28.828,-21.094,0,0.000,0.011,0.074,0.008,0.011,0.000,0.0,1,0.0,4.991,2.04,0.13,0.00,0.00,0.00,0.00
5.03264,28.828,-21.094,0,0.000,0.011,0.074,0.008,0.011,0.006,0.0,1,0.0,5.001,2.04,0.13,0.00,0.00,0.00,0.00
5.04296,28.740,-21.182,0,0.000,0.013,0.075,0.008,0.013,0.002,0.0,1,0.0,5.023,2.04,0.13,0.00,0.00,0.00,0.00
5.06259,28.740,-21.182,0,0.000,0.013,0.075,0.004,0.013,0.001,0.0,1,0.0,5.041,2.04,0.13,0.00,0.00,0.00,0.00
5.07281,28.828,-21.094,0,0.000,0.010,0.075,0.005,0.010,0.005,0.0,1,0.0,5.041,2.04,0.13,0.00,0.00,0.00,0.00
5.08287,28.740,-21.182,0,0.000,0.010,0.075,0.002,0.010,0.009,0.0,1,0.0,5.057,2.04,0.13,0.00,0.00,0.00,0.00
5.10245,28.652,-21.270,0,0.000,0.013,0.075,0.002,0.013,0.008,0.0,1,0.0,5.082,2.04,0.13,0.00,0.00,0.00,0.00
5.11251,28.828,-21.094,0,0.000,0.013,0.075,0.002,0.013,0.006,0.0,1,0.0,5.095,2.04,0.13,0.00,0.00,0.00,0.00
5.12273,28.828,-21.094,0,0.000,0.012,0.075,0.006,0.012,0.003,0.0,1,0.0,5.095,2.04,0.13,0.00,0.00,0.00,0.00
5.13279,28.740,-21.182,0,0.000,0.010,0.076,0.004,0.010,0.003,0.0,1,0.0,5.105,2.04,0.13,0.00,0.00,0.00,0.00
5.15237,28.740,-21.182,0,0.000,0.013,0.076,0.007,0.013,0.005,0.0,1,0.0,5.131,2.04,0.13,0.00,0.00,0.00,0.00
5.16243,28.740,-21.182,0,0.000,0.014,0.076,0.007,0.014,0.004,0.0,1,0.0,5.131,2.04,0.13,0.00,0.00,0.00,0.00
5.17257,28.828,-21.094,0,0.000,0.014,0.076,0.008,0.014,0.004,0.0,1,0.0,5.155,2.04,0.13,0.00,0.00,0.00,0.00
5.18279,28.740,-21.182,0,0.000,0.016,0.076,0.007,0.016,0.005,0.0,1,0.0,5.155,2.04,0.13,0.00,0.00,0.00,0.00
5.20221,28.828,-21.094,0,0.000,0.015,0.076,0.008,0.015,0.003,0.0,1,0.0,5.185,2.04,0.13,0.00,0.00,0.00,0.00
5.21243,28.828,-21.094,0,0.000,0.017,0.077,0.008,0.017,0.005,0.0,1,0.0,5.185,2.04,0.13,0.00,0.00,0.00,0.00
5.22249,28.740,-21.182,0,0.000,0.017,0.077,0.008,0.017,0.007,0.0,1,0.0,5.194,2.04,0.13,0.00,0.00,0.00,0.00
5.23271,28.828,-21.094,0,0.000,0.014,0.077,0.006,0.014,0.002,0.0,1,0.0,5.209,2.04,0.13,0.00,0.00,0.00,0.00
5.25213,28.828,-21.094,0,0.000,0.014,0.077,0.003,0.014,0.005,0.0,1,0.0,5.221,2.04,0.13,0.00,0.00,0.00,0.00
5.26235,28.652,-21.270,0,0.000,0.012,0.077,0.002,0.012,0.001,0.0,1,0.0,5.237,2.04,0.13,0.00,0.00,0.00,0.00
5.27241,28.740,-21.182,0,0.000,0.012,0.077,0.002,0.012,0.000,0.0,1,0.0,5.250,2.04,0.13,0.00,0.00,0.00,0.00
5.29199,28.828,-21.094,0,0.000,0.014,0.078,0.004,0.014,0.000,0.0,1,0.0,5.263,2.04,0.13,0.00,0.00,0.00,0.00
5.30322,28.828,-21.094,0,0.000,0.014,0.078,0.006,0.014,-0.001,0.0,1,0.0,5.275,2.04,0.13,0.00,0.00,0.00,0.00
5.32218,28.740,-21.182,0,0.000,0.017,0.078,0.006,0.017,0.000,0.0,1,0.0,5.298,2.04,0.13,0.00,0.00,0.00,0.00
5.33223,28.740,-21.182,0,0.000,0.018,0.078,0.005,0.018,0.001,0.0,1,0.0,5.312,2.04,0.13,0.00,0.00,0.00,0.00
5.34246,28.828,-21.094,0,0.000,0.017,0.079,0.005,0.017,0.005,0.0,1,0.0,5.312,2.04,0.13,0.00,0.00,0.00,0.00
5.35251,28.828,-21.094,0,0.000,0.015,0.079,0.007,0.015,0.010,0.0,1,0.0,5.331,2.04,0.13,0.00,0.00,0.00,0.00
5.37210,28.740,-21.182,0,0.000,0.011,0.079,0.009,0.011,0.006,0.0,1,0.0,5.347,2.04,0.13,0.00,0.00,0.00,0.00
5.38215,28.740,-21.182,0,0.000,0.012,0.079,0.009,0.012,0.008,0.0,1,0.0,5.360,2.04,0.13,0.00,0.00,0.00,0.00
5.39238,28.740,-21.182,0,0.000,0.011,0.079,0.008,0.011,0.005,0.0,1,0.0,5.360,2.04,0.13,0.00,0.00,0.00,0.00
5.40243,28.828,-21.094,0,0.000,0.013,0.079,0.005,0.013,0.006,0.0,1,0.0,5.378,2.04,0.13,0.00,0.00,0.00,0.00
5.42202,28.828,-21.094,0,0.000,0.017,0.080,0.004,0.017,0.004,0.0,1,0.0,5.403,2.04,0.13,0.00,0.00,0.00,0.00
5.43216,28.828,-21.094,0,0.000,0.014,0.080,0.005,0.014,0.007,0.0,1,0.0,5.403,2.04,0.13,0.00,0.00,0.00,0.00
5.44221,28.740,-21.182,0,0.000,0.017,0.080,0.002,0.017,0.007,0.0,1,0.0,5.418,2.04,0.13,0.00,0.00,0.00,0.00
5.46180,28.740,-21.182,0,0.000,0.016,0.080,0.005,0.016,0.006,0.0,1,0.0,5.442,2.04,0.13,0.00,0.00,0.00,0.00
5.47185,28.740,-21.182,0,0.000,0.016,0.080,0.006,0.016,0.007,0.0,1,0.0,5.442,2.04,0.13,0.00,0.00,0.00,0.00
5.48208,28.652,-21.270,0,0.000,0.013,0.081,0.008,0.013,0.007,0.0,1,0.0,5.458,2.04,0.13,0.00,0.00,0.00,0.00
5.49213,28.828,-21.094,0,0.000,0.012,0.081,0.011,0.012,0.005,0.0,1,0.0,5.470,2.04,0.13,0.00,0.00,0.00,0.00
5.51172,28.828,-21.094,0,0.000,0.008,0.081,0.008,0.008,0.001,0.0,1,0.0,5.483,2.04,0.13,0.00,0.00,0.00,0.00
5.52177,28.740,-21.182,0,0.000,0.009,0.081,0.004,0.009,-0.003,0.0,1,0.0,5.494,2.04,0.13,0.00,0.00,0.00,0.00
5.53200,28.740,-21.182,0,0.000,0.011,0.081,0.001,0.011,0.000,0.0,1,0.0,5.505,2.04,0.13,0.00,0.00,0.00,0.00
5.54205,28.740,-21.182,0,0.000,0.009,0.081,0.004,0.009,0.003,0.0,1,0.0,5.519,2.04,0.13,0.00,0.00,0.00,0.00
5.55248,28.828,-21.094,0,0.000,0.009,0.081,0.005,0.009,0.004,0.0,1,0.0,5.532,2.04,0.13,0.00,0.00,0.00,0.00
5.57215,28.828,-21.094,0,0.000,0.009,0.081,0.007,0.009,0.000,0.0,1,0.0,5.543,2.04,0.13,0.00,0.00,0.00,0.00
5.59174,28.828,-21.094,0,0.000,0.016,0.082,0.005,0.016,0.004,0.0,1,0.0,5.563,2.04,0.13,0.00,0.00,0.00,0.00
5.60179,28.828,-21.094,0,0.000,0.014,0.082,0.004,0.014,0.004,0.0,1,0.0,5.582,2.04,0.13,0.00,0.00,0.00,0.00
5.61203,28.740,-21.182,0,0.000,0.013,0.082,0.006,0.013,0.002,0.0,1,0.0,5.595,2.04,0.13,0.00,0.00,0.00,0.00
5.62207,28.828,-21.094,0,0.000,0.014,0.082,0.003,0.014,0.001,0.0,1,0.0,5.595,2.04,0.13,0.00,0.00,0.00,0.00
5.64166,28.828,-21.094,0,0.000,0.012,0.082,0.004,0.012,0.001,0.0,1,0.0,5.618,2.04,0.13,0.00,0.00,0.00,0.00
5.65171,28.828,-21.094,0,0.000,0.010,0.082,0.005,0.010,0.000,0.0,1,0.0,5.629,2.04,0.13,0.00,0.00,0.00,0.00
5.66194,28.828,-21.094,0,0.000,0.012,0.083,0.005,0.012,0.001,0.0,1,0.0,5.629,2.04,0.13,0.00,0.00,0.00,0.00
5.67199,28.828,-21.094,0,0.000,0.014,0.083,0.005,0.014,0.001,0.0,1,0.0,5.646,2.04,0.13,0.00,0.00,0.00,0.00
5.69149,28.740,-21.182,0,0.000,0.016,0.083,0.001,0.016,0.007,0.0,1,0.0,5.674,2.04,0.13,0.00,0.00,0.00,0.00
5.70172,28.828,-21.094,0,0.000,0.016,0.083,0.002,0.016,0.010,0.0,1,0.0,5.686,2.04,0.13,0.00,0.00,0.00,0.00
5.71177,28.828,-21.094,0,0.000,0.016,0.083,0.003,0.016,0.007,0.0,1,0.0,5.686,2.04,0.13,0.00,0.00,0.00,0.00
5.73136,28.740,-21.182,0,0.000,0.015,0.084,0.004,0.015,0.007,0.0,1,0.0,5.709,2.04,0.13,0.00,0.00,0.00,0.00
5.74141,28.740,-21.182,0,0.000,0.016,0.084,0.004,0.016,0.007,0.0,1,0.0,5.724,2.04,0.13,0.00,0.00,0.00,0.00
5.75164,28.740,-21.182,0,0.000,0.017,0.084,0.006,0.017,0.008,0.0,1,0.0,5.724,2.04,0.13,0.00,0.00,0.00,0.00
5.76169,28.740,-21.182,0,0.000,0.019,0.084,0.004,0.019,0.004,0.0,1,0.0,5.736,2.04,0.13,0.00,0.00,0.00,0.00
5.78128,28.740,-21.182,0,0.000,0.016,0.084,0.001,0.016,0.003,0.0,1,0.0,5.764,2.04,0.13,0.00,0.00,0.00,0.00
5.79133,28.828,-21.094,0,0.000,0.015,0.085,0.004,0.015,0.001,0.0,1,0.0,5.764,2.04,0.13,0.00,0.00,0.00,0.00
5.80156,28.740,-21.182,0,0.000,0.017,0.085,0.005,0.017,0.005,0.0,1,0.0,5.776,2.04,0.13,0.00,0.00,0.00,0.00
5.81180,28.740,-21.182,0,0.000,0.022,0.085,0.003,0.022,0.003,0.0,1,0.0,5.789,2.04,0.13,0.00,0.00,0.00,0.00
5.83138,28.828,-21.094,0,0.000,0.015,0.085,0.001,0.015,0.009,0.0,1,0.0,5.816,2.04,0.13,0.00,0.00,0.00,0.00
5.84161,28.740,-21.182,0,0.000,0.013,0.085,0.004,0.013,0.008,0.0,1,0.0,5.816,2.04,0.13,0.00,0.00,0.00,0.00
5.85168,28.828,-21.094,0,0.000,0.011,0.086,0.005,0.011,0.005,0.0,1,0.0,5.834,2.04,0.13,0.00,0.00,0.00,0.00
5.87125,28.740,-21.182,0,0.000,0.011,0.086,0.009,0.011,0.003,0.0,1,0.0,5.844,2.04,0.13,0.00,0.00,0.00,0.00
5.88130,28.828,-21.094,0,0.000,0.015,0.086,0.007,0.015,0.001,0.0,1,0.0,5.857,2.04,0.13,0.00,0.00,0.00,0.00
5.89153,28.740,-21.182,0,0.000,0.011,0.086,0.005,0.011,0.001,0.0,1,0.0,5.875,2.04,0.13,0.00,0.00,0.00,0.00
5.90158,28.740,-21.182,0,0.000,0.013,0.086,0.008,0.013,0.002,0.0,1,0.0,5.875,2.04,0.13,0.00,0.00,0.00,0.00
5.92117,28.740,-21.182,0,0.000,0.015,0.086,0.007,0.015,0.001,0.0,1,0.0,5.896,2.04,0.13,0.00,0.00,0.00,0.00
5.93122,28.740,-21.182,0,0.000,0.013,0.087,0.008,0.013,0.002,0.0,1,0.0,5.896,2.04,0.13,0.00,0.00,0.00,0.00
5.94143,28.828,-21.094,0,0.000,0.016,0.087,0.007,0.016,0.004,0.0,1,0.0,5.916,2.04,0.13,0.00,0.00,0.00,0.00
5.95145,28.828,-21.094,0,0.000,0.013,0.087,0.008,0.013,0.002,0.0,1,0.0,5.925,2.04,0.13,0.00,0.00,0.00,0.00
5.96150,28.740,-21.182,0,0.000,0.015,0.087,0.008,0.015,0.001,0.0,1,0.0,5.937,2.04,0.13,0.00,0.00,0.00,0.00
5.98109,28.740,-21.182,0,0.000,0.014,0.087,0.005,0.014,0.004,0.0,1,0.0,5.950,2.04,0.13,0.00,0.00,0.00,0.00
5.99114,28.828,-21.094,0,0.000,0.016,0.087,0.007,0.016,0.005,0.0,1,0.0,5.963,2.04,0.13,0.00,0.00,0.00,0.00
6.00137,28.740,-21.182,0,0.000,0.016,0.088,0.007,0.016,0.003,0.0,1,0.0,5.979,2.04,0.13,0.00,0.00,0.00,0.00
6.01142,28.828,-21.094,0,0.000,0.014,0.088,0.008,0.014,0.002,0.0,1,0.0,5.979,2.04,0.13,0.00,0.00,0.00,0.00
6.03101,28.828,-21.094,0,0.000,0.016,0.088,0.005,0.016,-0.001,0.0,1,0.0,6.012,2.04,0.13,0.00,0.00,0.00,0.00
6.04106,28.740,-21.182,0,0.000,0.017,0.088,0.008,0.017,0.003,0.0,1,0.0,6.012,2.04,0.13,0.00,0.00,0.00,0.00
6.05129,28.828,-21.094,0,0.000,0.016,0.088,0.008,0.016,0.003,0.0,1,0.0,6.024,2.04,0.13,0.00,0.00,0.00,0.00
6.07080,28.828,-21.094,0,0.000,0.013,0.089,0.005,0.013,0.004,0.0,1,0.0,6.051,2.04,0.13,0.00,0.00,0.00,0.00
6.08084,28.740,-21.182,0,0.000,0.017,0.089,0.005,0.017,0.004,0.0,1,0.0,6.051,2.04,0.13,0.00,0.00,0.00,0.00
6.09107,28.828,-21.094,0,0.000,0.018,0.089,0.008,0.018,0.010,0.0,1,0.0,6.067,2.04,0.13,0.00,0.00,0.00,0.00
6.10112,28.740,-21.182,0,0.000,0.017,0.089,0.007,0.017,0.010,0.0,1,0.0,6.067,2.04,0.13,0.00,0.00,0.00,0.00
6.12071,28.828,-21.094,0,0.000,0.014,0.089,0.005,0.014,0.003,0.0,1,0.0,6.099,2.04,0.13,0.00,0.00,0.00,0.00
6.13076,28.828,-21.094,0,0.000,0.011,0.090,0.006,0.011,-0.001,0.0,1,0.0,6.112,2.04,0.13,0.00,0.00,0.00,0.00
6.14099,28.740,-21.182,0,0.000,0.011,0.090,0.008,0.011,0.002,0.0,1,0.0,6.112,2.04,0.13,0.00,0.00,0.00,0.00
6.15104,28.740,-21.182,0,0.000,0.011,0.090,0.007,0.011,0.004,0.0,1,0.0,6.124,2.04,0.13,0.00,0.00,0.00,0.00
6.17063,28.740,-21.182,0,0.000,0.009,0.090,0.005,0.009,0.001,0.0,1,0.0,6.147,2.04,0.13,0.00,0.00,0.00,0.00
6.18068,28.828,-21.094,0,0.000,0.009,0.090,0.007,0.009,0.003,0.0,1,0.0,6.159,2.04,0.13,0.00,0.00,0.00,0.00
6.19102,28.828,-21.094,0,0.000,0.014,0.090,0.004,0.014,0.001,0.0,1,0.0,6.159,2.04,0.13,0.00,0.00,0.00,0.00
6.21097,28.740,-21.182,0,0.000,0.015,0.090,0.006,0.015,0.000,0.0,1,0.0,6.194,2.04,0.13,0.00,0.00,0.00,0.00
6.23056,28.740,-21.182,0,0.000,0.017,0.091,0.004,0.017,0.003,0.0,1,0.0,6.200,2.04,0.13,0.00,0.00,0.00,0.00
6.24061,28.828,-21.094,0,0.000,0.014,0.091,0.005,0.014,0.007,0.0,1,0.0,6.222,2.04,0.13,0.00,0.00,0.00,0.00
6.25084,28.828,-21.094,0,0.000,0.016,0.091,0.008,0.016,0.008,0.0,1,0.0,6.222,2.04,0.13,0.00,0.00,0.00,0.00
6.26089,28.740,-21.182,0,0.000,0.016,0.091,0.007,0.016,0.006,0.0,1,0.0,6.234,2.04,0.13,0.00,0.00,0.00,0.00
6.28048,28.828,-21.094,0,0.000,0.014,0.092,0.010,0.014,0.003,0.0,1,0.0,6.258,2.04,0.13,0.00,0.00,0.00,0.00
6.29055,28.828,-21.094,0,0.000,0.017,0.092,0.011,0.017,0.001,0.0,1,0.0,6.273,2.04,0.13,0.00,0.00,0.00,0.00
6.30076,28.740,-21.182,0,0.000,0.016,0.092,0.010,0.016,0.004,0.0,1,0.0,6.273,2.04,0.13,0.00,0.00,0.00,0.00
6.31081,28.828,-21.094,0,0.000,0.018,0.092,0.007,0.018,0.004,0.0,1,0.0,6.284,2.04,0.13,0.00,0.00,0.00,0.00
6.33040,28.740,-21.182,0,0.000,0.018,0.092,0.007,0.018,0.002,0.0,1,0.0,6.310,2.04,0.13,0.00,0.00,0.00,0.00
6.34045,28.828,-21.094,0,0.000,0.019,0.093,0.004,0.019,0.005,0.0,1,0.0,6.310,2.04,0.13,0.00,0.00,0.00,0.00
6.35068,28.740,-21.182,0,0.000,0.019,0.093,0.004,0.019,0.006,0.0,1,0.0,6.327,2.04,0.13,0.00,0.00,0.00,0.00
6.36073,28.740,-21.182,0,0.000,0.023,0.093,0.004,0.023,0.008,0.0,1,0.0,6.339,2.04,0.13,0.00,0.00,0.00,0.00
6.38032,28.828,-21.094,0,0.000,0.016,0.093,0.005,0.016,0.012,0.0,1,0.0,6.349,2.04,0.13,0.00,0.00,0.00,0.00
6.39037,28.740,-21.182,0,0.000,0.017,0.094,0.005,0.017,0.009,0.0,1,0.0,6.375,2.04,0.13,0.00,0.00,0.00,0.00
6.40060,28.828,-21.094,0,0.000,0.013,0.094,0.007,0.013,0.004,0.0,1,0.0,6.375,2.04,0.13,0.00,0.00,0.00,0.00
6.41065,28.740,-21.182,0,0.000,0.014,0.094,0.005,0.014,0.002,0.0,1,0.0,6.385,2.04,0.13,0.00,0.00,0.00,0.00
6.43024,28.740,-21.182,0,0.000,0.013,0.094,0.004,0.013,0.007,0.0,1,0.0,6.398,2.04,0.13,0.00,0.00,0.00,0.00
6.44029,28.828,-21.094,0,0.000,0.016,0.094,0.004,0.016,0.006,0.0,1,0.0,6.416,2.04,0.13,0.00,0.00,0.00,0.00
6.45065,28.740,-21.182,0,0.000,-0.020,0.094,0.056,-0.020,-0.001,0.0,1,0.0,6.426,2.04,0.13,0.00,0.00,0.00,0.00
6.47058,28.740,-21.182,0,0.000,0.014,0.094,0.000,0.014,0.007,0.0,1,0.0,6.449,2.04,0.13,0.00,0.00,0.00,0.00
6.49017,28.828,-21.094,0,0.000,0.017,0.095,0.001,0.017,0.005,0.0,1,0.0,6.471,2.04,0.13,0.00,0.00,0.00,0.00
6.50022,28.828,-21.094,0,0.000,0.017,0.095,0.000,0.017,0.002,0.0,1,0.0,6.471,2.04,0.13,0.00,0.00,0.00,0.00
6.51045,28.740,-21.182,0,0.000,0.020,0.095,0.000,0.020,0.005,0.0,1,0.0,6.488,2.04,0.13,0.00,0.00,0.00,0.00
6.52050,28.740,-21.182,0,0.000,0.021,0.095,0.000,0.021,0.006,0.0,1,0.0,6.497,2.04,0.13,0.00,0.00,0.00,0.00
6.54009,28.740,-21.182,0,0.000,0.016,0.096,0.005,0.016,0.007,0.0,1,0.0,6.512,2.04,0.13,0.00,0.00,0.00,0.00
6.55014,28.828,-21.094,0,0.000,0.013,0.096,0.003,0.013,0.011,0.0,1,0.0,6.528,2.04,0.13,0.00,0.00,0.00,0.00
6.56037,28.828,-21.094,0,0.000,0.014,0.096,0.002,0.014,0.010,0.0,1,0.0,6.536,2.04,0.13,0.00,0.00,0.00,0.00
6.57042,28.828,-21.094,0,0.000,0.010,0.096,0.007,0.010,0.010,0.0,1,0.0,6.547,2.04,0.13,0.00,0.00,0.00,0.00
6.58992,28.740,-21.182,0,0.000,0.012,0.096,0.012,0.012,0.002,0.0,1,0.0,6.573,2.04,0.13,0.00,0.00,0.00,0.00
6.60015,28.828,-21.094,0,0.000,0.014,0.096,0.012,0.014,0.007,0.0,1,0.0,6.573,2.04,0.13,0.00,0.00,0.00,0.00
6.61020,28.740,-21.182,0,0.000,0.022,0.097,0.011,0.022,0.012,0.0,1,0.0,6.586,2.04,0.13,0.00,0.00,0.00,0.00
6.62979,28.740,-21.182,0,0.000,0.029,0.097,0.002,0.029,0.017,0.0,1,0.0,6.600,2.04,0.13,0.00,0.00,0.00,0.00
6.63984,28.828,-21.094,0,0.000,0.030,0.097,0.004,0.030,0.016,0.0,1,0.0,6.612,2.04,0.13,0.00,0.00,0.00,0.00
6.65007,28.740,-21.182,0,0.000,0.023,0.098,0.006,0.023,0.012,0.0,1,0.0,6.629,2.04,0.13,0.00,0.00,0.00,0.00
6.66012,28.740,-21.182,0,0.000,0.015,0.098,0.008,0.015,0.013,0.0,1,0.0,6.638,2.04,0.13,0.00,0.00,0.00,0.00
6.67971,28.828,-21.094,0,0.000,-0.002,0.098,0.009,-0.002,0.007,0.0,1,0.0,6.648,2.04,0.13,0.00,0.00,0.00,0.00
6.68976,28.740,-21.182,0,0.000,-0.004,0.098,0.013,-0.004,0.006,0.0,1,0.0,6.662,2.04,0.13,0.00,0.00,0.00,0.00
6.69999,28.828,-21.094,0,0.000,-0.001,0.098,0.014,-0.001,0.010,0.0,1,0.0,6.677,2.04,0.13,0.00,0.00,0.00,0.00
6.71020,28.828,-21.094,0,0.000,0.000,0.098,0.013,0.000,0.008,0.0,1,0.0,6.689,2.04,0.13,0.00,0.00,0.00,0.00
6.73013,28.828,-21.094,0,0.000,0.011,0.098,0.013,0.011,0.014,0.0,1,0.0,6.717,2.04,0.13,0.00,0.00,0.00,0.00
6.74972,28.740,-21.182,0,0.000,0.028,0.098,0.007,0.028,0.017,0.0,1,0.0,6.720,2.04,0.13,0.00,0.00,0.00,0.00
6.75977,28.740,-21.182,0,0.000,0.030,0.099,0.003,0.030,0.014,0.0,1,0.0,6.733,2.04,0.13,0.00,0.00,0.00,0.00
6.77000,28.652,-21.270,0,0.000,0.026,0.099,0.000,0.026,0.010,0.0,1,0.0,6.744,2.04,0.13,0.00,0.00,0.00,0.00
6.78005,28.828,-21.094,0,0.000,0.023,0.099,0.000,0.023,0.007,0.0,1,0.0,6.758,2.04,0.13,0.00,0.00,0.00,0.00
6.79964,28.828,-21.094,0,0.000,0.010,0.099,0.003,0.010,0.005,0.0,1,0.0,6.771,2.04,0.13,0.00,0.00,0.00,0.00
6.80969,28.828,-21.094,0,0.000,0.000,0.099,0.007,0.000,0.004,0.0,1,0.0,6.784,2.04,0.13,0.00,0.00,0.00,0.00
6.81992,28.740,-21.182,0,0.000,-0.003,0.099,0.010,-0.003,0.002,0.0,1,0.0,6.798,2.04,0.13,0.00,0.00,0.00,0.00
6.82997,28.828,-21.094,0,0.000,-0.010,0.099,0.009,-0.010,0.000,0.0,1,0.0,6.798,2.04,0.13,0.00,0.00,0.00,0.00
6.84947,28.740,-21.182,0,0.000,-0.005,0.099,0.005,-0.005,0.007,0.0,1,0.0,6.825,2.04,0.13,0.00,0.00,0.00,0.00
6.85970,28.740,-21.182,0,0.000,0.000,0.099,0.002,0.000,0.010,0.0,1,0.0,6.839,2.04,0.13,0.00,0.00,0.00,0.00
6.86975,28.740,-21.182,0,0.000,0.007,0.099,0.000,0.007,0.008,0.0,1,0.0,6.846,2.04,0.13,0.00,0.00,0.00,0.00
6.87998,28.740,-21.182,0,0.000,0.016,0.099,-0.002,0.016,0.011,0.0,1,0.0,6.860,2.04,0.13,0.00,0.00,0.00,0.00
6.89939,28.740,-21.182,0,0.000,0.031,0.100,0.000,0.031,0.008,0.0,1,0.0,6.860,2.04,0.13,0.00,0.00,0.00,0.00
6.90962,28.740,-21.182,0,0.000,0.034,0.100,0.007,0.034,0.007,0.0,1,0.0,6.883,2.04,0.13,0.00,0.00,0.00,0.00
6.91967,28.828,-21.094,0,0.000,0.034,0.101,0.017,0.034,0.004,0.0,1,0.0,6.894,2.04,0.13,0.00,0.00,0.00,0.00
6.92990,28.828,-21.094,0,0.000,0.029,0.101,0.023,0.029,-0.001,0.0,1,0.0,6.894,2.04,0.13,0.00,0.00,0.00,0.00
6.94931,28.740,-21.182,0,0.000,0.023,0.101,0.016,0.023,0.008,0.0,1,0.0,6.930,2.04,0.13,0.00,0.00,0.00,0.00
6.95955,29.004,-20.918,0,0.000,-0.020,0.101,0.000,-0.020,0.023,0.0,1,0.0,6.941,2.04,0.13,0.00,0.00,0.00,0.00
