t_s,input_rad_s,v_fused_m_s,x_fused_m,x_fused_mm,accumulated_rad
0.02077,0.0,0.0,0.0,0.0,-0.0
0.04036,0.0,0.0,0.0,0.0,-0.0
0.05041,0.0,0.0,0.0,0.0,-0.00153588974175501
0.06064,0.0,0.0,0.0,0.0,-0.0
0.07069,0.0,0.0,0.0,0.0,-0.0
0.09028,0.0,0.0,0.0,0.0,-0.0
0.10033,0.0,0.0,0.0,0.0,-0.0
0.13025,0.0,0.0,0.0,0.0,-0.0
0.15035,0.0,0.0,0.0,0.0,-0.0
0.31376,0.0,0.0,0.0,0.0,-0.0
0.3325,0.0,0.0,0.0,0.0,-0.00153588974175501
0.35036,0.0,0.0,0.0,0.0,-0.00153588974175501
0.36994,0.0,0.0,0.0,0.0,-0.0
0.38,0.0,0.0,0.0,0.0,-0.0
0.39022,0.0,0.0,0.0,0.0,-0.0
0.40027,0.0,0.0,0.0,0.0,-0.0
0.41986,0.0,0.0,0.0,0.0,-0.0
0.42992,0.0,0.0,0.0,0.0,-0.0
0.44014,0.0,0.0,0.0,0.0,-0.00153588974175501
0.45063,0.0,0.0,0.0,0.0,-0.0
0.4693,0.0,0.0,0.0,0.0,-0.0
0.47954,0.0,0.0,0.0,0.0,-0.00153588974175501
0.48958,0.0,0.0,0.0,0.0,-0.0
0.4998,0.0,0.0,0.0,0.0,-0.0
0.50986,0.0,0.0,0.0,0.0,-0.0
0.52008,0.0,0.0,0.0,0.0,-0.0
0.5395,0.0,0.0,0.0,0.0,-0.0
0.54972,0.0,0.0,0.0,0.0,-0.0
0.55978,0.0,0.0,0.0,0.0,-0.0
0.57946,0.0,0.0,0.0,0.0,-0.0
0.58951,0.0,0.0,0.0,0.0,-0.0
0.59974,0.0,0.0,0.0,0.0,-0.0
0.60979,0.0,0.0,0.0,0.0,-0.0
0.62938,0.0,0.0,0.0,0.0,-0.0
0.63943,0.0,0.0,0.0,0.0,-0.00153588974175501
0.64966,0.0,0.0,0.0,0.0,-0.00153588974175501
0.65971,0.0,0.0,0.0,0.0,0.00153588974175501
0.6793,0.0,0.0,0.0,0.0,-0.0
0.68935,0.0,0.0,0.0,0.0,-0.0
0.70098,0.0,0.0,0.0,0.0,-0.0
0.71973,0.0,0.0,0.0,0.0,0.00153588974175501
0.73912,0.0,0.0,0.0,0.0,-0.0
0.74935,0.0,0.0,0.0,0.0,-0.0
0.7594,0.0,0.0,0.0,0.0,-0.00153588974175501
0.76963,0.0,0.0,0.0,0.0,-0.0
0.78904,0.0,0.0,0.0,0.0,-0.0
0.79927,0.0,0.0,0.0,0.0,-0.0
0.80932,0.0,0.0,0.0,0.0,-0.00153588974175501
0.81955,0.0,0.0,0.0,0.0,-0.0
0.83905,0.0,0.0,0.0,0.0,0.00153588974175501
0.84911,0.0,0.0,0.0,0.0,-0.0
0.85933,0.0,0.0,0.0,0.0,-0.0
0.86939,0.0,0.0,0.0,0.0,-0.0
0.88897,0.0,0.0,0.0,0.0,0.00153588974175501
0.89902,0.0,0.0,0.0,0.0,-0.0
0.90925,0.0,0.0,0.0,0.0,-0.00153588974175501
0.9193,0.0,0.0,0.0,0.0,-0.0
0.93889,0.0,0.0009015337857319359,1.0596628117493171e-05,0.010596628117493172,-0.0
0.94894,0.0,-0.0005471639220548685,3.0585784205050446e-06,0.0030585784205050446,0.00153588974175501
0.9592,0.0,-0.004441917175811258,-2.55092950819912e-05,-0.0255092950819912,-0.0
0.97884,0.0,-0.00810427178250543,-0.00011080631573423866,-0.11080631573423866,-0.00153588974175501
0.98892,0.0,-0.007044399537079027,-0.00010908831784079705,-0.10908831784079705,-0.00153588974175501
0.99913,0.0,-0.0007439957307049123,-7.00107085507765e-05,-0.0700107085507765,-0.00153588974175501
1.00918,23.56194490192345,0.025967838574020092,0.0001145796414708753,0.11457964147087529,0.21322687471614726
1.02876,23.56194490192345,0.04996939516363722,0.0006557882392649331,0.6557882392649331,0.6181956210563916
1.03882,23.56194490192345,0.06334122307267373,0.0007758005660256252,0.7758005660256252,0.8268148265472737
1.04906,0.0,0.0692728154249758,0.0008910925175864275,0.8910925175864275,1.029307926363656
1.0591,0.0,0.05091819160551495,0.0008413866967834733,0.8413866967834733,1.044649370488686
1.07868,0.0,0.0274552350413202,0.0004365580725256945,0.4365580725256945,1.0461678069379212
1.09288,0.0,0.016203272570950566,0.0013351584806862741,1.3351584806862742,1.0461678069379212
1.10902,0.0,0.014030389765250943,0.003672691710567205,3.672691710567205,1.044649370488686
1.12861,0.0,0.018982602179773357,0.005716121759677379,5.716121759677379,1.0477036966796762
1.13866,0.0,0.02798261748021434,0.006120115160294542,6.120115160294542,1.0461678069379212
1.14888,0.0,0.03417872240213624,0.006673210499159634,6.673210499159635,1.0461678069379212
1.15894,0.0,0.034449743627448556,0.007222094431625761,7.222094431625761,1.0461678069379212
1.17852,0.0,0.0303992527576253,0.007477291961789694,7.477291961789694,1.0477036966796762
1.18858,0.0,0.028062504294642923,0.007563632825093168,7.563632825093168,1.0461678069379212
1.1988,0.0,0.022328022745517276,0.007582967502628302,7.5829675026283025,1.0477036966796762
1.20886,0.0,0.014949883469823231,0.007547890370297721,7.547890370297721,1.0461678069379212
1.22856,0.0,0.006017895357692987,0.007517043308994161,7.517043308994161,1.0461678069379212
1.23861,0.0,0.00013669450119017934,0.007358438879995946,7.358438879995946,1.0461678069379212
1.25821,0.0,0.002273491796951864,0.007238009664538089,7.2380096645380885,1.0461678069379212
1.26825,0.0,0.0,0.0071390158717312205,7.13901587173122,1.0461678069379212
1.27848,0.0,-0.0008734641989060675,0.007074258272794214,7.074258272794214,1.0461678069379212
1.28853,0.0,-0.0010080735726434266,0.007034686353041855,7.034686353041855,1.0461678069379212
1.30812,0.0,-0.0011513048484629372,0.007003489447644647,7.003489447644647,1.0461678069379212
1.31817,0.0,-0.0015229669729960333,0.006989120250747989,6.989120250747989,1.0461678069379212
1.32841,0.0,0.0,0.00698968222345716,6.9896822234571605,1.0461678069379212
1.33845,0.0,0.0,0.006990019407082663,6.990019407082663,1.0461678069379212
1.34857,0.0,0.0,0.006990221717257964,6.990221717257964,1.0477036966796762
1.36823,0.0,0.0,0.006990343103363146,6.990343103363146,1.0461678069379212
1.37846,0.0,0.0,0.006990415935026254,6.990415935026254,1.0461678069379212
1.38851,0.0,0.0,0.00699045963402412,6.99045963402412,1.0461678069379212
1.4081,0.0,0.0,0.006990485853422839,6.990485853422839,1.0461678069379212
1.41815,0.0,0.0,0.0069905015850620705,6.990501585062071,1.0461678069379212
1.42838,0.0,0.0,0.006990511024045609,6.990511024045609,1.0461678069379212
1.43843,0.0,0.0,0.006990516687435732,6.990516687435732,1.0477036966796762
1.45801,0.0,0.0,0.006990520085469806,6.9905200854698055,1.0461678069379212
1.46807,0.0,0.0,0.006990522124290251,6.99052212429025,1.044649370488686
1.4783,0.0,0.0,0.006990523347582518,6.990523347582518,1.0477036966796762
1.48835,0.0,0.0,0.006990524081557877,6.9905240815578775,1.0477036966796762
1.50794,0.0,0.0,0.0069905245219430935,6.990524521943094,1.0477036966796762
1.51799,0.0,0.0,0.006990524786174223,6.990524786174222,1.044649370488686
1.52822,0.0,0.0,0.0069905249447129005,6.9905249447129005,1.0461678069379212
1.53827,0.0,0.0,0.0069905250398361075,6.990525039836108,1.0461678069379212
1.55787,0.0,0.0,0.006990525096910031,6.990525096910031,1.0461678069379212
1.56791,0.0,0.0,0.006990525131154386,6.990525131154386,1.0461678069379212
1.57814,0.0,0.0,0.006990525151700998,6.990525151700998,1.0461678069379212
1.58819,0.0,0.0,0.006990525164028966,6.990525164028965,1.0477036966796762
1.62697,0.0,0.0,0.006990525171425746,6.990525171425746,1.0461678069379212
1.63751,0.0,0.0,0.006990525175863815,6.990525175863815,1.0461678069379212
1.64774,0.0,0.0,0.006990525178526656,6.9905251785266564,1.044649370488686
1.65779,0.0,0.0,0.006990525180124361,6.990525180124361,1.0461678069379212
1.66802,0.0,0.0,0.006990525181082984,6.990525181082984,1.0461678069379212
1.67807,0.0,0.0,0.006990525181658157,6.990525181658158,1.0461678069379212
1.69766,0.0,0.0,0.0069905251820032615,6.990525182003261,1.0477036966796762
1.70771,0.0,0.0,0.006990525182210324,6.990525182210324,1.0461678069379212
1.71794,0.0,0.0,0.0069905251823345615,6.9905251823345615,1.0461678069379212
1.72799,0.0,0.0,0.0069905251824091035,6.990525182409104,1.0461678069379212
1.8203,0.0,0.0,0.006990525182453829,6.990525182453829,1.0461678069379212
1.83136,0.0,0.0,0.006990525182480664,6.990525182480664,1.0461678069379212
1.84741,0.0,0.0,0.006990525182496765,6.990525182496765,1.0461678069379212
1.85746,0.0,0.0,0.006990525182506426,6.990525182506426,1.0461678069379212
1.86769,0.0,0.0,0.006990525182512222,6.990525182512222,1.044649370488686
1.8871,0.0,0.0,0.0069905251825157005,6.9905251825157,1.0461678069379212
1.89733,0.0,0.0,0.006990525182517787,6.990525182517787,1.0461678069379212
1.90738,0.0,0.0,0.006990525182519039,6.990525182519039,1.0477036966796762
1.91761,0.0,0.0,0.00699052518251979,6.99052518251979,1.0461678069379212
1.93702,0.0,0.0,0.006990525182520241,6.9905251825202415,1.0461678069379212
1.97514,0.0,0.0,0.006990525182520512,6.9905251825205115,1.0461678069379212
1.9875,0.0,0.0,0.006990525182520674,6.990525182520674,1.0477036966796762
2.00692,0.0,0.0,0.006990525182520771,6.990525182520771,1.0461678069379212
2.01715,0.0,0.0,0.006990525182520829,6.990525182520829,1.0461678069379212
2.0272,0.0,0.0,0.006990525182520865,6.990525182520865,1.0461678069379212
2.03743,0.0,0.0,0.006990525182520886,6.990525182520885,1.0461678069379212
2.05684,0.0,0.0,0.006990525182520899,6.990525182520899,1.0461678069379212
2.06707,0.0,0.0,0.006990525182520906,6.990525182520907,1.0461678069379212
2.07712,0.0,0.0,0.006990525182520911,6.990525182520911,1.0461678069379212
2.08735,0.0,0.0,0.006990525182520913,6.990525182520913,1.0461678069379212
2.10676,0.0,0.0,0.006990525182520915,6.990525182520915,1.0461678069379212
2.11699,0.0,0.0,0.006990525182520916,6.990525182520916,1.0461678069379212
2.12704,0.0,0.0,0.006990525182520917,6.9905251825209165,1.0477036966796762
2.13726,0.0,0.0,0.006990525182520917,6.9905251825209165,1.0477036966796762
2.15668,0.0,0.0,0.006990525182520917,6.9905251825209165,1.0461678069379212
2.1669,0.0,0.0,0.006990525182520917,6.9905251825209165,1.0461678069379212
2.17696,0.0,0.0,0.006990525182520917,6.9905251825209165,1.044649370488686
2.18719,0.0,0.0,0.006990525182520917,6.9905251825209165,1.0461678069379212
2.2066,0.0,0.0,0.006990525182520917,6.9905251825209165,1.0461678069379212
2.21684,0.0,0.0,0.006990525182520917,6.9905251825209165,1.0477036966796762
2.22714,0.0,0.0,0.006990525182520917,6.9905251825209165,1.0461678069379212
2.24673,0.0,0.0,0.006990525182520917,6.9905251825209165,1.0477036966796762
2.25695,0.0,0.0,0.006990525182520917,6.9905251825209165,1.0461678069379212
2.26701,0.0,0.0,0.006990525182520917,6.9905251825209165,1.0461678069379212
2.28659,0.0,0.0,0.006990525182520917,6.9905251825209165,1.0477036966796762
2.29665,0.0,0.0,0.006990525182520917,6.9905251825209165,1.0461678069379212
2.30687,0.0,0.0,0.006990525182520917,6.9905251825209165,1.0461678069379212
2.31693,0.0,0.0,0.006990525182520917,6.9905251825209165,1.0477036966796762
2.33651,0.0,0.0,0.006990525182520917,6.9905251825209165,1.0477036966796762
2.34657,0.0,0.0,0.006990525182520917,6.9905251825209165,1.0461678069379212
2.35671,0.0,0.0,0.006990525182520917,6.9905251825209165,1.0461678069379212
2.37629,0.0,0.0,0.006990525182520917,6.9905251825209165,1.0461678069379212
2.38635,0.0,0.0,0.006990525182520917,6.9905251825209165,1.0461678069379212
2.39657,0.0,0.0,0.006990525182520917,6.9905251825209165,1.0477036966796762
2.40663,0.0,0.0,0.006990525182520917,6.9905251825209165,1.044649370488686
2.42621,0.0,0.0,0.006990525182520917,6.9905251825209165,1.0461678069379212
2.43627,0.0,0.0,0.006990525182520917,6.9905251825209165,1.0477036966796762
2.44649,0.0,0.0,0.006990525182520917,6.9905251825209165,1.0461678069379212
2.45655,0.0,0.0,0.006990525182520917,6.9905251825209165,1.0461678069379212
2.47613,0.0,0.0,0.006990525182520917,6.9905251825209165,1.0461678069379212
2.48658,0.0,0.0,0.006990525182520917,6.9905251825209165,1.0461678069379212
2.50616,0.0,0.0,0.006990525182520917,6.9905251825209165,1.0461678069379212
2.51639,0.0,0.0,0.006990525182520917,6.9905251825209165,1.0461678069379212
2.52644,0.0,0.0,0.006990525182520917,6.9905251825209165,1.0477036966796762
2.54603,0.0,0.0,0.006990525182520917,6.9905251825209165,1.0461678069379212
2.55608,0.0,0.0,0.006990525182520917,6.9905251825209165,1.0461678069379212
2.56631,0.0,0.0,0.006990525182520917,6.9905251825209165,1.0461678069379212
2.57636,0.0,0.0,0.006990525182520917,6.9905251825209165,1.0461678069379212
2.59596,0.0,0.0,0.006990525182520917,6.9905251825209165,1.0477036966796762
2.606,0.0,0.0,0.006990525182520917,6.9905251825209165,1.0461678069379212
2.61614,0.0,0.0,0.006990525182520917,6.9905251825209165,1.0461678069379212
2.62637,0.0,0.0,0.006990525182520917,6.9905251825209165,1.0477036966796762
2.63642,0.0,0.0,0.006990525182520917,6.9905251825209165,1.0461678069379212
2.65601,0.0,0.0,0.006990525182520917,6.9905251825209165,1.0477036966796762
2.66606,0.0,0.0,0.006990525182520917,6.9905251825209165,1.0477036966796762
2.67629,0.0,0.0,0.006990525182520917,6.9905251825209165,1.0461678069379212
2.68634,0.0,0.0,0.006990525182520917,6.9905251825209165,1.0461678069379212
2.70593,0.0,0.0,0.006990525182520917,6.9905251825209165,1.0461678069379212
2.71598,0.0,0.0,0.006990525182520917,6.9905251825209165,1.0461678069379212
2.72621,0.0,0.0,0.006990525182520917,6.9905251825209165,1.0461678069379212
2.73652,0.0,0.0,0.006990525182520917,6.9905251825209165,1.0461678069379212
2.75613,0.0,0.0,0.006990525182520917,6.9905251825209165,1.0461678069379212
2.77571,0.0,0.0,0.006990525182520917,6.9905251825209165,1.044649370488686
2.78577,0.0,0.0,0.006990525182520917,6.9905251825209165,1.0461678069379212
2.79599,0.0,0.0,0.006990525182520917,6.9905251825209165,1.0461678069379212
2.80605,0.0,0.0,0.006990525182520917,6.9905251825209165,1.0461678069379212
2.82563,0.0,0.0,0.006990525182520917,6.9905251825209165,1.0477036966796762
2.83569,0.0,0.0,0.006990525182520917,6.9905251825209165,1.0461678069379212
2.84591,0.0,0.0,0.006990525182520917,6.9905251825209165,1.044649370488686
2.85597,0.0,0.0,0.006990525182520917,6.9905251825209165,1.0461678069379212
2.87547,0.0,0.0,0.006990525182520917,6.9905251825209165,1.0477036966796762
2.88569,0.0,0.0,0.006990525182520917,6.9905251825209165,1.0461678069379212
2.89575,0.0,0.0,0.006990525182520917,6.9905251825209165,1.044649370488686
2.91533,0.0,0.0,0.006990525182520917,6.9905251825209165,1.0477036966796762
2.92539,0.0,0.0,0.006990525182520917,6.9905251825209165,1.0461678069379212
2.93561,0.0,0.0,0.006990525182520917,6.9905251825209165,1.0461678069379212
2.94567,0.0,0.0,0.006990525182520917,6.9905251825209165,1.0477036966796762
2.95589,0.0,0.0,0.006990525182520917,6.9905251825209165,1.0461678069379212
2.97531,0.0,0.0,0.006990525182520917,6.9905251825209165,1.0461678069379212
2.98553,0.0,0.0,0.006990525182520917,6.9905251825209165,1.0477036966796762
2.99587,0.0,0.0,0.006990525182520917,6.9905251825209165,1.0477036966796762
3.01549,0.0,0.0,0.006990525182520917,6.9905251825209165,1.0461678069379212
3.02572,0.0,0.0,0.006990525182520917,6.9905251825209165,1.044649370488686
3.04513,0.0,0.0,0.006990525182520917,6.9905251825209165,1.0461678069379212
3.05536,0.0,0.0,0.006990525182520917,6.9905251825209165,1.0477036966796762
3.06541,0.0,0.0,0.006990525182520917,6.9905251825209165,1.0477036966796762
3.07564,0.0,0.0,0.006990525182520917,6.9905251825209165,1.0461678069379212
3.09506,0.0,0.0,0.006990525182520917,6.9905251825209165,1.0461678069379212
3.10528,0.0,0.0,0.006990525182520917,6.9905251825209165,1.0461678069379212
3.11533,0.0,0.0,0.006990525182520917,6.9905251825209165,1.0461678069379212
3.12547,0.0,0.0,0.006990525182520917,6.9905251825209165,1.0461678069379212
3.14506,0.0,0.0,0.006990525182520917,6.9905251825209165,1.044649370488686
3.15511,0.0,0.0,0.006990525182520917,6.9905251825209165,1.0461678069379212
3.16534,0.0,0.0,0.006990525182520917,6.9905251825209165,1.0477036966796762
3.17539,0.0,0.0,0.006990525182520917,6.9905251825209165,1.0461678069379212
3.19498,0.0,0.0,0.006990525182520917,6.9905251825209165,1.0461678069379212
3.20503,0.0,0.0,0.006990525182520917,6.9905251825209165,1.0461678069379212
3.21526,0.0,0.0,0.006990525182520917,6.9905251825209165,1.0461678069379212
3.22532,0.0,0.0,0.006990525182520917,6.9905251825209165,1.0477036966796762
3.2449,0.0,0.0,0.006990525182520917,6.9905251825209165,1.0461678069379212
3.25526,0.0,0.0,0.006990525182520917,6.9905251825209165,1.0461678069379212
3.27491,0.0,0.0,0.006990525182520917,6.9905251825209165,1.0477036966796762
3.28513,0.0,0.0,0.006990525182520917,6.9905251825209165,1.0477036966796762
3.29518,0.0,0.0,0.006990525182520917,6.9905251825209165,1.0461678069379212
3.31477,0.0,0.0,0.006990525182520917,6.9905251825209165,1.0461678069379212
3.32482,0.0,0.0,0.006990525182520917,6.9905251825209165,1.0477036966796762
3.33505,0.0,0.0,0.006990525182520917,6.9905251825209165,1.0477036966796762
3.34511,0.0,0.0,0.006990525182520917,6.9905251825209165,1.0477036966796762
3.36469,0.0,0.0,0.006990525182520917,6.9905251825209165,1.0477036966796762
3.37474,0.0,0.0,0.006990525182520917,6.9905251825209165,1.044649370488686
3.38512,0.0,0.0,0.006990525182520917,6.9905251825209165,1.0461678069379212
3.40449,0.0,0.0,0.006990525182520917,6.9905251825209165,1.0461678069379212
3.41454,0.0,0.0,0.006990525182520917,6.9905251825209165,1.0477036966796762
3.42477,0.0,0.0,0.006990525182520917,6.9905251825209165,1.0461678069379212
3.43482,0.0,0.0,0.006990525182520917,6.9905251825209165,1.044649370488686
3.45441,0.0,0.0,0.006990525182520917,6.9905251825209165,1.0461678069379212
3.46446,0.0,0.0,0.006990525182520917,6.9905251825209165,1.0461678069379212
3.47469,0.0,0.0,0.006990525182520917,6.9905251825209165,1.0477036966796762
3.48476,0.0,0.0,0.006990525182520917,6.9905251825209165,1.0461678069379212
3.50433,0.0,0.0,0.006990525182520917,6.9905251825209165,1.0461678069379212
3.51447,0.0,0.0,0.006990525182520917,6.9905251825209165,1.0477036966796762
3.52452,0.0,0.0,0.006990525182520917,6.9905251825209165,1.0477036966796762
3.53475,0.0,0.0,0.006990525182520917,6.9905251825209165,1.0461678069379212
3.54482,0.0,0.0,0.006990525182520917,6.9905251825209165,1.0461678069379212
3.56439,0.0,0.0,0.006990525182520917,6.9905251825209165,1.0461678069379212
3.57444,0.0,0.0,0.006990525182520917,6.9905251825209165,1.0461678069379212
3.58467,0.0,0.0,0.006990525182520917,6.9905251825209165,1.0461678069379212
3.59474,0.0,0.0,0.006990525182520917,6.9905251825209165,1.0461678069379212
3.61431,0.0,0.0,0.006990525182520917,6.9905251825209165,1.0461678069379212
3.62436,0.0,0.0,0.006990525182520917,6.9905251825209165,1.0477036966796762
3.63578,0.0,0.0,0.006990525182520917,6.9905251825209165,1.0477036966796762
3.65462,0.0,0.0,0.006990525182520917,6.9905251825209165,1.0461678069379212
3.67403,0.0,0.0,0.006990525182520917,6.9905251825209165,1.044649370488686
3.68426,0.0,0.0,0.006990525182520917,6.9905251825209165,1.0461678069379212
3.69431,0.0,0.0,0.006990525182520917,6.9905251825209165,1.0477036966796762
3.70454,0.0,0.0,0.006990525182520917,6.9905251825209165,1.0461678069379212
3.72395,0.0,0.0,0.006990525182520917,6.9905251825209165,1.0477036966796762
3.73418,0.0,0.0,0.006990525182520917,6.9905251825209165,1.0461678069379212
3.74423,0.0,0.0,0.006990525182520917,6.9905251825209165,1.0477036966796762
3.75447,0.0,0.0,0.006990525182520917,6.9905251825209165,1.0461678069379212
3.77396,0.0,0.0,0.006990525182520917,6.9905251825209165,1.0461678069379212
3.78401,0.0,0.0,0.006990525182520917,6.9905251825209165,1.0461678069379212
3.79424,0.0,0.0,0.006990525182520917,6.9905251825209165,1.0477036966796762
3.80429,0.0,0.0,0.006990525182520917,6.9905251825209165,1.0461678069379212
3.82388,0.0,0.0,0.006990525182520917,6.9905251825209165,1.0477036966796762
3.83393,0.0,0.0,0.006990525182520917,6.9905251825209165,1.0461678069379212
3.84416,0.0,0.0,0.006990525182520917,6.9905251825209165,1.0461678069379212
3.85421,0.0,0.0,0.006990525182520917,6.9905251825209165,1.0461678069379212
3.8738,0.0,0.0,0.006990525182520917,6.9905251825209165,1.0477036966796762
3.88385,0.0,0.0,0.006990525182520917,6.9905251825209165,1.0461678069379212
3.89427,0.0,0.0,0.006990525182520917,6.9905251825209165,1.0477036966796762
3.91385,0.0,0.0,0.006990525182520917,6.9905251825209165,1.0461678069379212
3.92407,0.0,0.0,0.006990525182520917,6.9905251825209165,1.0461678069379212
3.93413,0.0,0.0,0.006990525182520917,6.9905251825209165,1.0461678069379212
3.95371,0.0,0.0,0.006990525182520917,6.9905251825209165,1.0461678069379212
3.96378,0.0,0.0,0.006990525182520917,6.9905251825209165,1.0477036966796762
3.97399,0.0,0.0,0.006990525182520917,6.9905251825209165,1.0461678069379212
3.98405,0.0,0.0,0.006990525182520917,6.9905251825209165,1.0461678069379212
4.00363,0.0,0.0,0.006990525182520917,6.9905251825209165,1.0477036966796762
4.01369,0.0,0.0,0.006990525182520917,6.9905251825209165,1.0461678069379212
4.02391,0.0,0.0,0.006990525182520917,6.9905251825209165,1.0461678069379212
4.03397,0.0,0.0,0.006990525182520917,6.9905251825209165,1.0461678069379212
4.05357,0.0,0.0,0.006990525182520917,6.9905251825209165,1.0461678069379212
4.06361,0.0,0.0,0.006990525182520917,6.9905251825209165,1.0461678069379212
4.07383,0.0,0.0,0.006990525182520917,6.9905251825209165,1.0477036966796762
4.08389,0.0,0.0,0.006990525182520917,6.9905251825209165,1.0461678069379212
4.10349,0.0,0.0,0.006990525182520917,6.9905251825209165,1.0461678069379212
4.11353,0.0,0.0,0.006990525182520917,6.9905251825209165,1.0461678069379212
4.12375,0.0,0.0,0.006990525182520917,6.9905251825209165,1.0461678069379212
4.1338,0.0,0.0,0.006990525182520917,6.9905251825209165,1.0477036966796762
4.14425,0.0,0.0,0.006990525182520917,6.9905251825209165,1.0461678069379212
4.16379,0.0,0.0,0.006990525182520917,6.9905251825209165,1.0461678069379212
4.18336,0.0,0.0,0.006990525182520917,6.9905251825209165,1.0461678069379212
4.19342,0.0,0.0,0.006990525182520917,6.9905251825209165,1.0461678069379212
4.20364,0.0,0.0,0.006990525182520917,6.9905251825209165,1.0461678069379212
4.2137,0.0,0.0,0.006990525182520917,6.9905251825209165,1.0477036966796762
4.23328,0.0,0.0,0.006990525182520917,6.9905251825209165,1.0461678069379212
4.24333,0.0,0.0,0.006990525182520917,6.9905251825209165,1.0461678069379212
4.25356,0.0,0.0,0.006990525182520917,6.9905251825209165,1.0461678069379212
4.27298,0.0,0.0,0.006990525182520917,6.9905251825209165,1.0461678069379212
4.2832,0.0,0.0,0.006990525182520917,6.9905251825209165,1.0461678069379212
4.29326,0.0,0.0,0.006990525182520917,6.9905251825209165,1.0461678069379212
4.30348,0.0,0.0,0.006990525182520917,6.9905251825209165,1.0461678069379212
4.31354,0.0,0.0,0.006990525182520917,6.9905251825209165,1.0461678069379212
4.33312,0.0,0.0,0.006990525182520917,6.9905251825209165,1.0461678069379212
4.34317,0.0,0.0,0.006990525182520917,6.9905251825209165,1.0461678069379212
4.3534,0.0,0.0,0.006990525182520917,6.9905251825209165,1.0461678069379212
4.37282,0.0,0.0,0.006990525182520917,6.9905251825209165,1.0461678069379212
4.38304,0.0,0.0,0.006990525182520917,6.9905251825209165,1.0461678069379212
4.3931,0.0,0.0,0.006990525182520917,6.9905251825209165,1.0461678069379212
4.40356,0.0,0.0,0.006990525182520917,6.9905251825209165,1.0461678069379212
4.42325,0.0,0.0,0.006990525182520917,6.9905251825209165,1.0461678069379212
4.43331,0.0,0.0,0.006990525182520917,6.9905251825209165,1.044649370488686
4.4529,0.0,0.0,0.006990525182520917,6.9905251825209165,1.0477036966796762
4.46295,0.0,0.0,0.006990525182520917,6.9905251825209165,1.0477036966796762
4.47318,0.0,0.0,0.006990525182520917,6.9905251825209165,1.0461678069379212
4.48323,0.0,0.0,0.006990525182520917,6.9905251825209165,1.0461678069379212
4.50281,0.0,0.0,0.006990525182520917,6.9905251825209165,1.0477036966796762
4.51287,0.0,0.0,0.006990525182520917,6.9905251825209165,1.0461678069379212
4.5231,0.0,0.0,0.006990525182520917,6.9905251825209165,1.0477036966796762
4.53315,0.0,0.0,0.006990525182520917,6.9905251825209165,1.0461678069379212
4.55273,0.0,0.0,0.006990525182520917,6.9905251825209165,1.0477036966796762
4.56279,0.0,0.0,0.006990525182520917,6.9905251825209165,1.0461678069379212
4.57302,0.0,0.0,0.006990525182520917,6.9905251825209165,1.0461678069379212
4.58307,0.0,0.0,0.006990525182520917,6.9905251825209165,1.0461678069379212
4.60265,0.0,0.0,0.006990525182520917,6.9905251825209165,1.0461678069379212
4.61271,0.0,0.0,0.006990525182520917,6.9905251825209165,1.0477036966796762
4.62293,0.0,0.0,0.006990525182520917,6.9905251825209165,1.0477036966796762
4.63299,0.0,0.0,0.006990525182520917,6.9905251825209165,1.0461678069379212
4.65258,0.0,0.0,0.006990525182520917,6.9905251825209165,1.0461678069379212
4.66291,0.0,0.0,0.006990525182520917,6.9905251825209165,1.0461678069379212
4.68252,0.0,0.0,0.006990525182520917,6.9905251825209165,1.0477036966796762
4.69275,0.0,0.0,0.006990525182520917,6.9905251825209165,1.0461678069379212
4.7028,0.0,0.0,0.006990525182520917,6.9905251825209165,1.0461678069379212
4.72239,0.0,0.0,0.006990525182520917,6.9905251825209165,1.0477036966796762
4.73244,0.0,0.0,0.006990525182520917,6.9905251825209165,1.0461678069379212
4.74266,0.0,0.0,0.006990525182520917,6.9905251825209165,1.044649370488686
4.75272,0.0,0.0,0.006990525182520917,6.9905251825209165,1.0461678069379212
4.77231,0.0,0.0,0.006990525182520917,6.9905251825209165,1.0461678069379212
4.78236,0.0,0.0,0.006990525182520917,6.9905251825209165,1.0461678069379212
4.7925,0.0,0.0,0.006990525182520917,6.9905251825209165,1.0461678069379212
4.81209,0.0,0.0,0.006990525182520917,6.9905251825209165,1.0461678069379212
4.82214,0.0,0.0,0.006990525182520917,6.9905251825209165,1.0461678069379212
4.83237,0.0,0.0,0.006990525182520917,6.9905251825209165,1.0477036966796762
4.84242,0.0,0.0,0.006990525182520917,6.9905251825209165,1.0461678069379212
4.862,0.0,0.0,0.006990525182520917,6.9905251825209165,1.0477036966796762
4.87206,0.0,0.0,0.006990525182520917,6.9905251825209165,1.0461678069379212
4.88229,0.0,0.0,0.006990525182520917,6.9905251825209165,1.0461678069379212
4.89234,0.0,0.0,0.006990525182520917,6.9905251825209165,1.0477036966796762
4.91193,0.0,0.0,0.006990525182520917,6.9905251825209165,1.0461678069379212
4.92242,0.0,0.0,0.006990525182520917,6.9905251825209165,1.0461678069379212
4.94202,0.0,0.0,0.006990525182520917,6.9905251825209165,1.0461678069379212
4.95225,0.0,0.0,0.006990525182520917,6.9905251825209165,1.0461678069379212
4.9623,0.0,0.0,0.006990525182520917,6.9905251825209165,1.0461678069379212
4.98189,0.0,0.0,0.006990525182520917,6.9905251825209165,1.0461678069379212
4.99194,0.0,0.0,0.006990525182520917,6.9905251825209165,1.0461678069379212
5.00217,0.0,0.0,0.006990525182520917,6.9905251825209165,1.0461678069379212
5.01222,0.0,0.0,0.006990525182520917,6.9905251825209165,1.0461678069379212
5.03181,0.0,0.0,0.006990525182520917,6.9905251825209165,1.0477036966796762
5.04186,0.0,0.0,0.006990525182520917,6.9905251825209165,1.0461678069379212
5.052,0.0,0.0,0.006990525182520917,6.9905251825209165,1.0461678069379212
5.06223,0.0,0.0,0.006990525182520917,6.9905251825209165,1.0461678069379212
5.08166,0.0,0.0,0.006990525182520917,6.9905251825209165,1.0461678069379212
5.09187,0.0,0.0,0.006990525182520917,6.9905251825209165,1.0461678069379212
5.10192,0.0,0.0,0.006990525182520917,6.9905251825209165,1.0461678069379212
5.11215,0.0,0.0,0.006990525182520917,6.9905251825209165,1.0477036966796762
5.13157,0.0,0.0,0.006990525182520917,6.9905251825209165,1.0477036966796762
5.14181,0.0,0.0,0.006990525182520917,6.9905251825209165,1.0477036966796762
5.15185,0.0,0.0,0.006990525182520917,6.9905251825209165,1.0477036966796762
5.16207,0.0,0.0,0.006990525182520917,6.9905251825209165,1.0477036966796762
5.17243,0.0,0.0,0.006990525182520917,6.9905251825209165,1.0461678069379212
5.19136,0.0,0.0,0.006990525182520917,6.9905251825209165,1.0461678069379212
5.20142,0.0,0.0,0.006990525182520917,6.9905251825209165,1.0477036966796762
5.21165,0.0,0.0,0.006990525182520917,6.9905251825209165,1.0461678069379212
5.2217,0.0,0.0,0.006990525182520917,6.9905251825209165,1.0477036966796762
5.23192,0.0,0.0,0.006990525182520917,6.9905251825209165,1.0461678069379212
5.25134,0.0,0.0,0.006990525182520917,6.9905251825209165,1.044649370488686
5.26157,0.0,0.0,0.006990525182520917,6.9905251825209165,1.0461678069379212
5.27162,0.0,0.0,0.006990525182520917,6.9905251825209165,1.0461678069379212
5.28184,0.0,0.0,0.006990525182520917,6.9905251825209165,1.0461678069379212
5.30134,0.0,0.0,0.006990525182520917,6.9905251825209165,1.0461678069379212
5.31141,0.0,0.0,0.006990525182520917,6.9905251825209165,1.0461678069379212
5.32163,0.0,0.0,0.006990525182520917,6.9905251825209165,1.0461678069379212
5.33168,0.0,0.0,0.006990525182520917,6.9905251825209165,1.0461678069379212
5.35126,0.0,0.0,0.006990525182520917,6.9905251825209165,1.0461678069379212
5.36132,0.0,0.0,0.006990525182520917,6.9905251825209165,1.0461678069379212
5.37154,0.0,0.0,0.006990525182520917,6.9905251825209165,1.0461678069379212
5.3816,0.0,0.0,0.006990525182520917,6.9905251825209165,1.0461678069379212
5.40118,0.0,0.0,0.006990525182520917,6.9905251825209165,1.0461678069379212
5.41125,0.0,0.0,0.006990525182520917,6.9905251825209165,1.0477036966796762
5.4218,0.0,0.0,0.006990525182520917,6.9905251825209165,1.0461678069379212
5.44143,0.0,0.0,0.006990525182520917,6.9905251825209165,1.0477036966796762
5.46102,0.0,0.0,0.006990525182520917,6.9905251825209165,1.0461678069379212
5.47107,0.0,0.0,0.006990525182520917,6.9905251825209165,1.0461678069379212
5.4813,0.0,0.0,0.006990525182520917,6.9905251825209165,1.0477036966796762
5.49135,0.0,0.0,0.006990525182520917,6.9905251825209165,1.044649370488686
5.51094,0.0,0.0,0.006990525182520917,6.9905251825209165,1.0461678069379212
5.52099,0.0,0.0,0.006990525182520917,6.9905251825209165,1.0461678069379212
5.53122,0.0,0.0,0.006990525182520917,6.9905251825209165,1.0461678069379212
5.54127,0.0,0.0,0.006990525182520917,6.9905251825209165,1.0461678069379212
5.55141,0.0,0.0,0.006990525182520917,6.9905251825209165,1.0461678069379212
5.571,0.0,0.0,0.006990525182520917,6.9905251825209165,1.0461678069379212
5.58105,0.0,0.0,0.006990525182520917,6.9905251825209165,1.0461678069379212
5.59128,0.0,0.0,0.006990525182520917,6.9905251825209165,1.0461678069379212
5.60133,0.0,0.0,0.006990525182520917,6.9905251825209165,1.0461678069379212
5.62092,0.0,0.0,0.006990525182520917,6.9905251825209165,1.0477036966796762
5.63097,0.0,0.0,0.006990525182520917,6.9905251825209165,1.0461678069379212
5.6412,0.0,0.0,0.006990525182520917,6.9905251825209165,1.0477036966796762
5.66061,0.0,0.0,0.006990525182520917,6.9905251825209165,1.044649370488686
5.67084,0.0,0.0,0.006990525182520917,6.9905251825209165,1.044649370488686
5.68215,0.0,0.0,0.006990525182520917,6.9905251825209165,1.0461678069379212
5.70102,0.0,0.0,0.006990525182520917,6.9905251825209165,1.0461678069379212
5.7206,0.0,0.0,0.006990525182520917,6.9905251825209165,1.0461678069379212
5.73066,0.0,0.0,0.006990525182520917,6.9905251825209165,1.0477036966796762
5.74088,0.0,0.0,0.006990525182520917,6.9905251825209165,1.044649370488686
5.75094,0.0,0.0,0.006990525182520917,6.9905251825209165,1.0461678069379212
5.77052,0.0,0.0,0.006990525182520917,6.9905251825209165,1.0461678069379212
5.78058,0.0,0.0,0.006990525182520917,6.9905251825209165,1.0461678069379212
5.7908,0.0,0.0,0.006990525182520917,6.9905251825209165,1.0461678069379212
5.80086,0.0,0.0,0.006990525182520917,6.9905251825209165,1.0461678069379212
5.81091,0.0,0.0,0.006990525182520917,6.9905251825209165,1.0461678069379212
5.83055,0.0,0.0,0.006990525182520917,6.9905251825209165,1.0461678069379212
5.8406,0.0,0.0,0.006990525182520917,6.9905251825209165,1.0461678069379212
5.85083,0.0,0.0,0.006990525182520917,6.9905251825209165,1.0477036966796762
5.86088,0.0,0.0,0.006990525182520917,6.9905251825209165,1.0461678069379212
5.88047,0.0,0.0,0.006990525182520917,6.9905251825209165,1.0461678069379212
5.89052,0.0,0.0,0.006990525182520917,6.9905251825209165,1.0461678069379212
5.90076,0.0,0.0,0.006990525182520917,6.9905251825209165,1.0461678069379212
5.92016,0.0,0.0,0.006990525182520917,6.9905251825209165,1.0461678069379212
5.93039,0.0,0.0,0.006990525182520917,6.9905251825209165,1.0461678069379212
5.94044,0.0,0.0,0.006990525182520917,6.9905251825209165,1.0461678069379212
5.95067,0.0,0.0,0.006990525182520917,6.9905251825209165,1.0461678069379212
5.97008,0.0,0.0,0.006990525182520917,6.9905251825209165,1.0461678069379212
5.98031,0.0,0.0,0.006990525182520917,6.9905251825209165,1.049239586421431
5.99036,0.0,0.0,0.006990525182520917,6.9905251825209165,1.0461678069379212
6.00059,0.0,0.0,0.006990525182520917,6.9905251825209165,1.0461678069379212
6.02,0.0,0.0,0.006990525182520917,6.9905251825209165,1.0477036966796762
6.03023,0.0,0.0,0.006990525182520917,6.9905251825209165,1.0461678069379212
6.04028,0.0,0.0,0.006990525182520917,6.9905251825209165,1.0461678069379212
6.05051,0.0,0.0,0.006990525182520917,6.9905251825209165,1.0461678069379212
6.06051,0.0,0.0,0.006990525182520917,6.9905251825209165,1.0461678069379212
6.07994,0.0,0.0,0.006990525182520917,6.9905251825209165,1.0461678069379212
6.09017,0.0,0.0,0.006990525182520917,6.9905251825209165,1.044649370488686
6.10022,0.0,0.0,0.006990525182520917,6.9905251825209165,1.0477036966796762
6.11981,0.0,0.0,0.006990525182520917,6.9905251825209165,1.0461678069379212
6.12986,0.0,0.0,0.006990525182520917,6.9905251825209165,1.0461678069379212
6.14009,0.0,0.0,0.006990525182520917,6.9905251825209165,1.0461678069379212
6.15014,0.0,0.0,0.006990525182520917,6.9905251825209165,1.0477036966796762
6.16973,0.0,0.0,0.006990525182520917,6.9905251825209165,1.0461678069379212
6.17978,0.0,0.0,0.006990525182520917,6.9905251825209165,1.0461678069379212
6.18992,0.0,0.0,0.006990525182520917,6.9905251825209165,1.0461678069379212
6.20015,0.0,0.0,0.006990525182520917,6.9905251825209165,1.0461678069379212
6.2102,0.0,0.0,0.006990525182520917,6.9905251825209165,1.0461678069379212
6.22979,0.0,0.0,0.006990525182520917,6.9905251825209165,1.0461678069379212
6.23984,0.0,0.0,0.006990525182520917,6.9905251825209165,1.0477036966796762
6.25007,0.0,0.0,0.006990525182520917,6.9905251825209165,1.0477036966796762
6.26012,0.0,0.0,0.006990525182520917,6.9905251825209165,1.0461678069379212
6.27971,0.0,0.0,0.006990525182520917,6.9905251825209165,1.0461678069379212
6.28976,0.0,0.0,0.006990525182520917,6.9905251825209165,1.0461678069379212
6.29999,0.0,0.0,0.006990525182520917,6.9905251825209165,1.0461678069379212
6.31,0.0,0.0,0.006990525182520917,6.9905251825209165,1.0461678069379212
6.32951,0.0,0.0,0.006990525182520917,6.9905251825209165,1.0461678069379212
6.33956,0.0,0.0,0.006990525182520917,6.9905251825209165,1.0461678069379212
6.34979,0.0,0.0,0.006990525182520917,6.9905251825209165,1.0461678069379212
6.35984,0.0,0.0,0.006990525182520917,6.9905251825209165,1.0461678069379212
6.37943,0.0,0.0,0.006990525182520917,6.9905251825209165,1.0461678069379212
6.38948,0.0,0.0,0.006990525182520917,6.9905251825209165,1.0461678069379212
6.39971,0.0,0.0,0.006990525182520917,6.9905251825209165,1.0461678069379212
6.40976,0.0,0.0,0.006990525182520917,6.9905251825209165,1.0477036966796762
6.42935,0.0,0.0,0.006990525182520917,6.9905251825209165,1.0461678069379212
6.4394,0.0,0.0,0.006990525182520917,6.9905251825209165,1.0461678069379212
6.44963,0.0,0.0,0.006990525182520917,6.9905251825209165,1.044649370488686
6.45968,0.0,0.0,0.006990525182520917,6.9905251825209165,1.0477036966796762
6.47928,0.0,0.0,0.006990525182520917,6.9905251825209165,1.0461678069379212
6.48932,0.0,0.0,0.006990525182520917,6.9905251825209165,1.0477036966796762
6.49955,0.0,0.0,0.006990525182520917,6.9905251825209165,1.0461678069379212
6.5096,0.0,0.0,0.006990525182520917,6.9905251825209165,1.0461678069379212
6.52919,0.0,0.0,0.006990525182520917,6.9905251825209165,1.0461678069379212
6.53924,0.0,0.0,0.006990525182520917,6.9905251825209165,1.0461678069379212
6.54947,0.0,0.0,0.006990525182520917,6.9905251825209165,1.0477036966796762
6.55964,0.0,0.0,0.006990525182520917,6.9905251825209165,1.0461678069379212
6.57892,0.0,0.0,0.006990525182520917,6.9905251825209165,1.0461678069379212
6.58915,0.0,0.0,0.006990525182520917,6.9905251825209165,1.0461678069379212
6.59921,0.0,0.0,0.006990525182520917,6.9905251825209165,1.0461678069379212
6.60943,0.0,0.0,0.006990525182520917,6.9905251825209165,1.0461678069379212
6.61948,0.0,0.0,0.006990525182520917,6.9905251825209165,1.0461678069379212
6.63907,0.0,0.0,0.006990525182520917,6.9905251825209165,1.0477036966796762
6.64912,0.0,0.0,0.006990525182520917,6.9905251825209165,1.0461678069379212
6.65935,0.0,0.0,0.006990525182520917,6.9905251825209165,1.0461678069379212
6.6694,0.0,0.0,0.006990525182520917,6.9905251825209165,1.0461678069379212
6.6889,0.0,0.0,0.006990525182520917,6.9905251825209165,1.0461678069379212
6.69913,0.0,0.0,0.006990525182520917,6.9905251825209165,1.044649370488686
6.70918,0.0,0.0,0.006990525182520917,6.9905251825209165,1.0477036966796762
6.72877,0.0,0.0,0.006990525182520917,6.9905251825209165,1.0461678069379212
6.73882,0.0,0.0,0.006990525182520917,6.9905251825209165,1.0461678069379212
6.74905,0.0,0.0,0.006990525182520917,6.9905251825209165,1.0461678069379212
6.7591,0.0,0.0,0.006990525182520917,6.9905251825209165,1.0477036966796762
6.77869,0.0,0.0,0.006990525182520917,6.9905251825209165,1.0461678069379212
6.78874,0.0,0.0,0.006990525182520917,6.9905251825209165,1.0477036966796762
6.79897,0.0,0.0,0.006990525182520917,6.9905251825209165,1.0461678069379212
6.80918,0.0,0.0,0.006990525182520917,6.9905251825209165,1.0461678069379212
6.81919,0.0,0.0,0.006990525182520917,6.9905251825209165,1.0461678069379212
6.8386,0.0,0.0,0.006990525182520917,6.9905251825209165,1.0461678069379212
6.84883,0.0,0.0,0.006990525182520917,6.9905251825209165,1.0461678069379212
6.85888,0.0,0.0,0.006990525182520917,6.9905251825209165,1.0461678069379212
6.86911,0.0,0.0,0.006990525182520917,6.9905251825209165,1.0477036966796762
6.88852,0.0,0.0,0.006990525182520917,6.9905251825209165,1.0461678069379212
6.89875,0.0,0.0,0.006990525182520917,6.9905251825209165,1.0461678069379212
6.9088,0.0,0.0,0.006990525182520917,6.9905251825209165,1.0461678069379212
6.91903,0.0,0.0,0.006990525182520917,6.9905251825209165,1.044649370488686
6.93853,0.0,0.0,0.006990525182520917,6.9905251825209165,1.0461678069379212
6.94858,0.0,0.0,0.006990525182520917,6.9905251825209165,1.0461678069379212
6.95881,0.0,0.0,0.006990525182520917,6.9905251825209165,1.0461678069379212
6.96886,0.0,0.0,0.006990525182520917,6.9905251825209165,1.0461678069379212
6.98845,0.0,0.0,0.006990525182520917,6.9905251825209165,1.0477036966796762
6.9985,0.0,0.0,0.006990525182520917,6.9905251825209165,1.0477036966796762
7.00873,0.0,0.0,0.006990525182520917,6.9905251825209165,1.0461678069379212
7.01878,0.0,0.0,0.006990525182520917,6.9905251825209165,1.0477036966796762
7.03837,0.0,0.0,0.006990525182520917,6.9905251825209165,1.0477036966796762
7.04842,0.0,0.0,0.006990525182520917,6.9905251825209165,1.0461678069379212
7.05877,0.0,0.0,0.006990525182520917,6.9905251825209165,1.0477036966796762
7.07817,0.0,0.0,0.006990525182520917,6.9905251825209165,1.0461678069379212
7.08822,0.0,0.0,0.006990525182520917,6.9905251825209165,1.0477036966796762
7.09845,0.0,0.0,0.006990525182520917,6.9905251825209165,1.0477036966796762
7.1085,0.0,0.0,0.006990525182520917,6.9905251825209165,1.0461678069379212
7.12809,0.0,0.0,0.006990525182520917,6.9905251825209165,1.0461678069379212
7.13814,0.0,0.0,0.006990525182520917,6.9905251825209165,1.0461678069379212
7.14837,0.0,0.0,0.006990525182520917,6.9905251825209165,1.0461678069379212
7.15842,0.0,0.0,0.006990525182520917,6.9905251825209165,1.0461678069379212
7.17801,0.0,0.0,0.006990525182520917,6.9905251825209165,1.0477036966796762
7.18815,0.0,0.0,0.006990525182520917,6.9905251825209165,1.0477036966796762
7.1982,0.0,0.0,0.006990525182520917,6.9905251825209165,1.0477036966796762
7.20843,0.0,0.0,0.006990525182520917,6.9905251825209165,1.0461678069379212
7.21848,0.0,0.0,0.006990525182520917,6.9905251825209165,1.0461678069379212
7.23807,0.0,0.0,0.006990525182520917,6.9905251825209165,1.0461678069379212
7.24812,0.0,0.0,0.006990525182520917,6.9905251825209165,1.0461678069379212
7.25835,0.0,0.0,0.006990525182520917,6.9905251825209165,1.0461678069379212
7.2684,0.0,0.0,0.006990525182520917,6.9905251825209165,1.044649370488686
7.28799,0.0,0.0,0.006990525182520917,6.9905251825209165,1.0477036966796762
7.29804,0.0,0.0,0.006990525182520917,6.9905251825209165,1.0461678069379212
7.30827,0.0,0.0,0.006990525182520917,6.9905251825209165,1.0477036966796762
7.32778,0.0,0.0,0.006990525182520917,6.9905251825209165,1.0477036966796762
7.33784,0.0,0.0,0.006990525182520917,6.9905251825209165,1.044649370488686
7.34807,0.0,0.0,0.006990525182520917,6.9905251825209165,1.0477036966796762
7.35812,0.0,0.0,0.006990525182520917,6.9905251825209165,1.0461678069379212
7.3777,0.0,0.0,0.006990525182520917,6.9905251825209165,1.0461678069379212
7.38776,0.0,0.0,0.006990525182520917,6.9905251825209165,1.0461678069379212
7.39798,0.0,0.0,0.006990525182520917,6.9905251825209165,1.044649370488686
7.40804,0.0,0.0,0.006990525182520917,6.9905251825209165,1.0461678069379212
7.42762,0.0,0.0,0.006990525182520917,6.9905251825209165,1.0461678069379212
7.43776,0.0,0.0,0.006990525182520917,6.9905251825209165,1.0477036966796762
7.44782,0.0,0.0,0.006990525182520917,6.9905251825209165,1.0477036966796762
7.45805,0.0,0.0,0.006990525182520917,6.9905251825209165,1.0461678069379212
7.47746,0.0,0.0,0.006990525182520917,6.9905251825209165,1.044649370488686
7.48768,0.0,0.0,0.006990525182520917,6.9905251825209165,1.0461678069379212
7.49774,0.0,0.0,0.006990525182520917,6.9905251825209165,1.0461678069379212
7.50797,0.0,0.0,0.006990525182520917,6.9905251825209165,1.0461678069379212
7.51802,0.0,0.0,0.006990525182520917,6.9905251825209165,1.0461678069379212
7.5376,0.0,0.0,0.006990525182520917,6.9905251825209165,1.0461678069379212
7.54766,0.0,0.0,0.006990525182520917,6.9905251825209165,1.0461678069379212
7.55911,0.0,0.0,0.006990525182520917,6.9905251825209165,1.0461678069379212
7.5772,0.0,0.0,0.006990525182520917,6.9905251825209165,1.0461678069379212
7.58743,0.0,0.0,0.006990525182520917,6.9905251825209165,1.0461678069379212
7.59748,0.0,0.0,0.006990525182520917,6.9905251825209165,1.0477036966796762
7.60771,0.0,0.0,0.006990525182520917,6.9905251825209165,1.0477036966796762
7.61776,0.0,0.0,0.006990525182520917,6.9905251825209165,1.0461678069379212
7.63735,0.0,0.0,0.006990525182520917,6.9905251825209165,1.0477036966796762
7.6474,0.0,0.0,0.006990525182520917,6.9905251825209165,1.0461678069379212
7.65763,0.0,0.0,0.006990525182520917,6.9905251825209165,1.0461678069379212
7.66768,0.0,0.0,0.006990525182520917,6.9905251825209165,1.0477036966796762
7.68718,0.0,0.0,0.006990525182520917,6.9905251825209165,1.0477036966796762
7.69741,0.0,0.0,0.006990525182520917,6.9905251825209165,1.0461678069379212
7.70746,0.0,0.0,0.006990525182520917,6.9905251825209165,1.044649370488686
7.72705,0.0,0.0,0.006990525182520917,6.9905251825209165,1.0477036966796762
7.7371,0.0,0.0,0.006990525182520917,6.9905251825209165,1.0477036966796762
7.74733,0.0,0.0,0.006990525182520917,6.9905251825209165,1.0461678069379212
7.75738,0.0,0.0,0.006990525182520917,6.9905251825209165,1.0461678069379212
7.77697,0.0,0.0,0.006990525182520917,6.9905251825209165,1.0461678069379212
7.78702,0.0,0.0,0.006990525182520917,6.9905251825209165,1.0461678069379212
7.79725,0.0,0.0,0.006990525182520917,6.9905251825209165,1.0461678069379212
7.8075,0.0,0.0,0.006990525182520917,6.9905251825209165,1.0461678069379212
7.82707,0.0,0.0,0.006990525182520917,6.9905251825209165,1.0461678069379212
7.8373,0.0,0.0,0.006990525182520917,6.9905251825209165,1.0477036966796762
7.84735,0.0,0.0,0.006990525182520917,6.9905251825209165,1.0461678069379212
7.86694,0.0,0.0,0.006990525182520917,6.9905251825209165,1.0461678069379212
7.87699,0.0,0.0,0.006990525182520917,6.9905251825209165,1.0461678069379212
7.88722,0.0,0.0,0.006990525182520917,6.9905251825209165,1.0461678069379212
7.89727,0.0,0.0,0.006990525182520917,6.9905251825209165,1.0477036966796762
7.91686,0.0,0.0,0.006990525182520917,6.9905251825209165,1.0477036966796762
7.92691,0.0,0.0,0.006990525182520917,6.9905251825209165,1.0461678069379212
7.93714,0.0,0.0,0.006990525182520917,6.9905251825209165,1.0461678069379212
7.94719,0.0,0.0,0.006990525182520917,6.9905251825209165,1.0461678069379212
7.96678,0.0,0.0,0.006990525182520917,6.9905251825209165,1.0461678069379212
7.97683,0.0,0.0,0.006990525182520917,6.9905251825209165,1.0461678069379212
7.98706,0.0,0.0,0.006990525182520917,6.9905251825209165,1.0461678069379212
7.99711,0.0,0.0,0.006990525182520917,6.9905251825209165,1.0477036966796762
8.0167,0.0,0.0,0.006990525182520917,6.9905251825209165,1.0461678069379212
8.02675,0.0,0.0,0.006990525182520917,6.9905251825209165,1.0461678069379212
8.03698,0.0,0.0,0.006990525182520917,6.9905251825209165,1.0461678069379212
8.04703,0.0,0.0,0.006990525182520917,6.9905251825209165,1.0477036966796762
8.05751,0.0,0.0,0.006990525182520917,6.9905251825209165,1.0477036966796762
8.0763,0.0,0.0,0.006990525182520917,6.9905251825209165,1.0461678069379212
8.08653,0.0,0.0,0.006990525182520917,6.9905251825209165,1.0461678069379212
8.09658,0.0,0.0,0.006990525182520917,6.9905251825209165,1.0477036966796762
8.1068,0.0,0.0,0.006990525182520917,6.9905251825209165,1.0461678069379212
8.11686,0.0,0.0,0.006990525182520917,6.9905251825209165,1.0461678069379212
8.13645,0.0,0.0,0.006990525182520917,6.9905251825209165,1.0461678069379212
8.1465,0.0,0.0,0.006990525182520917,6.9905251825209165,1.0477036966796762
8.15672,0.0,0.0,0.006990525182520917,6.9905251825209165,1.0461678069379212
8.16678,0.0,0.0,0.006990525182520917,6.9905251825209165,1.0477036966796762
8.18618,0.0,0.0,0.006990525182520917,6.9905251825209165,1.0461678069379212
8.19641,0.0,0.0,0.006990525182520917,6.9905251825209165,1.0461678069379212
8.20646,0.0,0.0,0.006990525182520917,6.9905251825209165,1.0461678069379212
8.21669,0.0,0.0,0.006990525182520917,6.9905251825209165,1.0461678069379212
8.22676,0.0,0.0,0.006990525182520917,6.9905251825209165,1.0477036966796762
8.24633,0.0,0.0,0.006990525182520917,6.9905251825209165,1.044649370488686
8.25638,0.0,0.0,0.006990525182520917,6.9905251825209165,1.0477036966796762
8.26661,0.0,0.0,0.006990525182520917,6.9905251825209165,1.0477036966796762
8.27666,0.0,0.0,0.006990525182520917,6.9905251825209165,1.0477036966796762
8.29625,0.0,0.0,0.006990525182520917,6.9905251825209165,1.0461678069379212
8.30639,0.0,0.0,0.006990525182520917,6.9905251825209165,1.0461678069379212
8.31644,0.0,0.0,0.006990525182520917,6.9905251825209165,1.0461678069379212
8.33603,0.0,0.0,0.006990525182520917,6.9905251825209165,1.0461678069379212
8.34608,0.0,0.0,0.006990525182520917,6.9905251825209165,1.0461678069379212
8.35631,0.0,0.0,0.006990525182520917,6.9905251825209165,1.0461678069379212
8.36636,0.0,0.0,0.006990525182520917,6.9905251825209165,1.0461678069379212
8.38595,0.0,0.0,0.006990525182520917,6.9905251825209165,1.0461678069379212
8.396,0.0,0.0,0.006990525182520917,6.9905251825209165,1.0461678069379212
8.40623,0.0,0.0,0.006990525182520917,6.9905251825209165,1.0461678069379212
8.41628,0.0,0.0,0.006990525182520917,6.9905251825209165,1.0461678069379212
8.42643,0.0,0.0,0.006990525182520917,6.9905251825209165,1.0477036966796762
8.44585,0.0,0.0,0.006990525182520917,6.9905251825209165,1.0461678069379212
8.45607,0.0,0.0,0.006990525182520917,6.9905251825209165,1.044649370488686
8.46612,0.0,0.0,0.006990525182520917,6.9905251825209165,1.0461678069379212
8.47635,0.0,0.0,0.006990525182520917,6.9905251825209165,1.0477036966796762
8.49576,0.0,0.0,0.006990525182520917,6.9905251825209165,1.0461678069379212
8.50599,0.0,0.0,0.006990525182520917,6.9905251825209165,1.0477036966796762
8.51605,0.0,0.0,0.006990525182520917,6.9905251825209165,1.0477036966796762
8.52627,0.0,0.0,0.006990525182520917,6.9905251825209165,1.0461678069379212
8.54568,0.0,0.0,0.006990525182520917,6.9905251825209165,1.0461678069379212
8.55583,0.0,0.0,0.006990525182520917,6.9905251825209165,1.0461678069379212
8.56605,0.0,0.0,0.006990525182520917,6.9905251825209165,1.0461678069379212
8.57611,0.0,0.0,0.006990525182520917,6.9905251825209165,1.0461678069379212
8.59569,0.0,0.0,0.006990525182520917,6.9905251825209165,1.0461678069379212
8.60575,0.0,0.0,0.006990525182520917,6.9905251825209165,1.0461678069379212
8.61597,0.0,0.0,0.006990525182520917,6.9905251825209165,1.0461678069379212
8.62603,0.0,0.0,0.006990525182520917,6.9905251825209165,1.0461678069379212
8.64561,0.0,0.0,0.006990525182520917,6.9905251825209165,1.0461678069379212
8.65567,0.0,0.0,0.006990525182520917,6.9905251825209165,1.0477036966796762
8.66589,0.0,0.0,0.006990525182520917,6.9905251825209165,1.0477036966796762
8.67599,0.0,0.0,0.006990525182520917,6.9905251825209165,1.0461678069379212
8.69528,0.0,0.0,0.006990525182520917,6.9905251825209165,1.0461678069379212
8.70551,0.0,0.0,0.006990525182520917,6.9905251825209165,1.0461678069379212
8.71556,0.0,0.0,0.006990525182520917,6.9905251825209165,1.0477036966796762
8.72579,0.0,0.0,0.006990525182520917,6.9905251825209165,1.0477036966796762
8.73584,0.0,0.0,0.006990525182520917,6.9905251825209165,1.0461678069379212
8.75543,0.0,0.0,0.006990525182520917,6.9905251825209165,1.0461678069379212
8.76548,0.0,0.0,0.006990525182520917,6.9905251825209165,1.0461678069379212
8.77571,0.0,0.0,0.006990525182520917,6.9905251825209165,1.0477036966796762
8.78576,0.0,0.0,0.006990525182520917,6.9905251825209165,1.0461678069379212
8.80526,0.0,0.0,0.006990525182520917,6.9905251825209165,1.0461678069379212
8.81549,0.0,0.0,0.006990525182520917,6.9905251825209165,1.0461678069379212
8.82554,0.0,0.0,0.006990525182520917,6.9905251825209165,1.0477036966796762
8.83577,0.0,0.0,0.006990525182520917,6.9905251825209165,1.0461678069379212
8.85518,0.0,0.0,0.006990525182520917,6.9905251825209165,1.0477036966796762
8.86541,0.0,0.0,0.006990525182520917,6.9905251825209165,1.0461678069379212
8.87546,0.0,0.0,0.006990525182520917,6.9905251825209165,1.0461678069379212
8.88569,0.0,0.0,0.006990525182520917,6.9905251825209165,1.0461678069379212
8.9051,0.0,0.0,0.006990525182520917,6.9905251825209165,1.0461678069379212
8.91533,0.0,0.0,0.006990525182520917,6.9905251825209165,1.0461678069379212
8.92547,0.0,0.0,0.006990525182520917,6.9905251825209165,1.0477036966796762
8.93549,0.0,0.0,0.006990525182520917,6.9905251825209165,1.0461678069379212
8.94554,0.0,0.0,0.006990525182520917,6.9905251825209165,1.0461678069379212
8.96513,0.0,0.0,0.006990525182520917,6.9905251825209165,1.0461678069379212
8.97518,0.0,0.0,0.006990525182520917,6.9905251825209165,1.0461678069379212
8.98541,0.0,0.0,0.006990525182520917,6.9905251825209165,1.0461678069379212
8.99546,0.0,0.0,0.006990525182520917,6.9905251825209165,1.0477036966796762
9.01505,0.0,0.0,0.006990525182520917,6.9905251825209165,1.0477036966796762
9.0251,0.0,0.0,0.006990525182520917,6.9905251825209165,1.0461678069379212
9.03533,0.0,0.0,0.006990525182520917,6.9905251825209165,1.044649370488686
9.04538,0.0,0.0,0.006990525182520917,6.9905251825209165,1.0461678069379212
9.06497,0.0,0.0,0.006990525182520917,6.9905251825209165,1.0461678069379212
9.07502,0.0,0.0,0.006990525182520917,6.9905251825209165,1.0461678069379212
9.08525,0.0,0.0,0.006990525182520917,6.9905251825209165,1.0461678069379212
9.0953,0.0,0.0,0.006990525182520917,6.9905251825209165,1.0461678069379212
9.11489,0.0,0.0,0.006990525182520917,6.9905251825209165,1.0461678069379212
9.12494,0.0,0.0,0.006990525182520917,6.9905251825209165,1.0461678069379212
9.13517,0.0,0.0,0.006990525182520917,6.9905251825209165,1.0477036966796762
9.15458,0.0,0.0,0.006990525182520917,6.9905251825209165,1.0477036966796762
9.16481,0.0,0.0,0.006990525182520917,6.9905251825209165,1.0461678069379212
9.1751,0.0,0.0,0.006990525182520917,6.9905251825209165,1.0477036966796762
9.19503,0.0,0.0,0.006990525182520917,6.9905251825209165,1.0477036966796762
9.21462,0.0,0.0,0.006990525182520917,6.9905251825209165,1.0477036966796762
9.22468,0.0,0.0,0.006990525182520917,6.9905251825209165,1.0461678069379212
9.2349,0.0,0.0,0.006990525182520917,6.9905251825209165,1.0477036966796762
9.24496,0.0,0.0,0.006990525182520917,6.9905251825209165,1.0461678069379212
9.26454,0.0,0.0,0.006990525182520917,6.9905251825209165,1.0477036966796762
9.2746,0.0,0.0,0.006990525182520917,6.9905251825209165,1.0461678069379212
9.28482,0.0,0.0,0.006990525182520917,6.9905251825209165,1.0461678069379212
9.29488,0.0,0.0,0.006990525182520917,6.9905251825209165,1.0477036966796762
9.31437,0.0,0.0,0.006990525182520917,6.9905251825209165,1.0461678069379212
9.3246,0.0,0.0,0.006990525182520917,6.9905251825209165,1.0477036966796762
9.33465,0.0,0.0,0.006990525182520917,6.9905251825209165,1.0477036966796762
9.34488,0.0,0.0,0.006990525182520917,6.9905251825209165,1.0461678069379212
9.3643,0.0,0.0,0.006990525182520917,6.9905251825209165,1.0461678069379212
9.37452,0.0,0.0,0.006990525182520917,6.9905251825209165,1.0461678069379212
9.38457,0.0,0.0,0.006990525182520917,6.9905251825209165,1.0461678069379212
9.3948,0.0,0.0,0.006990525182520917,6.9905251825209165,1.0461678069379212
9.41422,0.0,0.0,0.006990525182520917,6.9905251825209165,1.044649370488686
9.42444,0.0,0.0,0.006990525182520917,6.9905251825209165,1.0461678069379212
9.43567,0.0,0.0,0.006990525182520917,6.9905251825209165,1.0461678069379212
9.45455,0.0,0.0,0.006990525182520917,6.9905251825209165,1.0461678069379212
9.4646,0.0,0.0,0.006990525182520917,6.9905251825209165,1.0461678069379212
9.48419,0.0,0.0,0.006990525182520917,6.9905251825209165,1.0461678069379212
9.49424,0.0,0.0,0.006990525182520917,6.9905251825209165,1.0477036966796762
9.50447,0.0,0.0,0.006990525182520917,6.9905251825209165,1.0461678069379212
9.51452,0.0,0.0,0.006990525182520917,6.9905251825209165,1.0461678069379212
9.53411,0.0,0.0,0.006990525182520917,6.9905251825209165,1.0461678069379212
9.54416,0.0,0.0,0.006990525182520917,6.9905251825209165,1.0461678069379212
9.55439,0.0,0.0,0.006990525182520917,6.9905251825209165,1.0461678069379212
9.56444,0.0,0.0,0.006990525182520917,6.9905251825209165,1.0477036966796762
9.58403,0.0,0.0,0.006990525182520917,6.9905251825209165,1.0461678069379212
9.59408,0.0,0.0,0.006990525182520917,6.9905251825209165,1.0477036966796762
9.60431,0.0,0.0,0.006990525182520917,6.9905251825209165,1.0461678069379212
9.61436,0.0,0.0,0.006990525182520917,6.9905251825209165,1.0461678069379212
9.63395,0.0,0.0,0.006990525182520917,6.9905251825209165,1.0461678069379212
9.644,0.0,0.0,0.006990525182520917,6.9905251825209165,1.044649370488686
9.65423,0.0,0.0,0.006990525182520917,6.9905251825209165,1.0477036966796762
9.66428,0.0,0.0,0.006990525182520917,6.9905251825209165,1.044649370488686
9.68387,0.0,0.0,0.006990525182520917,6.9905251825209165,1.0477036966796762
9.69413,0.0,0.0,0.006990525182520917,6.9905251825209165,1.0477036966796762
9.71371,0.0,0.0,0.006990525182520917,6.9905251825209165,1.0461678069379212
9.72394,0.0,0.0,0.006990525182520917,6.9905251825209165,1.0461678069379212
9.73399,0.0,0.0,0.006990525182520917,6.9905251825209165,1.0477036966796762
9.75358,0.0,0.0,0.006990525182520917,6.9905251825209165,1.0461678069379212
9.76363,0.0,0.0,0.006990525182520917,6.9905251825209165,1.0461678069379212
9.77386,0.0,0.0,0.006990525182520917,6.9905251825209165,1.0477036966796762
9.78391,0.0,0.0,0.006990525182520917,6.9905251825209165,1.0461678069379212
9.8035,0.0,0.0,0.006990525182520917,6.9905251825209165,1.0461678069379212
9.81357,0.0,0.0,0.006990525182520917,6.9905251825209165,1.0461678069379212
9.82378,0.0,0.0,0.006990525182520917,6.9905251825209165,1.0477036966796762
9.83383,0.0,0.0,0.006990525182520917,6.9905251825209165,1.0461678069379212
9.85341,0.0,0.0,0.006990525182520917,6.9905251825209165,1.0461678069379212
9.86347,0.0,0.0,0.006990525182520917,6.9905251825209165,1.0461678069379212
9.8737,0.0,0.0,0.006990525182520917,6.9905251825209165,1.0477036966796762
9.88375,0.0,0.0,0.006990525182520917,6.9905251825209165,1.0461678069379212
9.90334,0.0,0.0,0.006990525182520917,6.9905251825209165,1.0461678069379212
9.91339,0.0,0.0,0.006990525182520917,6.9905251825209165,1.0461678069379212
9.92362,0.0,0.0,0.006990525182520917,6.9905251825209165,1.0461678069379212
9.93367,0.0,0.0,0.006990525182520917,6.9905251825209165,1.0477036966796762
9.94413,0.0,0.0,0.006990525182520917,6.9905251825209165,1.044649370488686
9.96373,0.0,0.0,0.006990525182520917,6.9905251825209165,1.0461678069379212
9.98331,0.0,0.0,0.006990525182520917,6.9905251825209165,1.0461678069379212
9.99337,0.0,0.0,0.006990525182520917,6.9905251825209165,1.0461678069379212
