t_s,enc_deg,acc_deg,a_belt,v_belt,a_raw_x,a_raw_y,a_raw_z,cmd_sps,cmd_dir,cmd_vel
0.013104,196.6992,0.000000,-1.090559,-1.051276,-0.022146,-1.106121,4.836287,82.62,1,82.62
0.023178,196.7871,0.087891,-0.608127,-1.057402,-0.034117,-0.623690,4.850653,147.38,1,147.38
0.033125,196.6992,0.000000,-0.646434,-1.063832,-0.022146,-0.665588,4.865018,213.10,1,213.10
0.043075,196.7871,0.087891,-0.400430,-1.067816,0.008380,-0.417190,4.868011,279.72,1,279.72
0.053022,196.8750,0.175781,-0.371700,-1.071514,-0.008380,-0.391452,4.940435,347.13,1,347.13
0.062985,196.8750,0.175781,-0.200514,-1.073511,-0.019752,-0.219069,4.897938,408.41,1,408.41
0.073068,196.8750,0.175781,-0.159214,-1.075117,-0.001796,-0.178967,4.954202,483.96,1,483.96
0.083016,192.1289,-4.570312,-0.466271,-1.079755,-0.014964,-0.482432,4.871003,553.16,1,553.16
0.092965,184.9219,-11.777344,-0.637456,-1.086097,-0.043694,-0.666785,4.933851,615.76,1,615.76
0.102913,177.8027,-18.896484,-0.374094,-1.089818,0.034716,-0.402824,4.794389,685.54,1,685.54
0.112998,170.3320,-26.367187,-0.266953,-1.092511,-0.017358,-0.296881,4.958392,755.43,1,755.43
0.122954,163.4766,-33.222656,-0.133477,-1.093840,0.017957,-0.167594,4.866814,825.30,1,825.30
0.132906,156.7969,-39.902344,-0.187945,-1.095710,0.025139,-0.224456,4.897339,894.98,1,894.98
0.142856,150.5566,-46.142578,-0.083797,-1.096544,-0.020351,-0.120907,4.882974,964.33,1,964.33
0.152940,139.8340,-56.865234,-1.116895,-1.107806,-0.027533,-1.152210,4.842273,1033.16,1,1033.16
0.162886,129.2871,-67.412109,-0.814627,-1.115910,-0.084994,-0.873285,4.911106,1101.30,1,1101.30
0.172842,119.9707,-76.728516,-0.514155,-1.121028,0.001197,-0.567426,4.836287,1168.58,1,1168.58
0.182792,111.3574,-85.341797,-0.344166,-1.124453,-0.037110,-0.407613,4.915895,1234.79,1,1234.79
0.192875,103.4473,-93.251953,-0.340575,-1.127887,-0.018555,-0.390853,4.866215,1299.75,1,1299.75
0.202823,95.8008,-100.898437,-0.158616,-1.129465,0.028132,-0.215478,4.884171,1363.24,1,1363.24
0.212774,88.6816,-108.017578,-0.020949,-1.129673,0.014365,-0.073622,4.853047,1425.06,1,1425.06
0.222732,78.4863,-118.212891,-0.828394,-1.137922,-0.011372,-0.881066,4.896741,1484.99,1,1484.99
0.232683,67.7637,-128.935547,-0.656011,-1.144450,-0.064643,-0.733224,4.936245,1542.80,1,1542.80
0.242770,56.3379,-140.361328,-0.404620,-1.148531,0.008978,-0.474052,4.850653,1598.27,1,1598.27
0.252719,44.5605,-152.138672,-0.295085,-1.151467,-0.035314,-0.372298,4.931457,1651.17,1,1651.17
0.262668,32.4316,-164.267578,-0.071826,-1.152182,-0.016161,-0.148441,4.896142,1701.27,1,1701.27
0.272618,19.5117,-177.187500,-0.085593,-1.153033,0.005387,-0.156222,4.860229,1748.32,1,1748.32
0.282605,6.4160,-190.283203,-0.019752,-1.153231,-0.018555,-0.092775,4.865616,1792.09,1,1792.09
0.292690,353.1445,-203.554687,-0.013767,-1.153370,0.033519,-0.084994,4.865018,1832.35,1,1832.35
0.302639,340.2246,-216.474609,-0.074819,-1.154114,-0.028730,-0.151433,4.878186,1868.85,1,1868.85
0.312589,327.6562,-229.042969,-0.095170,-1.155061,0.004788,-0.168791,4.866215,1901.36,1,1901.36
0.322539,315.7031,-240.996094,0.010774,-1.154954,0.010175,-0.062249,4.907515,1929.64,1,1929.64
0.332629,304.2773,-252.421875,0.023343,-1.154718,-0.009577,-0.045490,4.904522,1953.47,1,1953.47
0.342578,293.1152,-263.583984,-0.041300,-1.155129,-0.008380,-0.114922,4.919486,1972.62,1,1972.62
0.352531,282.2168,-274.482422,0.169988,-1.153437,-0.016759,0.099359,4.933253,1986.88,1,1986.88
0.362482,271.2305,-285.468750,0.004788,-1.153390,-0.003591,-0.062249,4.909909,1996.03,1,1996.03
0.372567,259.3652,-297.333984,0.101155,-1.152369,-0.031723,0.032322,4.914099,1999.88,1,1999.88
0.382521,246.7090,-309.990234,-0.191536,-1.154276,-0.028730,-0.260968,4.953603,1998.25,1,1998.25
0.392473,232.1191,-324.580078,-0.077213,-1.155044,-0.029329,-0.149638,4.923077,1990.95,1,1990.95
0.402423,214.7168,-341.982422,-0.028730,-1.155330,-0.014365,-0.102352,4.933851,1977.82,1,1977.82
0.412506,194.5898,-362.109375,0.189740,-1.153417,-0.008380,0.117316,4.932654,1958.74,1,1958.74
0.422457,173.1445,-383.554687,0.144251,-1.151981,0.017957,0.076016,4.887164,1933.56,1,1933.56
0.432413,153.1934,-403.505859,0.119112,-1.150796,-0.011971,0.047884,4.893748,1902.18,1,1902.18
0.442363,135.9668,-420.732422,0.013168,-1.150665,0.001197,-0.052074,4.897339,1864.53,1,1864.53
0.452312,121.2012,-435.498047,0.083797,-1.149831,-0.021548,0.007183,4.908712,1820.54,1,1820.54
0.462395,108.6328,-448.066406,0.125696,-1.148563,-0.002394,0.057461,4.893748,1770.17,1,1770.17
0.472344,97.1191,-459.580078,-0.047285,-1.149034,-0.009577,-0.114922,4.842872,1713.41,1,1713.41
0.482293,86.2207,-470.478516,0.104148,-1.147997,0.025738,0.044891,4.856040,1650.29,1,1650.29
0.492277,75.4102,-481.289062,0.034117,-1.147657,-0.016759,-0.031723,4.887164,1580.85,1,1580.85
0.502226,64.5117,-492.187500,0.147243,-1.146192,0.001197,0.086191,4.867412,1505.18,1,1505.18
0.512332,53.0859,-503.613281,0.099359,-1.145188,0.026336,0.036512,4.877587,1423.37,1,1423.37
0.522240,44.6484,-512.050781,0.988805,-1.135390,0.032920,0.923563,4.895544,1335.59,1,1335.59
0.532191,36.5625,-520.136719,0.804452,-1.127385,0.079607,0.766743,4.860828,1242.02,1,1242.02
0.542155,28.3008,-528.398438,0.532710,-1.122077,0.022146,0.484826,4.868609,1142.86,1,1142.86
0.552238,19.5996,-537.099609,0.418985,-1.117852,0.011372,0.374094,4.917092,1038.37,1,1038.37
0.562186,11.3379,-545.361328,0.244807,-1.115417,0.023343,0.201113,4.918289,928.85,1,928.85
0.572136,7.2070,-549.492188,0.675165,-1.108699,-0.097564,0.645237,4.959589,814.62,1,814.62
0.582084,2.7246,-553.974609,0.404620,-1.104674,0.017957,0.390255,4.939238,696.04,1,696.04
0.592167,358.4180,-558.281250,0.352546,-1.101120,-0.064643,0.330998,4.900931,573.53,1,573.53
0.602121,354.1113,-562.587891,0.316633,-1.097968,0.000000,0.301071,4.961983,447.53,1,447.53
0.612070,354.3750,-562.324219,0.796072,-1.090048,-0.106542,0.775721,4.984129,318.50,1,318.50
0.622020,354.3750,-562.324219,0.429161,-1.085778,-0.034117,0.430956,4.955399,186.98,1,186.98
0.632104,354.4629,-562.236328,0.472256,-1.081016,-0.068235,0.462081,4.931457,53.50,1,53.50
0.642053,354.3750,-562.324219,0.237625,-1.078652,-0.042497,0.234033,4.944026,81.34,-1,-81.34
0.652008,354.3750,-562.324219,0.297480,-1.075691,-0.019752,0.289100,4.904522,216.94,-1,-216.94
0.661956,354.3750,-562.324219,0.120309,-1.074494,-0.038307,0.113725,4.902727,339.10,-1,-339.10
0.672038,354.3750,-562.324219,0.179565,-1.072683,-0.017358,0.170587,4.906917,487.81,-1,-487.81
0.681987,357.3633,-559.335938,0.708684,-1.065632,-0.000599,0.701501,4.888960,608.39,-1,-608.39
0.691939,1.9336,-554.765625,0.750582,-1.058162,0.013767,0.761955,4.887763,740.54,-1,-740.54
0.701889,6.2402,-550.458984,0.451906,-1.053666,-0.004788,0.459687,4.941632,870.06,-1,-870.06
0.711900,11.0742,-545.625000,0.488417,-1.048777,-0.016759,0.499191,4.930859,996.21,-1,-996.21
0.721849,20.0391,-536.660156,0.805649,-1.040761,-0.096367,0.828394,4.997297,1118.23,-1,-1118.23
0.731934,28.8281,-527.871094,0.564433,-1.035068,-0.046088,0.600945,4.940435,1235.36,-1,-1235.36
0.741885,37.2656,-519.433594,0.298078,-1.032102,-0.041899,0.327407,4.907515,1346.84,-1,-1346.84
0.751835,45.7031,-510.996094,0.426766,-1.027856,-0.049081,0.461482,4.953005,1451.92,-1,-1451.92
0.761787,57.3926,-499.306641,0.602740,-1.021857,-0.031125,0.645237,4.951209,1549.85,-1,-1549.85
0.771738,68.8184,-487.880859,0.466869,-1.017211,-0.024541,0.527323,4.898537,1639.90,-1,-1639.90
0.781821,79.6289,-477.070312,0.169390,-1.015503,-0.047884,0.219069,4.957195,1721.38,-1,-1721.38
0.791772,90.7031,-465.996094,0.180164,-1.013711,-0.020949,0.230442,4.941034,1793.60,-1,-1793.60
0.801722,101.4258,-455.273437,0.102352,-1.012692,-0.001197,0.152032,4.940435,1855.93,-1,-1855.93
0.811811,113.5547,-443.144531,0.229843,-1.010374,0.007781,0.276530,4.920084,1907.76,-1,-1907.76
0.821762,126.6504,-430.048828,0.057461,-1.009802,0.008380,0.102951,5.009867,1948.54,-1,-1948.54
0.831713,142.4707,-414.228516,0.125097,-1.008557,0.011971,0.170587,4.880580,1977.78,-1,-1977.78
0.841663,160.9277,-395.771484,0.128090,-1.007282,-0.018555,0.169390,4.970961,1995.03,-1,-1995.03
0.851747,182.2852,-374.414062,0.130484,-1.005967,-0.004190,0.175375,4.887164,1999.92,-1,-1999.92
0.861705,203.2031,-353.496094,0.049081,-1.005478,-0.007781,0.095170,4.918289,1992.16,-1,-1992.16
0.871656,222.0996,-334.599609,-0.091578,-1.006389,-0.015562,-0.045490,4.908712,1971.52,-1,-1971.52
0.881607,238.3594,-318.339844,-0.124498,-1.007628,-0.008978,-0.082001,4.894347,1937.87,-1,-1937.87
0.891558,252.1582,-304.541016,-0.181959,-1.009439,-0.021548,-0.137068,4.930260,1891.16,-1,-1891.16
0.901641,264.5508,-292.148437,-0.055067,-1.009994,-0.020949,-0.011372,4.923077,1831.43,-1,-1831.43
0.911593,275.8887,-280.810547,-0.022146,-1.010214,0.007183,0.023343,4.869208,1758.84,-1,-1758.84
0.921551,286.6113,-270.087891,-0.013168,-1.010345,0.002993,0.032322,4.891354,1673.61,-1,-1673.61
0.931504,297.5098,-259.189453,0.140061,-1.008951,0.008978,0.187346,4.894945,1576.11,-1,-1576.11
0.941454,308.3203,-248.378906,0.018555,-1.008767,-0.006584,0.065242,4.897339,1466.79,-1,-1466.79
0.951539,318.5156,-238.183594,0.178368,-1.006968,0.016161,0.221464,4.836287,1346.19,-1,-1346.19
0.961488,326.1621,-230.537109,-0.512958,-1.012071,0.010175,-0.478242,4.885368,1215.00,-1,-1215.00
0.971443,334.5117,-222.187500,-0.254982,-1.014610,-0.011971,-0.229245,4.762666,1073.99,-1,-1073.99
0.981392,342.6855,-214.013672,-0.572214,-1.020303,-0.016161,-0.535703,4.908113,924.02,-1,-924.02
0.991475,346.9922,-209.707031,-0.587777,-1.026229,-0.015562,-0.561440,4.809951,766.09,-1,-766.09
1.001423,351.1230,-205.576172,-0.654216,-1.032738,-0.027533,-0.643442,4.938640,601.26,-1,-601.26
1.011335,354.9023,-201.796875,-0.388459,-1.036588,-0.004788,-0.377685,4.888361,430.69,-1,-430.69
1.021390,354.6387,-202.060547,-0.927753,-1.045916,0.046687,-0.929549,4.858434,255.65,-1,-255.65
1.031339,354.6387,-202.060547,-0.556652,-1.051454,-0.025139,-0.571017,4.876390,77.47,-1,-77.47
1.041286,354.5508,-202.148437,-0.565032,-1.057075,0.023942,-0.570419,4.888960,102.47,1,102.47
1.051368,354.6387,-202.060547,-0.281319,-1.059911,0.000599,-0.294487,4.827309,282.70,1,282.70
1.061316,354.4629,-202.236328,-0.328604,-1.063180,-0.028132,-0.337582,4.923676,461.70,1,461.70
1.071270,351.5625,-205.136719,-0.723647,-1.070384,-0.001197,-0.733823,4.811747,637.96,1,637.96
1.081219,346.9922,-209.707031,-0.924760,-1.079584,-0.053271,-0.945111,4.883573,809.88,1,809.88
1.091301,342.6855,-214.013672,-0.421380,-1.083832,-0.001197,-0.448913,4.826711,975.90,1,975.90
1.101251,334.9512,-221.748047,-1.285088,-1.096618,-0.062848,-1.308431,4.893748,1134.45,1,1134.45
1.111201,326.5137,-230.185547,-0.661997,-1.103205,-0.026935,-0.715268,4.944026,1283.98,1,1283.98
1.121151,318.6035,-238.095703,-0.536301,-1.108541,0.022745,-0.583587,4.890157,1422.98,1,1422.98
1.131240,307.6172,-249.082031,-1.295263,-1.121609,-0.061651,-1.346738,4.906917,1549.99,1,1549.99
1.141191,296.4551,-260.244141,-1.376067,-1.135301,-0.079009,-1.443704,4.916493,1663.62,1,1663.62
1.151140,285.7324,-270.966797,-0.699705,-1.142263,-0.014365,-0.772729,4.880580,1762.58,1,1762.58
1.161090,274.6582,-282.041016,-0.672771,-1.148957,-0.023343,-0.742203,4.893748,1845.66,1,1845.66
1.171173,263.2324,-293.466797,-0.177171,-1.150744,0.018555,-0.251391,4.867412,1911.81,1,1911.81
1.181127,250.8398,-305.859375,-0.172981,-1.152466,-0.001796,-0.238822,4.899734,1960.07,1,1960.07
1.191076,236.7773,-319.921875,-0.052074,-1.152984,-0.007781,-0.126294,4.872200,1989.67,1,1989.67
1.201028,220.2539,-336.445312,-0.202909,-1.155003,-0.016161,-0.265158,4.891953,1999.99,1,1999.99
1.210978,201.3574,-355.341797,0.015562,-1.154848,-0.043694,-0.057461,4.882974,1992.44,1,1992.44
1.221062,179.8242,-376.875000,-0.125097,-1.156110,-0.023343,-0.195127,4.902727,1961.25,1,1961.25
1.231017,159.1699,-397.529297,0.038307,-1.155728,-0.026935,-0.029329,4.904522,1911.90,1,1911.90
1.240968,140.8887,-415.810547,0.044293,-1.155288,-0.033519,-0.021548,4.926669,1850.53,1,1850.53
1.250919,125.5078,-431.191406,-0.012570,-1.155413,0.000000,-0.072425,4.879982,1763.83,1,1763.83
1.261004,112.4121,-444.287109,-0.061651,-1.156034,-0.050877,-0.128090,4.910508,1646.67,1,1646.67
1.270953,100.5469,-456.152344,-0.019154,-1.156225,0.007183,-0.082001,4.933851,1534.55,1,1534.55
1.280909,89.8242,-466.875000,0.002993,-1.156195,-0.024541,-0.064045,4.906917,1393.79,1,1393.79
1.290858,82.8809,-473.818359,0.410007,-1.152116,-0.064643,0.352546,4.958392,1237.23,1,1237.23
1.300942,75.6738,-481.025391,0.177171,-1.150330,-0.008978,0.138265,4.875193,1066.32,1,1066.32
1.310891,69.4336,-487.265625,0.186149,-1.148478,-0.040103,0.140659,4.866814,882.74,1,882.74
1.320836,66.0059,-490.693359,0.934936,-1.139179,-0.010175,0.914585,4.944026,688.32,1,688.32
1.330786,62.2266,-494.472656,0.644040,-1.132771,0.058658,0.630872,4.887164,485.12,1,485.12
1.340740,62.0508,-494.648437,1.142633,-1.121396,-0.019752,1.113304,5.000889,275.31,1,275.31
1.350824,62.0508,-494.648437,0.702100,-1.114316,0.068833,0.702698,4.929661,61.23,1,61.23
1.360773,62.0508,-494.648437,0.578200,-1.108564,-0.021548,0.569820,4.890756,154.68,-1,-154.68
1.370724,62.0508,-494.648437,0.478242,-1.103805,0.008380,0.476446,4.969764,369.91,-1,-369.91
1.380806,63.1934,-493.505859,0.392051,-1.099853,0.018555,0.384868,4.906318,581.85,-1,-581.85
1.390759,67.2363,-489.462891,0.869694,-1.091197,-0.026935,0.895431,4.917092,787.91,-1,-787.91
1.400707,70.9277,-485.771484,0.456095,-1.086660,0.050278,0.482432,4.930260,985.48,-1,-985.48
1.410657,77.9590,-478.740234,1.437120,-1.072362,0.102352,1.453879,4.859631,1171.98,-1,-1171.98
1.420741,85.2539,-471.445312,0.998981,-1.062287,0.199916,1.038485,4.898537,1344.93,-1,-1344.93
1.430688,93.1641,-463.535156,0.655413,-1.055768,0.036512,0.684143,4.842872,1501.94,-1,-1501.94
1.440638,104.8535,-451.845703,1.236605,-1.043464,0.054468,1.297657,4.923077,1640.78,-1,-1640.78
1.450593,116.8066,-439.892578,0.776918,-1.035730,0.079607,0.843956,4.888361,1759.39,-1,-1759.39
1.460678,131.3086,-425.390625,0.793678,-1.027726,0.022745,0.853533,4.856040,1855.93,-1,-1855.93
1.470629,147.6562,-409.042969,0.490213,-1.022848,0.067038,0.555455,4.923077,1928.81,-1,-1928.81
1.480579,166.9922,-389.707031,0.411803,-1.018750,-0.003591,0.472855,4.789002,1976.70,-1,-1976.70
1.490529,187.9980,-368.701172,0.131681,-1.017440,0.008978,0.200514,4.950611,1998.60,-1,-1998.60
1.500618,209.1797,-347.519531,0.156222,-1.015864,-0.014964,0.218471,4.859631,1993.83,-1,-1993.83
1.510591,227.3730,-329.326172,0.149039,-1.014377,0.011971,0.214281,4.887763,1962.07,-1,-1962.07
1.520500,242.9297,-313.769531,0.103549,-1.013351,-0.004190,0.165200,4.890157,1903.34,-1,-1903.34
1.530451,255.8496,-300.849609,-0.089783,-1.014245,0.002394,-0.022745,4.850653,1818.09,-1,-1818.09
1.540535,267.7148,-288.984375,-0.046687,-1.014716,-0.016759,0.010175,4.921880,1707.10,-1,-1707.10
1.550500,278.8770,-277.822266,-0.202909,-1.016737,-0.035913,-0.142455,4.901529,1571.59,-1,-1571.59
1.560451,289.5996,-267.099609,-0.094571,-1.017679,-0.007183,-0.043694,4.924274,1413.13,-1,-1413.13
1.570401,297.2461,-259.453125,-0.908600,-1.026719,-0.099359,-0.848745,4.979341,1233.67,-1,-1233.67
1.580351,304.6289,-252.070312,-0.844555,-1.035123,-0.087987,-0.808642,5.046379,1035.53,-1,-1035.53
1.590436,310.7812,-245.917969,-0.394445,-1.039100,0.004788,-0.357335,4.926669,821.35,-1,-821.35
1.600392,314.1211,-242.578125,-0.943914,-1.048497,0.002993,-0.916381,4.932654,594.06,-1,-594.06
1.610342,317.1973,-239.501953,-0.550666,-1.053976,-0.019154,-0.531513,4.797980,356.89,-1,-356.89
1.620291,316.9336,-239.765625,-1.309628,-1.067005,0.005986,-1.301847,4.990115,113.27,-1,-113.27
1.630241,316.9336,-239.765625,-0.751779,-1.074486,-0.052074,-0.766743,4.771045,133.19,1,133.19
1.640325,316.9336,-239.765625,-0.830788,-1.082862,-0.016161,-0.830189,4.970363,378.73,1,378.73
1.650275,315.9668,-240.732422,-0.478242,-1.087620,-0.035314,-0.493206,4.835689,619.55,1,619.55
1.660229,312.0996,-244.599609,-1.313818,-1.100698,-0.006584,-1.338957,4.936245,851.81,1,851.81
1.670177,307.2656,-249.433594,-0.738013,-1.108041,-0.047285,-0.783503,4.858434,1071.73,1,1071.73
1.680261,299.6191,-257.080078,-1.440711,-1.122569,0.028132,-1.486201,4.925471,1275.64,1,1275.64
1.690211,292.2363,-264.462891,-0.738611,-1.129917,-0.007183,-0.809839,4.878785,1460.06,1,1460.06
1.700160,281.6016,-275.097656,-1.313818,-1.142988,-0.079607,-1.362301,4.914099,1621.73,1,1621.73
1.710116,270.4395,-286.259766,-0.913987,-1.152088,-0.101155,-1.006163,5.014057,1757.72,1,1757.72
1.720201,258.4863,-298.212891,-0.486621,-1.156996,-0.055067,-0.559046,4.931457,1865.42,1,1865.42
1.730148,245.3027,-311.396484,-0.433351,-1.161306,-0.044891,-0.521936,5.001487,1942.69,1,1942.69
1.740098,230.5371,-326.162109,-0.159813,-1.162896,-0.051475,-0.232238,4.890157,1987.81,1,1987.81
1.750049,212.6074,-344.091797,-0.368707,-1.166565,-0.016759,-0.448913,4.964377,1999.61,1,1999.61
1.760138,192.3926,-364.306641,0.011971,-1.166444,-0.028730,-0.062848,4.865616,1977.45,1,1977.45
1.770088,171.2988,-385.400391,-0.237026,-1.168802,0.009577,-0.310648,4.940435,1921.26,1,1921.26
1.780039,151.5234,-405.175781,0.146046,-1.167349,-0.023343,0.077213,4.845266,1831.58,1,1831.58
1.789989,134.3848,-422.314453,-0.011372,-1.167462,0.026935,-0.079607,4.903325,1723.17,1,1723.17
1.800075,119.8828,-436.816406,0.132280,-1.166128,-0.005387,0.065242,4.818930,1556.91,1,1556.91
1.810029,107.5781,-449.121094,-0.004190,-1.166170,-0.000599,-0.065841,4.885368,1375.97,1,1375.97
1.819978,99.8438,-456.855469,0.387262,-1.162318,-0.034117,0.320224,4.915296,1191.33,1,1191.33
1.829930,92.6367,-464.062500,0.213683,-1.160191,-0.004190,0.173580,4.903924,965.04,1,965.04
1.839878,88.7695,-467.929687,0.882263,-1.151413,-0.026935,0.823007,4.965574,720.26,1,720.26
1.849962,85.3418,-471.357422,0.783503,-1.143512,0.008978,0.752976,4.978144,461.24,1,461.24
1.859911,85.3418,-471.357422,0.901417,-1.134544,-0.093972,0.857124,5.049970,192.61,1,192.61
1.869866,85.5176,-471.181641,0.837971,-1.126202,-0.050877,0.822408,5.027225,80.71,-1,-80.71
1.879813,85.3418,-471.357422,0.540491,-1.120826,-0.037709,0.511162,4.967370,353.64,-1,-353.64
1.889896,86.4844,-470.214844,0.585382,-1.114924,-0.046088,0.565630,4.985925,620.98,-1,-620.98
1.899845,90.3516,-466.347656,0.817021,-1.106796,-0.050278,0.823007,4.996699,877.54,-1,-877.54
1.909795,95.9766,-460.722656,0.638055,-1.100447,-0.003591,0.651223,4.950012,1118.22,-1,-1118.22
1.919751,103.7109,-452.988281,1.025317,-1.090238,0.027533,1.034894,5.006874,1338.15,-1,-1338.15
1.929836,113.2031,-443.496094,0.531513,-1.084878,0.004190,0.554258,4.998495,1532.75,-1,-1532.75
1.939786,126.8262,-429.873047,1.064821,-1.074283,0.028132,1.095347,4.946421,1697.86,-1,-1697.86
1.949737,142.7344,-413.964844,0.414197,-1.070162,0.055067,0.466869,4.929661,1829.84,-1,-1829.84
1.959687,161.1035,-395.595703,0.612916,-1.064064,-0.006584,0.641646,4.863821,1925.62,-1,-1925.62
1.969772,182.5488,-374.150391,0.331597,-1.060719,0.013767,0.375890,4.882974,1982.84,-1,-1982.84
1.979726,203.2031,-353.496094,0.442927,-1.056310,-0.031723,0.476446,4.905719,1999.86,-1,-1999.86
1.989677,222.1875,-334.511719,0.445920,-1.051873,-0.008978,0.482432,4.897938,1975.85,-1,-1975.85
1.999627,238.4473,-318.251953,0.296881,-1.048919,-0.020949,0.321422,4.963778,1910.83,-1,-1910.83
2.009619,252.3340,-304.365234,0.356736,-1.045355,0.008380,0.385466,4.864419,1805.68,-1,-1805.68
2.019663,264.4629,-292.236328,0.295684,-1.042385,0.025139,0.322619,4.961983,1662.14,-1,-1662.14
2.029628,275.7129,-280.986328,0.316633,-1.039230,-0.001197,0.349553,4.863821,1482.80,-1,-1482.80
2.039579,284.3262,-272.373047,-0.111330,-1.040337,0.005986,-0.079009,4.927866,1271.10,-1,-1271.10
2.049529,291.3574,-265.341797,-0.502184,-1.045334,-0.009577,-0.480037,4.813542,1031.22,-1,-1031.22
2.059614,296.6309,-260.068359,-0.611120,-1.051498,-0.016759,-0.588974,4.815338,768.05,-1,-768.05
2.069563,300.4102,-256.289062,-0.888249,-1.060335,-0.007781,-0.873884,4.849455,487.09,-1,-487.09
2.079518,300.9375,-255.761719,-1.300052,-1.073277,-0.040701,-1.293468,4.756680,194.34,-1,-194.34
2.089467,300.8496,-255.849609,-1.157596,-1.084793,-0.068235,-1.171363,5.002685,103.84,1,103.84
2.099549,301.1133,-255.585937,-0.517746,-1.090013,0.006584,-0.538097,4.862025,400.81,1,400.81
2.109500,299.6191,-257.080078,-0.602740,-1.096010,0.008978,-0.623091,4.972757,689.86,1,689.86
2.119449,295.5762,-261.123047,-1.024718,-1.106206,0.004190,-1.062427,4.854843,964.33,1,964.33
2.129409,289.0723,-267.626953,-1.672948,-1.122867,-0.053870,-1.712453,4.811747,1217.76,1,1217.76
2.139489,281.7773,-274.921875,-1.675941,-1.139760,-0.126294,-1.734599,4.950012,1444.07,1,1444.07
2.149439,271.2305,-285.468750,-1.689708,-1.156571,-0.077812,-1.747169,4.809353,1637.69,1,1637.69
2.159388,259.2773,-297.421875,-1.426346,-1.170763,-0.162806,-1.520917,5.090672,1793.72,1,1793.72
2.169340,246.5332,-310.166016,-0.791882,-1.178644,-0.016161,-0.885855,4.883573,1908.06,1,1908.06
2.179423,231.5039,-325.195312,-1.000178,-1.188729,-0.032322,-1.094749,4.959589,1977.53,1,1977.53
2.189383,214.2773,-342.421875,-0.517746,-1.193885,-0.049081,-0.612916,4.891953,1999.98,1,1999.98
2.199335,194.1504,-362.548828,-0.509965,-1.198960,-0.014964,-0.600346,4.916493,1974.34,1,1974.34
2.209284,172.6172,-384.082031,-0.035913,-1.199318,-0.022146,-0.127491,4.864419,1900.71,1,1900.71
2.219234,152.6660,-404.033203,-0.146046,-1.200771,-0.022146,-0.232836,4.909909,1780.38,1,1780.38
2.229318,135.5273,-421.171875,0.027533,-1.200493,-0.027533,-0.060454,4.843470,1615.81,1,1615.81
2.239271,121.2012,-435.498047,-0.056264,-1.201053,-0.031723,-0.140061,4.902128,1410.59,1,1410.59
2.249220,111.8848,-444.814453,0.863110,-1.192466,0.049680,0.776918,4.847061,1169.43,1,1169.43
2.259170,104.2383,-452.460937,0.712275,-1.185379,0.054468,0.656610,4.833295,898.01,1,898.01
2.269252,100.2832,-456.416016,0.887052,-1.176436,-0.056862,0.821211,4.964976,602.89,1,602.89
2.279203,98.6133,-458.085937,0.557250,-1.170891,-0.026336,0.521337,4.947019,291.37,1,291.37
2.289155,98.5254,-458.173828,0.891242,-1.162022,-0.069432,0.845153,5.070321,28.74,-1,-28.74
2.299106,98.6133,-458.085937,0.646434,-1.155588,-0.029329,0.621295,5.016451,349.22,-1,-349.22
2.309192,99.7559,-456.943359,0.412401,-1.151429,0.023343,0.377087,4.903924,661.72,-1,-661.72
2.319140,103.8867,-452.812500,1.113304,-1.140355,-0.026336,1.110311,4.933253,957.94,-1,-957.94
2.329089,110.5664,-446.132812,1.469441,-1.125735,0.088585,1.465850,5.008071,1229.89,-1,-1229.89
2.339039,119.3555,-437.343750,1.352724,-1.112276,0.001197,1.370680,4.859032,1470.07,-1,-1470.07
2.349858,134.8242,-421.875000,1.210269,-1.099180,0.090381,1.231218,4.989516,1671.70,-1,-1671.70
2.359009,150.9961,-405.703125,1.252167,-1.087722,0.043096,1.292270,4.787805,1828.95,-1,-1828.95
2.369096,170.8594,-385.839844,0.641646,-1.081250,0.011971,0.678756,4.938640,1937.09,-1,-1937.09
2.379047,192.3926,-364.306641,0.906205,-1.072232,0.026935,0.940921,4.848857,1992.64,-1,-1992.64
2.389002,212.2559,-344.443359,0.415394,-1.068097,0.032322,0.451906,4.958392,1993.54,-1,-1993.54
2.398970,230.3613,-326.337891,0.535104,-1.062763,-0.008978,0.563236,4.904522,1947.11,-1,-1947.11
2.408923,245.1270,-311.572266,0.272939,-1.060046,0.022146,0.305859,4.971560,1843.83,-1,-1843.83
2.419010,258.1348,-298.564453,0.301669,-1.057004,-0.003591,0.328006,4.877587,1670.20,-1,-1670.20
2.428963,269.6484,-287.050781,0.129287,-1.055717,0.032322,0.165798,4.899135,1484.87,-1,-1484.87
2.438912,278.5254,-278.173828,-0.216675,-1.057873,0.000000,-0.184354,4.819528,1238.36,-1,-1238.36
2.448867,285.4687,-271.230469,-0.734421,-1.065183,-0.044891,-0.708085,4.901529,955.58,-1,-955.58
2.458950,289.5996,-267.099609,-1.115099,-1.076428,-0.010774,-1.098340,4.751293,644.32,-1,-644.32
2.468900,291.4453,-265.253906,-0.957681,-1.085956,-0.084994,-0.952892,4.962582,313.33,-1,-313.33
2.478849,291.4453,-265.253906,-1.027112,-1.096176,0.055665,-1.037288,4.716578,27.90,1,27.90
2.488799,291.4453,-265.253906,-0.797868,-1.104114,-0.000599,-0.812233,4.829105,369.43,1,369.43
2.498752,289.5117,-267.187500,-0.695516,-1.111037,-0.043096,-0.709282,4.899734,701.13,1,701.13
2.508723,285.4687,-271.230469,-1.074398,-1.121749,0.032322,-1.094749,4.738724,1013.01,1,1013.01
2.518767,278.4375,-278.261719,-1.190517,-1.133706,-0.063446,-1.221641,4.804564,1295.54,1,1295.54
2.528715,270.0000,-286.699219,-1.089362,-1.144543,-0.058658,-1.136647,4.939837,1539.87,1,1539.87
2.538801,257.9590,-298.740234,-1.272518,-1.157379,0.016161,-1.335965,4.810550,1738.21,1,1738.21
2.548751,244.7754,-311.923828,-0.955885,-1.166890,-0.093374,-1.039682,5.010466,1884.05,1,1884.05
2.558706,229.6582,-327.041016,-0.576404,-1.172628,-0.026336,-0.648829,4.900332,1972.37,1,1972.37
2.568657,211.5527,-345.146484,-0.653019,-1.179127,-0.044293,-0.733224,4.908712,1999.90,1,1999.90
2.578743,191.3379,-365.361328,-0.253187,-1.181680,-0.068833,-0.330998,4.925471,1965.18,1,1965.18
2.588695,169.8047,-386.894531,-0.342969,-1.185093,0.018555,-0.421978,4.905121,1868.71,1,1868.71
2.598646,150.3809,-406.318359,-0.051475,-1.185605,-0.056862,-0.125696,4.928464,1712.95,1,1712.95
2.608610,133.5059,-423.193359,-0.189740,-1.187496,-0.025139,-0.260369,4.909909,1502.28,1,1502.28
2.618559,121.2891,-435.410156,0.141856,-1.186085,-0.002993,0.075417,4.900332,1242.93,1,1242.93
2.628509,113.1152,-443.583984,0.532111,-1.180790,-0.010175,0.475249,5.013458,942.79,1,942.79
2.638591,108.4570,-448.242187,1.198298,-1.168710,0.098162,1.148020,4.941034,611.19,1,611.19
2.648541,106.1719,-450.527344,1.107917,-1.157686,0.097564,1.076194,4.881179,258.65,1,258.65
2.658496,106.2598,-450.439453,1.161188,-1.146128,0.005986,1.145625,5.009867,103.45,-1,-103.45
2.668579,106.2598,-450.439453,0.901417,-1.137039,0.065841,0.894833,4.924873,463.26,-1,-463.26
2.678529,109.1602,-447.539062,1.535282,-1.121763,0.073023,1.520917,4.924274,808.81,-1,-808.81
2.688480,114.8730,-441.826172,1.425747,-1.107575,0.073622,1.441908,4.873397,1128.40,-1,-1128.40
2.698431,124.0137,-432.685547,1.380257,-1.093842,-0.000599,1.413178,4.948815,1411.05,-1,-1411.05
2.708519,137.9883,-418.710937,1.958457,-1.074085,0.111929,2.001553,4.922479,1646.86,-1,-1646.86
2.718472,156.0059,-400.693359,1.732803,-1.056836,0.103549,1.790863,4.890157,1827.37,-1,-1827.37
2.728423,176.5723,-380.126953,1.058836,-1.046301,0.005387,1.115698,4.945224,1945.89,-1,-1945.89
2.738373,198.0176,-358.681641,0.765546,-1.038684,0.059256,0.824802,4.876390,1997.78,-1,-1997.78
2.748324,217.6172,-339.082031,0.595558,-1.032757,0.025738,0.656610,4.830302,1980.61,-1,-1980.61
2.758409,234.5801,-322.119141,0.426168,-1.028459,0.013767,0.489614,4.898537,1894.37,-1,-1894.37
2.768367,248.8184,-307.880859,0.269946,-1.025771,0.038307,0.330998,4.843470,1741.45,-1,-1741.45
2.778319,261.2109,-295.488281,0.219668,-1.023585,-0.005387,0.280122,4.926669,1526.66,-1,-1526.66
2.788271,271.0547,-285.644531,0.093972,-1.022650,0.014365,0.144849,4.893150,1257.07,-1,-1257.07
2.798222,278.3496,-278.349609,-0.528520,-1.027909,0.001796,-0.484227,4.913500,941.80,-1,-941.80
2.808306,282.3926,-274.306641,-1.196502,-1.039974,-0.090980,-1.163582,4.817732,591.78,-1,-591.78
2.818260,284.1504,-272.548828,-1.168969,-1.051609,-0.098162,-1.145027,5.018247,219.36,-1,-219.36
2.828210,284.1504,-272.548828,-1.161188,-1.063164,-0.024541,-1.156399,4.747103,162.12,1,162.12
2.838292,284.2383,-272.460937,-0.914585,-1.072385,-0.021548,-0.910994,4.888361,538.80,1,538.80
2.848241,281.0742,-275.625000,-1.510741,-1.087415,-0.121506,-1.508347,4.909311,896.77,1,896.77
2.858191,275.1855,-281.513672,-1.319804,-1.100547,-0.055067,-1.337162,4.930859,1222.60,1,1222.60
2.868146,267.4512,-289.248047,-1.236605,-1.112858,-0.026336,-1.269525,4.886566,1503.90,1,1503.90
2.878096,255.4980,-301.201172,-1.317410,-1.125966,-0.004788,-1.353323,4.823718,1729.75,1,1729.75
2.888179,241.7871,-314.912109,-1.076792,-1.136823,-0.082600,-1.133056,4.972158,1891.14,1,1891.14
2.898128,226.3184,-330.380859,-0.574608,-1.142540,0.031125,-0.620098,4.848857,1981.41,1,1981.41
2.908079,207.7734,-348.925781,-0.439336,-1.146912,-0.031723,-0.493804,4.917690,1996.50,1,1996.50
2.918028,187.1191,-369.580078,-0.328604,-1.150181,-0.035913,-0.377685,4.902128,1935.19,1,1935.19
2.928117,165.5859,-391.113281,-0.308852,-1.153297,-0.038906,-0.363320,4.885967,1799.16,1,1799.16
2.938068,146.8652,-409.833984,-0.021548,-1.153512,-0.030526,-0.072425,4.882376,1593.07,1,1593.07
2.948016,130.8691,-425.830078,-0.094571,-1.154453,0.007781,-0.147243,4.858434,1324.32,1,1324.32
2.957965,121.5527,-435.146484,0.532111,-1.149159,-0.055067,0.496198,4.875193,1037.11,1,1037.11
2.968047,115.8398,-440.859375,0.571017,-1.143403,0.010774,0.552462,4.869208,641.13,1,641.13
2.978974,113.4668,-443.232422,1.207875,-1.130204,-0.013168,1.195305,4.859631,252.90,1,252.90
2.987985,113.5547,-443.144531,1.040281,-1.120831,-0.019154,1.045668,5.055955,106.50,-1,-106.50
2.997933,113.5547,-443.144531,0.872687,-1.112149,0.035913,0.879271,4.890756,502.33,-1,-502.33
3.044209,166.9922,-389.707031,1.361702,-1.049135,-0.058658,1.423353,4.954801,1867.20,-1,-1867.20
3.057776,195.9082,-360.791016,0.677559,-1.038739,-0.045490,0.740407,4.924274,1989.73,-1,-1989.73
3.067874,216.0352,-340.664062,0.720056,-1.031468,0.022745,0.787692,4.856638,1989.36,-1,-1989.36
3.077824,233.2617,-323.437500,0.336385,-1.028121,-0.008380,0.407613,4.893150,1905.69,-1,-1905.69
3.087776,247.7637,-308.935547,0.313042,-1.025006,0.008380,0.374094,4.873397,1741.54,-1,-1741.54
3.097727,260.2441,-296.455078,0.189740,-1.023118,0.013767,0.254982,4.923676,1503.23,-1,-1503.23
3.107676,269.5605,-287.138672,-0.214281,-1.025250,-0.007781,-0.159214,4.891953,1200.29,-1,-1200.29
3.117765,276.3281,-280.371094,-0.788889,-1.033208,-0.013767,-0.736816,4.860828,845.14,-1,-845.14
3.127718,279.6680,-277.031250,-0.934337,-1.042508,0.039504,-0.906804,4.765658,452.69,-1,-452.69
3.137669,280.0195,-276.679687,-1.416170,-1.056600,-0.114922,-1.393425,4.882376,39.59,-1,-39.59
3.147616,279.8437,-276.855469,-0.958878,-1.066139,-0.026336,-0.958279,4.881777,376.34,1,376.34
3.157700,277.5586,-279.140625,-0.971447,-1.075934,-0.000599,-0.968455,4.854843,776.90,1,776.90
3.167648,272.8125,-283.886719,-1.167772,-1.087552,-0.049081,-1.172560,4.838083,1144.38,1,1144.38
3.177602,264.9023,-291.796875,-1.370082,-1.101190,0.038307,-1.402404,4.760272,1462.24,1,1462.24
3.187686,252.4219,-304.277344,-1.659780,-1.117927,-0.052074,-1.695693,4.838083,1715.95,1,1715.95
3.197635,238.6230,-318.076172,-1.305439,-1.130915,-0.040701,-1.355717,4.877587,1893.66,1,1893.66
3.207589,222.4512,-334.248047,-0.827795,-1.139155,0.010175,-0.881066,4.908712,1986.77,1,1986.77
3.217539,203.3789,-353.320312,-0.687734,-1.145998,-0.003591,-0.743998,4.896142,1990.41,1,1990.41
3.227500,182.5488,-374.150391,-0.509965,-1.151077,0.008380,-0.559645,4.881777,1903.70,1,1903.70
3.237452,161.5430,-395.156250,-0.183156,-1.152900,0.033519,-0.234632,4.860828,1729.87,1,1729.87
3.247538,142.9980,-413.701172,-0.222661,-1.155146,-0.014964,-0.267552,4.835090,1476.24,1,1476.24
3.257488,130.7812,-425.917969,0.454300,-1.150626,-0.005387,0.410007,4.853645,1153.86,1,1153.86
3.267436,122.6074,-434.091797,0.742801,-1.143237,-0.013168,0.717662,4.892551,777.16,1,777.16
3.277399,118.2129,-438.486328,1.098340,-1.132293,-0.060454,1.095347,4.979939,363.27,1,363.27
3.287480,118.5645,-438.134766,1.343147,-1.118754,-0.024541,1.357512,4.885967,68.71,-1,-68.71
3.297430,118.5645,-438.134766,0.947505,-1.109327,-0.010175,0.972046,4.876390,498.56,-1,-498.56
3.307378,122.4316,-434.267578,1.813009,-1.091293,0.041300,1.831564,4.917690,905.91,-1,-905.91
3.317327,130.6055,-426.093750,2.015319,-1.071241,0.086790,2.061408,4.917092,1271.20,-1,-1271.20
3.327413,143.2617,-413.437500,1.664569,-1.054452,0.023343,1.719037,4.948815,1576.62,-1,-1576.62
3.337368,162.2461,-394.453125,1.760935,-1.036924,-0.014365,1.847725,5.026028,1807.02,-1,-1807.02
3.347318,183.4277,-373.271484,1.273117,-1.024257,0.084994,1.362899,4.890157,1950.70,-1,-1950.70
3.357271,204.5215,-352.177734,0.963068,-1.014672,0.019752,1.049259,4.883573,2000.00,-1,-2000.00
3.367355,223.5937,-333.105469,0.572214,-1.008901,0.035314,0.667384,4.866814,1951.80,-1,-1951.80
3.377306,239.4141,-317.285156,0.260968,-1.006305,-0.021548,0.350152,4.848258,1807.71,-1,-1807.71
3.387263,253.0371,-303.662109,0.093972,-1.005369,0.002394,0.181959,4.897339,1574.14,-1,-1574.14
3.397212,264.0234,-292.675781,0.150236,-1.003874,0.008380,0.233435,4.892551,1261.95,-1,-1261.95
3.407298,271.3184,-285.380859,-0.437540,-1.008287,0.039504,-0.372298,4.909311,886.13,-1,-886.13
3.417248,274.8340,-281.865234,-0.814029,-1.016386,-0.011971,-0.768539,4.893748,465.01,-1,-465.01
3.427198,275.5371,-281.162109,-1.465850,-1.030972,-0.124498,-1.431733,4.998495,19.46,-1,-19.46
3.437154,275.4492,-281.250000,-1.244386,-1.043360,-0.048483,-1.228225,4.956596,428.18,1,428.18
3.447237,273.1641,-283.535156,-0.928950,-1.052726,-0.018555,-0.917578,4.866814,855.17,1,855.17
3.457186,267.3633,-289.335937,-1.379060,-1.066446,-0.025139,-1.370680,4.884770,1239.52,1,1239.52
3.467135,258.4863,-298.212891,-1.365892,-1.080037,-0.006584,-1.377863,4.723161,1561.20,1,1561.20
3.477087,245.3906,-311.308594,-1.593940,-1.095898,0.040103,-1.619677,4.789002,1803.14,1,1803.14
3.487037,230.4492,-326.250000,-1.139041,-1.107232,-0.017957,-1.180341,4.790199,1952.19,1,1952.19
3.497128,212.3437,-344.355469,-0.892439,-1.116236,0.004788,-0.928352,4.938041,1999.90,1,1999.90
3.507077,192.2168,-364.482422,-0.590171,-1.122108,-0.007183,-0.639252,4.899734,1943.04,1,1943.04
3.517027,170.7715,-385.927734,-0.475249,-1.126837,-0.004788,-0.517148,4.942830,1783.81,1,1783.81
3.526976,151.1719,-405.527344,-0.159813,-1.128427,0.007781,-0.201711,4.947019,1559.22,1,1559.22
3.537060,136.1426,-420.556641,-0.062848,-1.129061,0.003591,-0.102352,4.932055,1194.11,1,1194.11
3.546941,127.0898,-429.609375,0.514155,-1.123981,-0.002993,0.491410,5.023633,836.11,1,836.11
3.556983,122.8711,-433.828125,0.717063,-1.116779,-0.041300,0.722450,4.979939,395.55,1,395.55
3.566934,123.0469,-433.652344,1.015141,-1.106679,-0.046687,1.027112,4.957195,67.39,-1,-67.39
3.576885,123.1348,-433.564453,0.698508,-1.099727,-0.007781,0.726042,4.910508,527.78,-1,-527.78
3.586969,127.0898,-429.609375,1.561020,-1.083986,0.047884,1.578377,4.930260,960.55,-1,-960.55
3.596936,136.9336,-419.765625,2.284068,-1.061220,0.178967,2.333150,4.843470,1341.84,-1,-1341.84
3.606889,152.2266,-404.472656,1.984195,-1.041474,0.088585,2.039860,4.847660,1650.33,-1,-1650.33
3.616841,172.3535,-384.345703,1.804630,-1.023514,0.017358,1.892616,4.973355,1868.47,-1,-1868.47
3.626791,193.9746,-362.724609,1.227028,-1.011304,0.029928,1.305439,4.921880,1983.51,-1,-1983.51
3.636876,214.0137,-342.685547,1.184531,-0.999359,0.033519,1.271920,4.820127,1988.30,-1,-1988.30
3.646832,231.4160,-325.283203,0.726640,-0.992124,0.027533,0.809240,4.941034,1881.78,-1,-1881.78
3.656785,246.1816,-310.517578,0.591966,-0.986232,-0.018555,0.667384,4.860828,1669.16,-1,-1669.16
3.666739,258.9258,-297.773437,0.137068,-0.984868,0.010774,0.212485,4.873996,1361.71,-1,-1361.71
3.676824,266.8359,-289.863281,-0.289698,-0.987789,-0.013168,-0.219069,4.748899,976.22,-1,-976.22
3.686774,271.3184,-285.380859,-1.342549,-1.001148,-0.059256,-1.282694,4.938041,534.14,-1,-534.14
3.696724,271.7578,-284.941406,-1.816601,-1.019221,-0.097564,-1.778293,4.869208,60.42,-1,-60.42
3.706676,271.7578,-284.941406,-1.496376,-1.034114,-0.071227,-1.479018,4.975151,417.87,1,417.87
3.716758,268.8574,-287.841797,-1.735796,-1.051615,-0.031125,-1.719037,4.845266,873.09,1,873.09
3.726707,262.5293,-294.169922,-2.066795,-1.072177,-0.084994,-2.067393,4.923676,1278.61,1,1278.61
3.736656,252.7734,-303.925781,-1.710059,-1.089191,-0.005387,-1.725621,4.750695,1610.37,1,1610.37
3.746606,238.7988,-317.900391,-1.766322,-1.106766,0.032322,-1.802834,4.789002,1848.41,1,1848.41
3.756560,222.7148,-333.984375,-1.207875,-1.118789,-0.086191,-1.261146,4.823718,1978.04,1,1978.04
3.766644,203.2031,-353.496094,-0.961272,-1.128481,0.015562,-1.009156,4.919486,1990.83,1,1990.83
3.776595,182.5488,-374.150391,-0.661997,-1.135070,-0.064643,-0.715268,4.871003,1885.22,1,1885.22
3.786545,161.5430,-395.156250,-0.511162,-1.140155,-0.015562,-0.559046,4.954202,1666.69,1,1666.69
3.796630,143.0859,-413.613281,-0.150835,-1.141676,0.004190,-0.195726,4.897339,1347.59,1,1347.59
3.806584,132.6270,-424.072266,0.297480,-1.138715,-0.057461,0.257377,4.985925,946.50,1,946.50
3.816534,127.2656,-429.433594,1.110910,-1.127662,0.080804,1.087566,4.912902,487.17,1,487.17
3.826485,126.8262,-429.873047,1.544260,-1.112295,0.105943,1.532289,4.891354,2.87,-1,-2.87
3.836436,126.8262,-429.873047,1.183933,-1.100515,0.038906,1.189320,4.941632,493.80,-1,-493.80
3.846519,131.4844,-425.214844,1.875258,-1.081606,0.111929,1.879448,4.875792,955.53,-1,-955.53
3.856471,141.3281,-415.371094,2.203264,-1.059679,0.172981,2.238579,4.837484,1359.30,-1,-1359.30
3.866429,157.6758,-399.023437,2.179921,-1.037974,0.108936,2.219425,4.896142,1679.73,-1,-1679.73
3.876380,178.5059,-378.193359,1.850718,-1.019557,0.068235,1.917756,4.948815,1896.29,-1,-1896.29
3.886465,199.9512,-356.748047,1.198298,-1.007473,0.065841,1.256956,4.916493,1994.74,-1,-1994.74
3.896418,219.5508,-337.148437,1.009156,-0.997428,0.046088,1.077989,4.847660,1968.08,-1,-1968.08
3.906371,235.9863,-320.712891,0.540491,-0.992049,0.047285,0.606930,4.916493,1817.18,-1,-1817.18
3.916428,250.3125,-306.386719,0.577003,-0.986246,0.013168,0.643442,4.867412,1550.76,-1,-1550.76
3.926379,260.8594,-295.839844,0.214880,-0.984108,0.028730,0.284311,4.914698,1185.03,-1,-1185.03
3.936333,267.6270,-289.072266,-0.299874,-0.987093,0.018555,-0.250194,4.829703,742.70,-1,-742.70
3.946283,270.7031,-285.996094,-0.773327,-0.994789,-0.003591,-0.746991,4.792593,251.70,-1,-251.70
3.956368,270.5273,-286.171875,-1.092355,-1.005805,0.007183,-1.083376,4.857237,256.59,1,256.59
3.966322,269.3848,-287.314453,-0.855329,-1.014319,-0.031125,-0.856526,4.862624,749.36,1,749.36
3.976272,264.1113,-292.587891,-1.410185,-1.028350,0.009577,-1.424550,4.879383,1194.43,1,1194.43
3.986220,255.4980,-301.201172,-1.577180,-1.044040,-0.029928,-1.623867,4.840477,1562.37,1,1562.37
3.996304,241.3477,-315.351562,-1.625064,-1.060426,-0.041899,-1.677138,4.983531,1828.51,1,1828.51
4.006253,225.5273,-331.171875,-0.973842,-1.070115,-0.023942,-1.050456,5.013458,1974.62,1,1974.62
4.016207,206.9824,-349.716797,-0.642245,-1.076507,-0.023343,-0.707487,4.993108,1990.25,1,1990.25
4.026156,186.0645,-370.634766,-0.500987,-1.081492,0.001197,-0.568024,4.985326,1873.51,1,1873.51
4.036104,165.0586,-391.640625,-0.328604,-1.084761,-0.031723,-0.391452,4.935647,1631.31,1,1631.31
4.046171,146.6016,-410.097656,-0.230442,-1.087081,-0.013168,-0.293290,5.001487,1279.14,1,1279.14
4.056081,135.7910,-420.908203,0.390853,-1.083207,-0.093972,0.341772,4.974553,839.99,1,839.99
4.066030,131.0449,-425.654297,0.572813,-1.077508,0.014964,0.541090,4.968567,343.07,1,343.07
4.076130,130.8691,-425.830078,1.149815,-1.065896,-0.014964,1.126472,4.920683,178.26,-1,-178.26
4.086080,130.9570,-425.742187,0.881665,-1.057123,-0.001796,0.875679,4.953603,688.48,-1,-688.48
4.096032,137.5488,-419.150391,1.054047,-1.046634,-0.156820,1.042675,5.047576,1152.59,-1,-1152.59
4.105983,149.8535,-406.845703,1.370082,-1.033000,-0.066439,1.404798,4.950012,1504.08,-1,-1504.08
4.116068,170.4199,-386.279297,1.568801,-1.017179,-0.152032,1.611298,5.029021,1818.44,-1,-1818.44
4.126025,192.2168,-364.482422,1.070208,-1.006522,-0.088585,1.129465,4.938041,1972.85,-1,-1972.85
4.135976,212.1680,-344.531250,0.828992,-0.998273,-0.079009,0.876876,4.974553,1994.59,-1,-1994.59
4.145926,230.0098,-326.689453,0.639850,-0.991906,-0.059256,0.694917,4.955997,1886.13,-1,-1886.13
4.155877,245.0391,-311.660156,0.397437,-0.987951,-0.003591,0.442927,4.939837,1644.81,-1,-1644.81
4.165962,257.5195,-299.179687,0.180762,-0.986128,-0.034117,0.226851,4.875193,1286.86,-1,-1286.86
4.175920,264.8145,-291.884766,-0.410606,-0.990217,0.073023,-0.378284,4.870405,836.91,-1,-836.91
4.185869,267.4512,-289.248047,-0.600945,-0.996196,0.014964,-0.594361,4.875193,326.45,-1,-326.45
4.195818,267.3633,-289.335937,-1.151611,-1.007653,0.065841,-1.171962,4.894945,208.42,1,208.42
4.205902,266.1328,-290.566406,-0.874482,-1.016472,0.006584,-0.903213,4.825513,729.40,1,729.40
4.215851,260.2441,-296.455078,-1.700482,-1.033390,0.009577,-1.739986,4.881777,1198.89,1,1198.89
4.225800,250.5762,-306.123047,-1.563414,-1.048944,-0.027533,-1.637634,4.747702,1582.50,1,1582.50
4.235756,236.2500,-320.449219,-1.820790,-1.067070,-0.134674,-1.909376,4.974553,1851.85,1,1851.85
4.245839,219.0234,-337.675781,-1.154604,-1.078713,-0.129287,-1.257554,4.908113,1986.53,1,1986.53
4.255789,199.5996,-357.099609,-0.675165,-1.085430,-0.107141,-0.774524,5.018247,1975.83,1,1975.83
4.265738,178.5059,-378.193359,-0.624887,-1.091648,-0.076016,-0.728436,4.959589,1819.66,1,1819.66
4.275687,158.1152,-398.583984,-0.362123,-1.095251,-0.053271,-0.457891,4.989516,1528.65,1,1528.65
4.285776,143.2617,-413.437500,0.127491,-1.093965,-0.021548,0.028730,5.034408,1123.60,1,1123.60
4.295727,135.0879,-421.611328,0.610521,-1.087889,0.016759,0.533308,4.960187,633.96,1,633.96
4.305675,132.8027,-423.896484,0.884658,-1.079089,-0.040701,0.814029,5.118803,95.92,1,95.92
4.315624,132.8906,-423.808594,1.186926,-1.067280,0.036512,1.137844,5.014656,450.44,-1,-450.44
4.325707,136.8457,-419.853516,1.735796,-1.049778,0.095768,1.686117,4.988918,963.89,-1,-963.89
4.335665,147.8320,-408.867187,2.506131,-1.024825,0.150236,2.488773,4.892551,1405.35,-1,-1405.35
4.345618,165.0586,-391.640625,2.473210,-1.000209,0.162806,2.472612,4.873397,1740.77,-1,-1740.77
4.355569,186.9434,-369.755859,2.093131,-0.979382,0.071826,2.120664,4.888361,1943.90,-1,-1943.90
4.365520,207.4219,-349.277344,1.221641,-0.967226,0.052672,1.247978,4.900931,1998.35,-1,-1998.35
4.375605,226.4941,-330.205078,1.032499,-0.956814,0.011372,1.062427,4.802170,1899.04,-1,-1899.04
4.385554,241.6992,-315.000000,0.520739,-0.951633,0.010774,0.559645,4.835090,1652.69,-1,-1652.69
4.395509,254.6191,-302.080078,0.301669,-0.948630,-0.007183,0.330998,4.796783,1277.61,-1,-1277.61
4.405460,262.0020,-294.697266,-0.415993,-0.952770,0.053271,-0.393248,4.845864,802.18,-1,-802.18
4.415409,264.4629,-292.236328,-0.675165,-0.959487,0.050877,-0.690129,4.823119,263.06,-1,-263.06
4.425492,264.3750,-292.324219,-1.164181,-0.971225,0.040103,-1.202488,4.932055,297.80,1,297.80
4.435439,262.2656,-294.433594,-0.962469,-0.980798,-0.026336,-1.008557,4.814141,836.23,1,836.23
4.445392,255.4980,-301.201172,-1.808819,-0.998803,-0.064643,-1.859098,4.816535,1309.53,1,1309.53
4.455475,244.2480,-312.451172,-1.657386,-1.015514,-0.065242,-1.731606,4.660912,1679.61,1,1679.61
4.465425,228.6035,-328.095703,-1.734001,-1.032766,-0.037709,-1.805827,4.601057,1916.35,1,1916.35
4.475375,210.6738,-346.025391,-1.253963,-1.045243,-0.055067,-1.338359,4.628591,1999.96,1,1999.96
4.485325,190.1074,-366.591797,-0.935534,-1.054552,-0.071227,-1.022324,4.860828,1922.83,1,1922.83
4.495413,168.7500,-387.949219,-0.506972,-1.059666,-0.039504,-0.607529,4.897339,1690.24,1,1690.24
4.505364,149.5020,-407.197266,-0.370503,-1.063352,-0.016161,-0.462679,4.911106,1320.11,1,1320.11
4.515313,138.2520,-418.447266,0.210690,-1.061256,-0.053870,0.115520,5.061941,841.82,1,841.82
4.525261,133.5059,-423.193359,0.522535,-1.056058,0.019154,0.456694,4.919486,293.80,1,293.80
4.535210,133.7695,-422.929687,0.888847,-1.047215,-0.107739,0.833781,4.950611,279.37,-1,-279.37
4.545206,135.7031,-420.996094,0.582988,-1.041388,-0.085593,0.548871,4.979341,830.63,-1,-830.63
4.555247,144.8437,-411.855469,1.357512,-1.027757,-0.050877,1.332373,4.969166,1314.26,-1,-1314.26
4.565200,161.1914,-395.507812,1.375469,-1.014066,0.008380,1.376666,5.077503,1689.71,-1,-1689.71
4.575152,182.2852,-374.414062,1.716643,-0.996983,0.008978,1.722030,5.013458,1925.03,-1,-1925.03
4.585237,203.6426,-353.056641,1.063624,-0.986256,0.021548,1.079186,5.028422,1999.75,-1,-1999.75
4.595187,222.7148,-333.984375,0.862511,-0.977674,-0.021548,0.867300,4.934450,1906.65,-1,-1906.65
4.605149,238.6230,-318.076172,0.408211,-0.973607,-0.027533,0.420182,4.891354,1652.64,-1,-1652.64
4.615101,251.8945,-304.804687,0.396240,-0.969665,-0.019154,0.392649,4.900931,1258.24,-1,-1258.24
4.625053,259.2773,-297.421875,-0.328604,-0.972935,0.013767,-0.331597,4.858434,756.24,-1,-756.24
4.635136,262.0898,-294.609375,-0.915184,-0.982163,0.025738,-0.960673,4.890157,188.76,-1,-188.76
4.645087,262.0020,-294.697266,-1.328183,-0.995379,-0.014964,-1.394622,4.973355,395.90,1,395.90
4.655040,259.5410,-297.158203,-1.180940,-1.007134,-0.022745,-1.259350,4.911705,947.68,1,947.68
4.664990,251.9824,-304.716797,-2.188300,-1.028908,-0.038307,-2.259528,4.756082,1376.47,1,1376.47
4.675074,238.9746,-317.724609,-2.612673,-1.055254,-0.135272,-2.718018,4.819528,1767.75,1,1767.75
4.685024,222.7148,-333.984375,-2.190096,-1.077045,-0.104746,-2.308010,4.826711,1963.76,1,1963.76
4.694973,204.1699,-352.529297,-1.455076,-1.091520,-0.049680,-1.584962,4.878785,1994.18,1,1994.18
4.704930,183.1641,-373.535156,-1.046865,-1.101944,-0.021548,-1.171363,4.914698,1862.17,1,1862.17
4.715012,161.8945,-394.804687,-0.408810,-1.106066,0.030526,-0.536301,4.878785,1528.49,1,1528.49
4.724962,146.6016,-410.097656,-0.162806,-1.107686,0.025738,-0.287903,4.948216,1131.60,1,1131.60
4.734910,138.3398,-418.359375,0.529717,-1.102416,0.024541,0.413000,4.988319,595.92,1,595.92
4.744992,137.1094,-419.589844,1.734001,-1.084935,0.126893,1.638831,4.990115,6.34,1,6.34
4.754945,137.0215,-419.677734,1.517924,-1.069826,0.158017,1.447894,4.931457,584.92,-1,-584.92
4.764900,144.0527,-412.646484,1.325789,-1.056627,-0.044891,1.255759,5.030218,1124.85,-1,-1124.85
4.774850,158.0273,-398.671875,1.651401,-1.040198,-0.032322,1.629254,4.961384,1564.69,-1,-1564.69
4.784803,179.1211,-377.578125,1.723825,-1.023042,-0.070030,1.723825,4.966772,1864.14,-1,-1864.14
4.794887,200.9180,-355.781250,1.346140,-1.009468,-0.033519,1.359308,4.959589,1995.31,-1,-1995.31
4.804838,219.9902,-336.708984,1.016937,-0.999349,-0.008380,1.013944,4.999691,1945.35,-1,-1945.35
4.814796,236.7773,-319.921875,0.782904,-0.991552,0.005387,0.784700,4.978144,1717.81,-1,-1717.81
4.824747,250.4004,-306.298828,0.549469,-0.986085,0.040103,0.545279,4.976947,1332.56,-1,-1332.56
4.834700,258.3105,-298.388672,-0.146046,-0.987538,0.026935,-0.146046,4.886566,824.11,-1,-824.11
4.844785,261.2109,-295.488281,-0.485424,-0.992434,0.080804,-0.515950,4.930859,238.76,-1,-238.76
4.854735,261.2109,-295.488281,-0.956484,-1.001951,0.065841,-1.017536,4.931457,369.78,1,369.78
4.864690,258.8379,-297.861328,-0.763750,-1.009553,0.018555,-0.836175,4.930260,945.03,1,945.03
4.874639,250.9277,-305.771484,-2.161366,-1.031059,-0.055665,-2.231396,4.787206,1433.18,1,1433.18
4.884721,237.2168,-319.482422,-2.569577,-1.056965,-0.184952,-2.671929,4.863821,1788.02,1,1788.02
4.894671,220.3418,-336.357422,-1.873463,-1.075606,-0.086191,-1.982998,4.808156,1975.50,1,1975.50
4.904619,201.1816,-355.517578,-1.390433,-1.089438,-0.052074,-1.510143,4.844667,1977.02,1,1977.02
4.914575,180.2637,-376.435547,-0.966060,-1.099056,-0.058658,-1.086968,4.921282,1791.43,1,1791.43
4.924524,160.0488,-396.650391,-0.517746,-1.104207,-0.001197,-0.648829,4.926070,1435.33,1,1435.33
4.934609,145.9863,-410.712891,0.665588,-1.097496,0.061052,0.550666,4.901529,941.81,1,941.81
4.944557,140.0977,-416.601562,1.381454,-1.083751,0.156222,1.286285,4.889558,357.26,1,357.26
4.954506,140.4492,-416.250000,1.440711,-1.069418,0.021548,1.376666,4.882974,262.58,-1,-262.58
4.964588,143.2617,-413.437500,1.016339,-1.059172,-0.020351,0.968455,4.930859,858.24,-1,-858.24
4.974542,153.8965,-402.802734,2.168548,-1.037586,-0.029329,2.133832,4.993706,1371.91,-1,-1371.91
4.984492,172.2656,-384.433594,2.378639,-1.013917,0.040701,2.364274,5.113416,1753.35,-1,-1753.35
4.994443,193.8867,-362.812500,2.256535,-0.991462,0.044293,2.253542,5.037400,1964.62,-1,-1964.62
5.004529,208.3008,-348.398437,1.370082,-0.977645,0.000599,1.379060,5.085883,1999.02,-1,-1999.02
